id	entry	ipa	pos	definition	example_sent	scientific_name	wiki_link	pic_link	comment	audio	created_at	marked
1	aerega	aeɾega	LEX	cérebro, tutano, medula óssea							13/04/2026	true
2	aia 2	aia	LEX	círculo, centro da cabeça, circunferência; redondo							13/04/2026	true
3	aiarewu	aiaˈɾew	LEX	redondo							13/04/2026	true
4	aidu	aidːɯ	LEX	vontade, intenção, querer, desejo, amor, afeto, desejar, gostar, estimar, amar							13/04/2026	true
5	aimo	aimːo	LEX	banhar-se	emode taimo = ele vão vbanhar-se						13/04/2026	true
6	aiwo	aiwo	LEX	olhada, visão, observação; olhar, ver, observar	akaiwo pemegado iquera ji ardiwawo						13/04/2026	true
7	aka1	ˈaka	LEX	novo, coisa nova ou gente nova							13/04/2026	true
8	aka2	ˈaka	S	variedade de gambá							13/04/2026	true
9	aka3	ˈaka	S	fígado	itaga = meu fígado	fígado	https://pt.wikipedia.org/wiki/Fígado#/media/Ficheiro:Leber_Schaf.jpg	https://upload.wikimedia.org/wikipedia/commons/thumb/6/64/Leber_Schaf.jpg/960px-Leber_Schaf.jpg	É a maior glândula e o maior órgão maciço do corpo humano.		13/04/2026	true
10	akagado	akadado dʒi		observar	akagado ji = observe-o						13/04/2026	true
11	akedudo	akeˈdːudːʌ	LEX	acabar, dar fim	ire imaragadae akedudo = eu terminei meu trabalho						13/04/2026	true
12	akigu kodu	akigu kodu	LEX	algodão							13/04/2026	true
13	akirimi	akiɾimi	LEX	voltar							13/04/2026	true
14	akirodo	akiɾodːʌ	LEX	trocar, comprar, vender							13/04/2026	true
15	ako 2	ako 2	LEX	voz, fala, súplica, canto, resposta, som; falar, dizer, responder, declarar, cantar, soar, tocar							13/04/2026	true
16	ako jodo	ako dʒodo	V	mastigar							13/04/2026	true
17	akododu	akododu	S	tocado, reunido							13/04/2026	true
18	akudo	akudːʌ	VC	limpar, varrer, esfriar							13/04/2026	true
19	amirewu	amiˈɾew	S	pão, bolo							13/04/2026	true
20	amo (pl. amoe)	amːo	LEX	tapiti, roedor, coelho							13/04/2026	true
21	amugodu	amuˈgodːɯ	LEX	descanso iminente, morte iminente, satisfação, estar próximo a descansar, a morrer							13/04/2026	true
22	ao1	ao	LEX	cabelo, copa de árvore, ponta, fim							13/04/2026	true
23	aora	aoɾa	LEX	cabeça							13/04/2026	true
24	apido	apidːʌ	LEX	nome de um espírito, palha							13/04/2026	true
25	apido (vrt. ape apibo)	apido	LEX	palmeira acuri; símbolo do clã dos Apiborege, da metade dos Tugarege							13/04/2026	true
26	apido ai	apidːʌ ai		palha							13/04/2026	true
27	apidoro	apidoɾo	S	palha							13/04/2026	true
28	aredo (taredo)	aɾedo	VC	pular, saltar, copular, assaltar, atacar							13/04/2026	true
29	arego	aɾego		correr							13/04/2026	true
30	aregodu	aɾeˈgodːɯ	LEX	chegada, chegar	itaregoduwo = para eu chegar						13/04/2026	true
31	ari1	ˈaɾi	LEX	espírito e herói lendário; Um dos atores da representação dos Meridoge Aroe (ou Aridoge Aroe)							13/04/2026	true
32	ari2	ˈaɾi	LEX	figueira ou fruta de marmelada							13/04/2026	true
33	ari3	ˈaɾi	LEX	lua; mês			https://pt.wikipedia.org/wiki/Lua	https://upload.wikimedia.org/wikipedia/commons/thumb/e/e1/FullMoon2010.jpg/960px-FullMoon2010.jpg			13/04/2026	true
34	aria	aɾia	LEX	panela grande							13/04/2026	true
35	aria meriri	aɾia meɾiɾi		panela de ferro							13/04/2026	true
36	arigao (pl. arigae ou arigaodoge)	aɾigao	LEX	cachorro							13/04/2026	true
37	aroe	aɾoe	LEX	coisa leve, alma, espírito, fantasma, finado, antepassado, ator. O que é material ou espiritual pertinente aos processos funerários							13/04/2026	true
38	aroe eceba	aɾoe etʃeba	LEX	gavião real (harpia)		Harpia harpyja	https://pt.wikipedia.org/wiki/Gavião-real	https://upload.wikimedia.org/wikipedia/commons/3/3b/Harpia_harpyja_001_800.jpg			13/04/2026	true
39	aroe medubo	Aɾoe medubo	S	furacão							13/04/2026	true
40	aroia	aɾoia	S	tecido, nome da rede de pesca ritual							13/04/2026	true
41	aru	aɾu	LEX	folha, magreza, finura, fragilidade, respeito, pegar							13/04/2026	true
42	aru2	aɾu	V	pegar	imode aru piji = vou pegar						13/04/2026	true
43	arudae	aɾudae									13/04/2026	true
44	atu (pl. atuie)	atu	LEX	endocarpo de coco, concha grande, pequena cerâmica em forma de concha, cápsula de semente de tabaco, caroço de piqui, caroço de manga, cartucho, colher, bala							13/04/2026	true
45	atuge	atuge	LEX	marimbondo, abelha							13/04/2026	true
46	atugo	atugo	LEX	pinta, desenho, pintura, tatuagem, escritura							13/04/2026	true
47	atugodo	atuˈgodːʌ	LEX	pintar, desenhar, escrever							13/04/2026	true
48	awagu	awagu	LEX	cobra							13/04/2026	true
49	awara	awaɾa	LEX	caminho, trilho, estrada, rua, rasto de cobra							13/04/2026	true
50	awarare	awaɾaɾe		igual a uma estrada							13/04/2026	true
51	awu	awu		este, isto							13/04/2026	true
52	ba 1	ba	LEX	ação, agir							13/04/2026	true
53	ba 2	ba	LEX	choupana, aldeia							13/04/2026	true
54	ba 3	ba	LEX	folíolo de broto da babaçu, estojo peniano quotidiano, tipo de coroa							13/04/2026	true
55	ba 4	ba	LEX	ovo, testículo				https://upload.wikimedia.org/wikipedia/commons/thumb/9/9a/Coturnix_coturnix_eggs.jpg/500px-Coturnix_coturnix_eggs.jpg			13/04/2026	true
56	bai	bai	ADV	de repente							13/04/2026	true
58	baiporo	baipoɾo	LEX	vão da porta ou da janela de uma casa							13/04/2026	true
59	bakaigo	bakaigo	LEX	aranha		Ordem: Araneae	https://pt.wikipedia.org/wiki/Aranha	https://upload.wikimedia.org/wikipedia/commons/thumb/f/f9/Spiders_Diversity.jpg/960px-Spiders_Diversity.jpg			13/04/2026	true
60	bakuru	bakuɾu	LEX	vento							13/04/2026	true
61	bamaga baridu	bamaga baɾidu									13/04/2026	true
62	bapera	bapeɾa	LEX	papel, livro, caderno							13/04/2026	true
63	bapo	bapo	LEX	coração; chocalho			https://pt.wikipedia.org/wiki/Coração	https://upload.wikimedia.org/wikipedia/commons/thumb/6/65/Heart_tee_four_chamber_view.jpg/960px-Heart_tee_four_chamber_view.jpg			13/04/2026	true
64	barigodu 1	baɾiˈgodːɯ	LEX	leve, sem graça							13/04/2026	true
65	barigu	baɾigu		jogar, lançar	pare bola barigu = nós jogamos bola							true
66	barogo peguru	baɾogo peguɾu	LEX	minhoca							13/04/2026	true
67	barogwato	baɾogwato	ADV	amanhã							13/04/2026	true
68	baru	baɾu	LEX	céu, firmamento							13/04/2026	true
69	barudureboe	baɾuduɾeboe									13/04/2026	true
70	bataru	bataɾu	LEX	palavra, fala, linguagem, idioma, verbo	batarure oino = falou assim						13/04/2026	true
71	bi	bi	LEX	morte, morrer	iwiwo = para eu morrer						13/04/2026	true
72	biado	biado									13/04/2026	true
73	biagodu	biaˈgodːɯ	LEX	esquecimento, olvido; esquecer							13/04/2026	true
74	biaja	biadʒːa	LEX	ouvido							13/04/2026	true
75	biaja bokwa	biadʒːa	LEX	surdez, teimosia							13/04/2026	true
76	biaku pegarewu	biaku pegaɾew		este frio não foi boa ou não é bom							13/04/2026	true
77	biapaga	biapaga	LEX	atenção, escuta; prestar atenção, escutar	iwiapagawo = para eu ouvir						13/04/2026	true
78	bie1	bie	S	jenipapo (genipapo)		Genipa americana	https://pt.wikipedia.org/wiki/Jenipapo	https://upload.wikimedia.org/wikipedia/commons/thumb/6/64/Genipa_americana_L._fruits_%28codiferous%29.jpg/500px-Genipa_americana_L._fruits_%28codiferous%29.jpg			13/04/2026	true
79	bie2	bie	S	irmão mais novo, irmã mais nova	makore nowu tuwie bogai = chamou ( procurou ) pelo seu irmão caçula						13/04/2026	true
80	bigodu1	biˈgodːɯ	LEX	agonia, desmaio, amortecimento; estar para morrer							13/04/2026	true
81	bigodu2	biˈgodːɯ	LEX	qualidade do que é esguio, fino							13/04/2026	true
82	bioro	bioɾo	LEX	vácuo, vazio							13/04/2026	true
83	biri 1	biɾi	LEX	bondade, honestidade, retidão, justiça							13/04/2026	true
84	biri 2	biɾi	LEX	pele, epiderme, casca, pericárpio, couro							13/04/2026	true
85	biri ta	biɾi ˈta		descascar							13/04/2026	true
86	bito	bito	VC	matar							13/04/2026	true
87	bitu	bitu	LEX	apagamento, secura, cura de uma ferida; secar, apagar-se, ser morto, ser apagado							13/04/2026	true
88	boadu	boadːɯ	LEX	brinquedo, passeio, caçada brincar, divertise, passear							13/04/2026	true
89	bodo	bodo		tecer							13/04/2026	true
90	boe	boe	LEX	coisa, bororo, gente, tempo, paisagem	boe motunure = a paisagem é/era bonita; Boe eture = os Bororo vieram						13/04/2026	true
91	boe bo	boe bo	LEX	penas, pluma							13/04/2026	true
92	boe butu (boebutu)	boe butu	LEX	capim, pastagem							13/04/2026	true
93	boe co ji	boe co ji		a noite							13/04/2026	true
94	boe eiako	boe eiako		buraco							13/04/2026	true
95	boe eiakodo	boe eiakodo	VC	faça buraco							13/04/2026	true
96	boe ekeja	boe ekedʒa		lugar de alimento							13/04/2026	true
97	boe epegarewuge	boe epegaɾewge		pessoas perigosos/as, não são boas ou povos indigenas de outras etnias							13/04/2026	true
98	Boe etore	Boe etoɾe	LEX	crianças bororo, filhos dos Bororo							13/04/2026	true
99	boe ewiri uru	boe ewiɾi uɾu		febre							13/04/2026	true
100	boe ke	boe ke		alimento dos Bororo							13/04/2026	true
101	boe tugu (boetugu)	boe tugu	LEX	nuvem, sombra							13/04/2026	true
102	boeragudu (jeragudu)	boeɾagudːɯ	LEX	relâmpago, relampejar							13/04/2026	true
103	bokigo	bokigo		corda								true
104	bokokuwa	bokokua	LEX	grilo	Bokokuwa coreu = Grilo preto						13/04/2026	true
105	bokwa	bokwa	ADV	negação (predicados não verbais)	kodire bokwamodukare adugo maku = por isso ele não não vai deixar de entregar a onça						13/04/2026	true
106	bokwaro	bokwaɾo	LEX	cerração, neblina							13/04/2026	true
107	bokwarore	bokwaɾoɾe		tem vapor aquoso, cerração							13/04/2026	true
108	bope	bope	S	espírito mau	bope tuiorudo tabore ro oino = o espírito mau fez isso com sua esperteza						13/04/2026	true
109	botugu tabo	botugu tabo		muito lento, devagar							13/04/2026	true
110	bowuje	bowudʒːe	VT	rachar, cortar, rasgar, partir Ver bo;							13/04/2026	true
111	bu 1	bɯ	LEX	pelo, barba, plumagem, revestimento							13/04/2026	true
112	bubutu	bɯbɯtɯ	LEX	chuva							13/04/2026	true
113	bukigu	bukigu	LEX	linha, corda, cordel							13/04/2026	true
114	bure	buɾe	LEX	pé, base							13/04/2026	true
115	bure rupe	buɾe ɾupe	LEX	tornozelo, maléolo	iwure rupe korire awu boe coji= meu tornonelo doeu esta noite						13/04/2026	true
116	iogoduba	iogoduba		quem será essa pessoa								true
117	buregi	buɾegi	LEX	unha das patas posteriores dos animais; garra de ave							13/04/2026	true
118	buri	buɾi	LEX	designação de vários graus de parentesco feminino							13/04/2026	true
119	ceboje	tʃebodʒːe		ao lado da parte de cima							13/04/2026	true
120	cewu	tʃewu	DEM	aquele(a)(s)							13/04/2026	true
121	cinorudo	tʃinoɾudo		escapoluiu, fugiu							13/04/2026	true
122	coboje	tʃobodʒːe	ADV	em cima, em alto, para cima, do lado de cima							13/04/2026	true
123	core	tʃoɾe		cor preto							13/04/2026	true
124	tugeru kabiji			lamber com a lígua							13/04/2026	true
125	ecogo	etʃogo	LEX	variedade de betvi							13/04/2026	true
126	eimejera	eimedʒeɾa		chefe deles							13/04/2026	true
127	ema i	ema i	LEX	ipê roxo, piu roxa							13/04/2026	true
128	ema!	ema!	ADV	sim, isso mesmo, é verdade!							13/04/2026	true
129	ema1	emːa	ADV	sim, isso mesmo, é verdade!							13/04/2026	true
130	ema2	emːa	LEX	flor rocha de ipê							13/04/2026	true
131	enoja	enːodʒːa	LEX	narina de pessoa, animal ou peixe							13/04/2026	true
132	enopagado	enːopagadːʌ	LEX	olfatear, farejar, cheirar							13/04/2026	true
133	era	eɾa		canto deles/as ou ossos deles/as							13/04/2026	true
134	eragu	eɾagu	LEX	apanhamento, afago, apanhar, pegar, afagar							13/04/2026	true
135	erajodo (ierajodo)	eɾadʒodo	LEX	empurrar							13/04/2026	true
136	erako (ierako)	eɾako	LEX	dedo da mão							13/04/2026	true
137	erareko	eɾaɾeko	LEX	esfregar	akera reko ji = você o esfregou; akera reko pui ?						13/04/2026	true
138	ere paru akudo			limparam os pés deles ou limparam ao redor dos pés							13/04/2026	true
139	erogeregere	eɾogeɾegeɾe	LEX	gago, gaguejar							13/04/2026	true
140	eru	eːɾu	LEX	língua							13/04/2026	true
141	gorido	goɾidːʌ	LEX	assar, tostar, torrar							13/04/2026	true
142	iaogaiwu (jaogaiwu ou jaogwaiwu)	iaogaiwu	LEX	o que está ao lado, o que está do lado de							13/04/2026	true
143	iaro pemegarewu	iaɾo pemegaɾew		aquilo que fez de bom, melhor							13/04/2026	true
144	ibora	iboɾa	LEX	balsa, cerca de paus, curral, ponte							13/04/2026	true
145	ie	ie	LEX	nome, ter nome (chamar-se)	akiere João = teu nome é João						13/04/2026	true
146	iera	ieɾa	LEX	mão				https://upload.wikimedia.org/wikipedia/commons/9/92/Gray1234.png			13/04/2026	true
147	iera paru kajejewu	ieɾa paɾu kadʒedʒewu		pulseira							13/04/2026	true
148	ikera oiadadawu metia bokware			três								true
149	ikurudu	ikuɾudːɯ	V	urinar							13/04/2026	true
150	imedu	imedːɯ		homem							13/04/2026	true
151	imi	imi	PRON	eu							13/04/2026	true
152	inegi	inegi	LEX	unha, garra							13/04/2026	true
153	ioga	ioga									13/04/2026	true
154	iogwa	iogwa									13/04/2026	true
155	irá (i ra)	iˈɾa	LEX	fatia, tábua, mesa, mobília de madeira em geral							13/04/2026	true
156	iragoja	iɾagodʒa		lugar onde resido, residência							13/04/2026	true
157	itoru	itoɾu	LEX	pescoço							13/04/2026	true
158	itoru ra	itoɾu ɾa	LEX	vértebras cervicais, ossos do pescoço							13/04/2026	true
159	itura	ituɾa	LEX	floresta, mata							13/04/2026	true
160	iura ra (jura ra)	iuɾa ɾa	LEX	costela, caixa torácica							13/04/2026	true
161	iwu	iwu	LEX	corpo, coisa inteiriza							13/04/2026	true
162	jaere	dʒaeɾe		longe da distância							13/04/2026	true
163	jakare	dʒakaɾe		nó grande na árvore, pau							13/04/2026	true
164	jamedu boe	dʒamedu boe		todas as coisas							13/04/2026	true
165	jaogwai	dʒaogwai	POSP	ao lado de, do lado de	ikana bemegarewu jaogwai = do meu lado direito						13/04/2026	true
166	jari (iˈari)	dʒaɾi	LEX	toca, gruta, buraco na pedra, rocha							13/04/2026	true
167	jawu meri ji			ontem de dia								true
168	je 1	dʒːe	ADV	aí; assim							13/04/2026	true
169	je 2	dʒːe	LEX	rosto dele, face dele, frente de							13/04/2026	true
170	je 3	dʒe 3	LEX	rosto, cara, superfície, existência, vida, viver							13/04/2026	true
171	jekiripagado	dʒekiɾipagadːʌ	VC	enganar, defraudar							13/04/2026	true
172	jeredudu	dʒeɾedudːɯ	LEX	fumaça							13/04/2026	true
173	jeri	dʒeɾi	LEX	testa							13/04/2026	true
174	jerigi	dʒeɾigi	LEX	madeira seca, lenha, cerne, travesseiro de madeira							13/04/2026	true
175	jerimaga	dʒeɾiamaga	LEX	severidade, energia, esforço, falecimento, morte, dor, funeral, cheiro, perfume							13/04/2026	true
176	jerorewu	dʒeɾoˈɾew	S	esperto							13/04/2026	true
177	jetu pemegarewu	dʒetu pemegaɾew		ele tem o cuidado							13/04/2026	true
178	jewodu	dʒewodu	LEX	ressurreição, animação, ressuscitar							13/04/2026	true
179	jodo to	dʒodo to	V	empurrar em algo							13/04/2026	true
180	joku	dʒoku	LEX	olho, limpidez							13/04/2026	true
181	joku bu	dʒoku bu		cílio							13/04/2026	true
182	joradu	dʒoɾadːɯ	LEX	carvão							13/04/2026	true
183	joru	ˈdʒoɾu	LEX	fogo				https://upload.wikimedia.org/wikipedia/commons/thumb/8/81/Fire_looped_2.gif/500px-Fire_looped_2.gif			13/04/2026	true
184	joru kejewu	dʒoɾu kedʒewu		algo que está em cima de fogo							13/04/2026	true
185	joru tugu	dʒoɾu tugu		icendeia o fogo, coloque fogo							13/04/2026	true
186	jorubo	dʒoɾubo	LEX	remédio, epidemia, doença, veneno, estrepe, tropeço							13/04/2026	true
187	jorubo kuru	dʒoɾubokuɾu	LEX	remédio líquido, remédio dos civilizados (mesmo que não seja líquido							13/04/2026	true
188	jorudu	dʒoɾudːɯ	LEX	visão, sabedoria, conhecimento, ensinamento	ioruduwo = para eu saber						13/04/2026	true
189	jorudu pegare	dʒoɾudu pegaɾe		ele não achou perfeito							13/04/2026	true
190	jorududu	dʒoɾududu	LEX	fazer ver, mostrar							13/04/2026	true
191	joruduiwa	dʒoɾuduiwa	LEX	sabedoria, saber, aprender conhecer							13/04/2026	true
192	jorudure	dʒoɾuduɾe		ele viu							13/04/2026	true
193	jorugudu	dʒoɾugudːɯ	LEX	cinza							13/04/2026	true
194	ju	dʒu	S	arbusto da floresta semelhante ao pé de mandioca; mandioca							13/04/2026	true
195	jugo	dʒugo	LEX	queixada		Tayassu pecari	https://pt.wikipedia.org/wiki/Queixada	https://upload.wikimedia.org/wikipedia/commons/thumb/2/2a/Tayassu_pecari_-Brazil-8.jpg/960px-Tayassu_pecari_-Brazil-8.jpg			13/04/2026	true
196	jugorewu	dʒugoˈɾew	S	porco doméstico		Sus scrofa domesticus	https://pt.wikipedia.org/wiki/Porco_doméstico	https://upload.wikimedia.org/wikipedia/commons/thumb/5/59/Sow_with_piglet.jpg/500px-Sow_with_piglet.jpg			13/04/2026	true
197	jukudu	dʒukudːɯ	LEX	farinha de mandioca							13/04/2026	true
198	ka	ka	LEX	gordura, sebo; resistência, força; lasca; qualidade do que é esguio; tambor							13/04/2026	true
199	kado	kadːʌ	LEX	taquara, risco							13/04/2026	true
200	kado oiado	kado oiado		corta no meio							13/04/2026	true
201	kagariga aredu	kagaɾiga aɾedu		galinha fêmea							13/04/2026	true
202	kaibá	kaibá	ADV	aonde							13/04/2026	true
203	kaibori	kaiboɾi	LEX	mão de pilão; variedade de mancha de estrela							13/04/2026	true
204	kanabo	kanabo	LEX	umbigo	negedorogu ukanabo buture = o umbigo da criança caiu						13/04/2026	true
205	kanaiwo	kanaiwo		cana de açúcar							13/04/2026	true
206	karao	kaɾao		inhame							13/04/2026	true
207	kowo	kawa		para feder, mal cheiro							13/04/2026	true
208	kaworu	kawoɾu	S	azul, verde							13/04/2026	true
209	keragu	keɾagu		pegar, apanhar algo							13/04/2026	true
210	kiga	kiga	LEX	cerne, chifre, prego ornamental da cabeça	Tapira kiga kurire 0 a vaca tem chifre grande						13/04/2026	true
211	kigadurewu	kigaduˈɾew	LEX	o branco, o limpo, o pálido							13/04/2026	true
212	kiogo corewu	kiogo tʃoɾew		passarinho preto							13/04/2026	true
213	kodiba	kodiba	ADV	motivo, causa, razão, porquê							13/04/2026	true
214	kodoro	kodoɾo	LEX	broto de palmeira, palha							13/04/2026	true
215	kodu	ˈkodːɯ	LEX	vôo, ida, saída, partida, caminho; voar, ir, caminhar, partir							13/04/2026	true
216	kodu	ˈkɔdːɯ	S	carne, músculo; cozido, assado							13/04/2026	true
217	kodure	koduɾe									13/04/2026	true
218	kogoriga (kagariga)	kogoɾiga	LEX	galo, galinha							13/04/2026	true
219	koia	koia		por causa de							13/04/2026	true
220	kojari (kôjari)	kodʒaɾi	LEX	tosse, tuberculose							13/04/2026	true
221	korao	koɾao	LEX	papagaiverdadeiro, chamado também reko							13/04/2026	true
222	korawu	koɾawu		encher, lotar							13/04/2026	true
223	kore	koɾe									13/04/2026	true
224	korobadu	koɾobadːɯ	LEX	enchimento, encher, ficar cheio							13/04/2026	true
225	kowaru	kowaɾu									13/04/2026	true
226	kuboro	kubɔɾɔ	LEX	putrefação, azedume							13/04/2026	true
227	kuborogodu	kuboɾogodu	V	apodrecer	kuborogodunure = está apodrecendo						13/04/2026	true
228	kudae	kudae	LEX	roupa	joru cere aredu kudae to = Pegou fogo na roupa da mulher						13/04/2026	true
229	kudu	kudːɯ	LEX	líquido, bebida; beber	ikuduwo = para eu beber						13/04/2026	true
230	kugaru	kugaɾu	LEX	areia							13/04/2026	true
231	kugudugodu	kugudːɯˈgodːɯ	LEX	moleza incipiente, fraqueza incipiente, nojo incipiente, cansar, ficar mole, fraco							13/04/2026	true
232	kuibokwa (kuribo okwa)	kuibokwa	LEX	boca do estômago							13/04/2026	true
233	kuieje	kuiedʒːe	LEX	nígua, pulga indistintamente							13/04/2026	true
234	kuieje (ikuieje)	kuiedʒːe	LEX	estrela, astro indistintamente, exceto o sol e a lua							13/04/2026	true
235	kumara	kumaɾa	LEX	variedade de pimentinha silvestre; pimenta; antigo termo para designar o homem branco (baraedu)							13/04/2026	true
236	kuri	kuɾi	ADV	logo, imediatamente							13/04/2026	true
237	kuri	kuɾi	LEX	abundância, grandeza, grande, estimado, querido; ser grande, ser estimado							13/04/2026	true
238	kuri	kuɾi	LEX	hipocôndrio, ventre, abdome							13/04/2026	true
239	kuri butu	kuɾi butu									13/04/2026	true
240	kurodureboe	kuɾoduɾeboe	LEX	fruta madura; furúnculo							13/04/2026	true
241	magaracada	magaɾatʃada									13/04/2026	true
242	maido	maidːʌ	LEX	ter dó, compadecer-se, suplicar, pedir, chorar							13/04/2026	true
243	maka	maka	LEX	abundância, multidão, muito							13/04/2026	true
244	maku	maku									13/04/2026	true
245	maragodae	maɾagodae	LEX	trabalho							13/04/2026	true
246	maragodu	maɾaˈgodːɯ	LEX	pressa, rapidez, trabalho							13/04/2026	true
247	marugodu peguru	maɾugodu peguɾu	LEX	minhoca							13/04/2026	true
248	mato	matʌ	ADV	para cá							13/04/2026	true
249	mearudu (meardu)	meaɾudu	LEX	pensamento, amor, entendimento, audição; ouvir, escutar							13/04/2026	true
250	mearutoru	meaɾutoɾu	LEX	crença, confiança, esperança; crer, acreditar, ter confiança							13/04/2026	true
251	mekire	mekiɾe									13/04/2026	true
252	meri jamedu ji	meɾi dʒamedu dʒi									13/04/2026	true
253	meri rutu	meɾi ɾutu	LEX	levantar do sol, oriente, leste	Meri ruture marigudu, care a bokare amugudo 0 o levantar do sol já faz tempo, não levanta				tipo levantar da cama		13/04/2026	true
254	meri1	ˈmeɾi	LEX	corte, gume, fio							13/04/2026	true
255	meri2	ˈmeɾi	LEX	sol							13/04/2026	true
256	meri3	ˈmeɾi	LEX	tiê-fogo		Ramphocelus bresilius	https://pt.wikipedia.org/wiki/Tiê-sangue	image: https://upload.wikimedia.org/wikipedia/commons/thumb/6/66/Ramphocelus_bresilius_-Sao_Paulo_Bagre%2C_Cananeia%2C_Sao_Paulo%2C_Brasil_-male-8.jpg/960px-Ramphocelus_bresilius_-Sao_Paulo_Bagre%2C_Cananeia%2C_Sao_Paulo%2C_Brasil_-male-8.jpg			13/04/2026	true
257	meridodu	meɾiˈdːodːɯ	PPASS	afiado							13/04/2026	true
258	merire kodu tabo										13/04/2026	true
259	meriri	meˈɾiɾi	LEX	metal, brilho, brilhar							13/04/2026	true
260	meriri jira	meɾiɾi dʒiɾa										true
261	meriri kuru	meɾiɾi kuɾu									13/04/2026	true
262	meru1	meɾu	LEX	caminho, marcha, caçada, viagem; andar, caçar, viaja	imeruwo = para eu caminhar						13/04/2026	true
263	meru2	meɾu	LEX	variedade de raia	Meru edare tadarimana rema akogogo kurodukeje ere tuwado = Tadadrimana é o lugar da arraia quando tarumã amadurece ele desovam						13/04/2026	true
264	metu pemegado	metu pemegado									13/04/2026	true
265	metuia (f. metago pl. metage)	metuia	LEX	companheiro, colega, amigo, camarada	Metuia rekodure piji rareiao paru kae 0 o colega correu dele para ir a Rondonópolis						13/04/2026	true
266	mi	mi	VT	fechar, costurar							13/04/2026	true
267	mito	mito										true
268	mokuro	mokuɾo	LEX	seio							13/04/2026	true
269	mokuro kuru	mokuɾo kuɾu	LEX	leite de mamífero							13/04/2026	true
270	mokuru kuru tawuje	mokuɾu kuɾu tawudʒːe									13/04/2026	true
271	morido	moɾiˈdːo	VC	pagar							13/04/2026	true
272	morora ra	moɾoɾa ɾa	LEX	coluna vertebral							13/04/2026	true
273	morora1	moɾoɾa	LEX	região da coluna vertebral, espalda							13/04/2026	true
274	morora2	moɾoɾa	LEX	região peitoral							13/04/2026	true
275	moto	moto	LEX	terra, chão, solo							13/04/2026	true
276	moto magadu	moto magadu									13/04/2026	true
277	moto ri	motːo ɾi		parede (da casa)							13/04/2026	true
278	motudu	motudːɯ	LEX	peso							13/04/2026	true
279	muga pega	muga pega	LEX	avó							13/04/2026	true
280	mugu	mugu	LEX	assento, morada, estadia, lugar; ficar, estar, morar,							13/04/2026	true
281	nogwaredu (pl. nogware)	nogwaɾedu	LEX	menina							13/04/2026	true
282	nowu1	nɔwu	DEM	aquele							13/04/2026	true
283	nowu2	nɔwu	PRON	fulano, esposo							13/04/2026	true
284	nuba	nuˈba	ADV	como? Ver inoba;							13/04/2026	true
285	nudu	ˈnudːɯ	LEX	sono dormir	unudure = ele dormiu						13/04/2026	true
286	nuiao	nuiao	LEX	sonho sonhar							13/04/2026	true
287	o boe	ɔ boe	S	esperma							13/04/2026	true
288	o2	ɔ	LEX	dente, broto de taquara							13/04/2026	true
289	o3	o	LEX	pai							13/04/2026	true
290	o4	o	LEX	propriedade, coisa possuída	ceno bakaru = nossas histórisa						13/04/2026	true
291	o5	o	LEX	rabo, cauda							13/04/2026	true
292	odo	odːʌ	LEX	separar para ele							13/04/2026	true
293	oedo (toˈedo)	oedo	LEX	morder							13/04/2026	true
294	ogwariwo										13/04/2026	true
295	oiaga	aiaga	LEX	cauda de ave							13/04/2026	true
296	oiaga	oiaga	S	asa, cauda de ave, cabeleira							13/04/2026	true
297	ojá	oˈdʒːa	S	camarão							13/04/2026	true
298	okwa1	ˈokwa	LEX	lábio, boca, margem, beirada							13/04/2026	true
299	okwa2	ˈokwa	LEX	ocultação, ausência, perda, morte; perder-se, morrer							13/04/2026	true
300	okwa3	okwa3	LEX	lobinho							13/04/2026	true
301	okwage	okwage	LEX	alimento, comida; comer	inogwagewo = para eu comer						13/04/2026	true
302	okwaji	okwadʒi									13/04/2026	true
303	okwatorurewu	okwatoɾuˈɾew	LEX	grosso	Imagore ino bapera okwatorurewuto. 0 estou lendo meu livro grosso. / Imode ino bapera okwatorurewu reko. = Vou levar meu livro grosso.						13/04/2026	true
304	ora	oɾa	LEX	dente premolar e molar, queixo							13/04/2026	true
305	ora bu	oɾa bu		barba							13/04/2026	true
306	oredu bire piji	oɾedu biɾe pidʒi		viúva							13/04/2026	true
307	orituginai	oɾitigiˈnai									13/04/2026	true
308	otodai	otodai	POSP	antes de, diante de, na frente de							13/04/2026	true
309	oweari	oʋeˈaɾi	LEX	vômito, vomitar	awu meri ji etonaregedu owearire = hoje de manhã o filho dele vomito						13/04/2026	true
310	pagudu	pagudːɯ	LEX	medo, temor, receio; ter medo, temer, recear							13/04/2026	true
312	pao pega	pao pega									13/04/2026	true
313	paro1	paɾo	LEX	machado	iwo paro merido = vou afiar o machado			https://upload.wikimedia.org/wikipedia/commons/thumb/f/f1/Axt_Handwerk.jpg/500px-Axt_Handwerk.jpg			13/04/2026	true
314	paro2	paɾo	LEX	sucupira							13/04/2026	true
315	parudo	paɾudːʌ	LEX	celebrar; começar, iniciar, introduzir							13/04/2026	true
316	pawuje	paʋɯdʒːe	VT	compreender, decifrar, descobrir, adivinhar, prever Ver pa;							13/04/2026	true
317	peagodu	peaˈgodːɯ	LEX	peido, peidar							13/04/2026	true
318	pedoboro	pedoboɾo	LEX	tendão, nervo							13/04/2026	true
319	pega	pega	LEX	ruindade, maldade, velhice, doença, estrago							13/04/2026	true
320	pegado	pegadːʌ	VC	estragar, arruinar, prejudicar							13/04/2026	true
321	pegagodu	pegagodu	LEX	começar a ficar ruim, a ficar doente, começar a transformar-se							13/04/2026	true
322	pegajejewu	pegadʒedʒewu									13/04/2026	true
323	pego1	peˈgoɾe	LEX	molhado	x						13/04/2026	true
324	pego2	pego	VC	fazer defecar							13/04/2026	true
325	pegodu	peˈgodːɯ	LEX	defecar							13/04/2026	true
326	pemega	pemega									13/04/2026	true
327	piora	pioɾa	LEX	osso do cotovelo							13/04/2026	true
328	pipi	pipi	LEX	piolho							13/04/2026	true
329	pirogo	piɾogo		pequeno							13/04/2026	true
330	poari (powari)	poaɾi	LEX	cabacinha							13/04/2026	true
331	pobe	pobe	NUM	dois							13/04/2026	true
332	pobe metuia bokware	pobe metuia bokware		três								true
333	pobe puibiji	pobe puibidʒi		quatro								true
335	pobogo	pobogo		veado mateiro							13/04/2026	true
336	pobona	pobonːa	LEX	coxa							13/04/2026	true
337	pogodao	pogodao	LEX	joelho							13/04/2026	true
338	pogora	pogoɾa	LEX	coxa, perna							13/04/2026	true
339	pogurure	poguɾuɾe		sentir vergonha							13/04/2026	true
340	poru	ˈpoɾu	LEX	dorso	iporo = minhas costas						13/04/2026	true
341	poru (pl. porue)	poɾu	LEX	jaú (peixe							13/04/2026	true
342	puduga	puˈduga	LEX	pente							13/04/2026	true
343	pugeje	pugo	ADV	de novo, novamente, ainda, outra vez							13/04/2026	true
344	purekudu	puɾekudu									13/04/2026	true
345	ra (rade)	ɾa	INTJ	forma que indica surpresa ou admiração							13/04/2026	true
346	ra (rare)	ɾa	LEX	copular							13/04/2026	true
347	ra1	ɾa	LEX	canto, cantar							13/04/2026	true
348	ra2	ɾa	LEX	osso, ossada, esqueleto, dureza, broto, galho; tábua							13/04/2026	true
349	raka	ɾaka	ADV	dureza, força, resistência, dificuldade, forte, duro, difícil, fortemente	era raka rugadu = eles cantam forte mesmo						13/04/2026	true
350	rakakare	ɾakakaɾe									13/04/2026	true
351	rakare	ɾakaɾe									13/04/2026	true
352	raru	ɾaɾu	S	folha	raru ki = folha seca						13/04/2026	true
353	rawuje	ɾawudʒːe									13/04/2026	true
354	rekodaji	ɾekodadʒːi	POSP	atrás de, depois de							13/04/2026	true
355	remagu	ɾemagu	VT	medir, computar							13/04/2026	true
356	remaguda	ɾemagudːa	LEX	lugar de medir, de contar, de pesar							13/04/2026	true
357	reore (reure)	ɾeooɾe	ADV	como, igual							13/04/2026	true
358	rerakare	ɾeɾakaɾe									13/04/2026	true
359	reru	ɾeɾu	LEX	movimento, dança; dançar: irerumode (eu dançarei							13/04/2026	true
360	ri	ɾi	LEX	pedra, morro, pico							13/04/2026	true
361	ri (vrt. de ru)	ɾi	LEX	fogo							13/04/2026	true
362	riboa	ɾiboa	LEX	nádega							13/04/2026	true
363	ricodo	ɾitʃodo									13/04/2026	true
364	ro2	ɾɔ	LEX	cheiro, perfume, gosto; exalar perfume, exalar cheiro							13/04/2026	true
365	rore	ɾoɾe									13/04/2026	true
366	ru1	ɾu	S	sapo, rã							13/04/2026	true
367	ru2	ɾu	S	fogo							13/04/2026	true
368	rugodu	ɾuˈgodːɯ	LEX	altercação, briga; brigar, altercar							13/04/2026	true
369	rugudu	ɾugudːɯ	LEX	cinza; moto rugudu (ferrugem)							13/04/2026	true
370	ruke	ˈɾuke	LEX	mosca, mosca							13/04/2026	true
371	rutu	ɾutːu	LEX	subida; subir, ascender	ruture = ele subiu						13/04/2026	true
372	rutureboe	ɾutuɾeboe									13/04/2026	true
373	ruwobo	ɾuwobo	LEX	vasilha, tijela							13/04/2026	true
374	tadari	tadaɾi	LEX	tipo de batata da terra, cara roxo							13/04/2026	true
375	tapiradoge	tapiɾadoge	S	gado							13/04/2026	true
376	taroe	taɾoe	S	alma							13/04/2026	true
377	tobaro	tobaɾo									13/04/2026	true
378	tori	toɾi	LEX	morro, colina, pedra, região correspondente à crista da tíbia							13/04/2026	true
380	tori kurirewu	toɾi kuɾiɾew									13/04/2026	true
381	toriga	toɾiga	LEX	faca							13/04/2026	true
382	towuje (vrt. to)	towudʒːe	LEX	fazer, fabricar, criar							13/04/2026	true
383	tu	tu	ADV	bem, assim, somente							13/04/2026	true
384	tu	tu	LEX	ida, partida, saída; ir embora, partir, sair							13/04/2026	true
385	tuda	tuda									13/04/2026	true
386	tudaru	tudaɾu									13/04/2026	true
387	tugo	tugo	LEX	flecha							13/04/2026	true
388	tugu	tugu	LEX	colocar, introduzir, plantar, enterrar, cozinhar na água; bexiga natatória dos peixe							13/04/2026	true
389	tumugudo keje	tumugudo kedʒːe	V	puxar							13/04/2026	true
390	turubari	tuɾubaɾi	LEX	pato selvagem							13/04/2026	true
391	tuwe	tuwe									13/04/2026	true
392	tuwotuwu	tuwotuwu									13/04/2026	true
393	ukwa	ukwa	LEX	raiz							13/04/2026	true
394	uru	uɾu	LEX	calor							13/04/2026	true
395	utu	utu									13/04/2026	true
396	uwai (pl. uwae)	ˈuwai	LEX	jacaré		família Alligatoridae	https://pt.wikipedia.org/wiki/Jacaré	https://upload.wikimedia.org/wikipedia/commons/thumb/1/1c/Florida_Alligator.jpg/500px-Florida_Alligator.jpg			13/04/2026	true
397	uwobe	uwobe									13/04/2026	true
399	boe kaguru	boe kaguɾu	S	manetiga, gordura							13/04/2026	true
400	-da	dːa	SUF	indica o lugar							13/04/2026	
401	-do	dːʌ	SUF	sufixo causativo	ure iorudiwado awara ji = ele me ensinou  o caminho						13/04/2026	
402	-do	dːʌ	SUF	imperativo de verbos intransitivos	atudo mato! = vem aqui!						13/04/2026	
403	-doge	doge	SUF	sufixo de plural	tabagudu bokware butaodoge ce =  vocês não tiveram medo das chuvas!						13/04/2026	
404	-du	dːɯ	SUF	sufixo de voz passiva							13/04/2026	
405	-du	dːɯ	SUF	sufixo singulativo, que transforma formas plurais em singular							13/04/2026	
406	-ge	ge	SUF	sufixo de plural							13/04/2026	
407	-go	go	SUF	indica forma causativa inceptiva de verbo							13/04/2026	
408	-go	go	SUF	sufixo feminino					Esta forma de sufixo feminino é restrita e não produtiva.		13/04/2026	
409	-godu	ˈgodːɯ	SUF	aspecto inceptivo indica ação icipiente	akaciagodure = você começeu a espirrar						13/04/2026	
410	-guraga	guɾaga	ADV	muito, abundante(mente)	ipagudu rakaguragare awu poboce = tenho muito medo deste rio.						13/04/2026	
411	-ia1	ia	SUF	modo desiderativo							13/04/2026	
412	-ia2	ia	SUF	indica ocasião, lugar de, instrumento de	aiwoia = lugar de observação; koguia = objeto para amarrar; enawuia = lugar de enfeite.						13/04/2026	
413	-ia3	ia	LEX	abertura, boca, recipiente, curva, volta							13/04/2026	
414	-iagu	iagu	SUF	indica discurso indireto com exortação	bataru aregodure paiagu tapira bito = chegou um recado para matarmos a vaca						13/04/2026	
415	-ie	ie	SUF	indica discurso indireto	egore taregodumoduie iwogai rugadu = disseram que vão mesmo me procurar						13/04/2026	
416	-ka	ka	SUF	não; indicador de forma negativa dos verbo	padukare = Nós não fomos.						13/04/2026	
417	-kaba	kaba	SUF	forma negativa do modo imperativo	amorora amagadu kaba! = não se preocupe!						13/04/2026	
418	-modu	modu	SUF	sufixo indicador de status irreal	Boe etaregodure, tumode tugado puiatowu kae = os Bororo vieram para o lugar onde iam se repartir						13/04/2026	
419	-re	-ɾe	SUF	modo indicativo	are maku inae = você o deu a min						13/04/2026	
420	-rogu	ɾogu	SUF	sufixo que marca diminutivo	karorogu = peixinho						13/04/2026	
421	-wo	wo	SUF	modo subjuntivo; para, a fim de; indica finalidade	akaidure ituwo = você quer que eu vá ; itaidure joruduiwawo boe ewadaru ji = eu quero  aprender (a língua) bororo						13/04/2026	
422	-wu	wu	SUF	nominalizador de oração, relativizador	itaregodure ia paga ko rairewu kae = cheguei am um córrego que era muito longo/fundo						13/04/2026	
423	a	a	S	semente	are a ra = você debulhou a semente.						13/04/2026	
424	acia	atʃia	LEX	espirro, espirrar	itajiare = eu espirrei						13/04/2026	
425	aciado	atʃiˈadːʌ	VC	fazer espirrar	ure itaciado = ele me fez espirrar						13/04/2026	
426	aciagodu	atʃiaˈgodːɯ	V	começar a espirrar							13/04/2026	
427	aciagodurewu	atʃiagoduˈɾew	S	o que começa a espirrar							13/04/2026	
428	aciarewu	atʃiaˈɾew	S	o que espirra							13/04/2026	
429	ado	adːʌ	LEX	olhar. Usa-se no imperativo	akado = olha!; tagado = olhai! (2a pessoa plural)						13/04/2026	
430	adugo biri1	aˈdugo biɾi	S	pele de onça				https://upload.wikimedia.org/wikipedia/commons/thumb/4/4e/Panthera_onca_%28Jaguar%29_skin.jpg/500px-Panthera_onca_%28Jaguar%29_skin.jpg			13/04/2026	
431	adugo biri2	aˈdugo biɾi	S	ritual do couro da onça							13/04/2026	
432	adugo corewu	adugo tʃoɾew	S	onça preta	adugo coreu bokware we!	Panthera onca	https://pt.wikipedia.org/wiki/Panthera_onca	https://upload.wikimedia.org/wikipedia/commons/4/4b/Black_Jaguar_%2810037053435%29.jpg			13/04/2026	
433	adugo1	aˈdugo	S	onça pintada	Boere adugo bito = os Bororo matam a onça.	Panthera onca	https://pt.wikipedia.org/wiki/Panthera_onca	https://upload.wikimedia.org/wikipedia/commons/thumb/0/0a/Standing_jaguar.jpg/600px-Standing_jaguar.jpg	A onça tem um papel importante em alguns rituais bororo, como o ritual do couro da onça, o funeral, etc.		13/04/2026	
434	adugo2	aˈdugo	S	formiga-onça		Família Mutillidae	https://pt.wikipedia.org/wiki/Formiga-feiticeira	https://upload.wikimedia.org/wikipedia/commons/thumb/7/76/Dasymutillaoccidentalis.jpg/960px-Dasymutillaoccidentalis.jpg	Designa diversas espécies de vespas da família Mutillidae		13/04/2026	
435	adugodo	aduˈgodːʌ	VC	transformar em jaguar							13/04/2026	
436	adugore boe	adugoɾe boe	LEX	o que se refere à onça							13/04/2026	
437	adugorodo	adugoɾodːʌ	LEX	onça pintada fêmea							13/04/2026	
438	ae1	ae	LEX	cordão de cabelos humano							13/04/2026	
439	ae2	ae	POSP	a, para, até, no rumo de							13/04/2026	
440	aeia	aeia	LEX	coroa, sumidade							13/04/2026	
441	aeia aku	aeia aku	LEX	calvície							13/04/2026	
442	aeiado	aeiadːʌ	LEX	caortar o cabelo, fazer tonsura							13/04/2026	
443	aeiadodu	aeiaˈdːodːɯ	PPASS	que teve o cabelo cortado							13/04/2026	
444	aeiadodurewu	aeiadodːuˈɾew	S	o o que tem o cabelo cortado							13/04/2026	
445	aena	aenːa	LEX	lombo							13/04/2026	
446	aerudukaina	aeɾudukainːa	INTJ	interjeição que exprime maravilha (aerudukare + aino)					aerudukaina -- que lindo!		13/04/2026	
447	aewara	aewaɾa	S	enfeite bororo trançado de palha e enfeitado de penas							13/04/2026	
448	agarewu	agaˈɾew	S	que tem cabeleira							13/04/2026	
449	aia 1	ai	LEX	felino, felídeo							13/04/2026	
450	aia akurugudurewu	aia akuɾugudːɯɾew	S	careca							13/04/2026	
451	aiado	aiadːʌ	VC	cercar, fazer rodar, fazer circular							13/04/2026	
452	aiadoda	aiadodːa	POSP	por cima							13/04/2026	
453	aiagodu	aiaˈgodːɯ	LEX	redondeza, redondo							13/04/2026	
454	aiagodudo	aiagoˈdudːɤ	LEX	arredondar							13/04/2026	
455	aiagodurewu	aiagoduˈɾew	LEX	redondo, o que está arredondado							13/04/2026	
456	aidae	aidae	LEX	querenças, vontades, desejo, coisa desejada							13/04/2026	
457	aiduboe	aiduboe	S	amor, querência, vontade							13/04/2026	
458	aidudo	aidːudːʌ	VC	fazer querer, fazer desejar, fazer gostars							13/04/2026	
459	aidugiri	aiduˈgiɾi	LEX	bonito, bom							13/04/2026	
460	aidurewu	aiduˈɾew	S	aquele que quer, coisa agradável, alegria							13/04/2026	
461	aiea akurewu	aiea akuɾew	S	aquele que é calvo	nowu bradu aia akure						13/04/2026	
462	aiepa	aiepa	LEX	constelações Alfa e Beta Centauri (ver: pari bopona)				https://upload.wikimedia.org/wikipedia/commons/thumb/6/61/Alpha%2C_Beta_and_Proxima_Centauri_%281%29.jpg/500px-Alpha%2C_Beta_and_Proxima_Centauri_%281%29.jpg			13/04/2026	
463	aigo	ˈaigo	LEX	onça parda		Puma concolor	https://pt.wikipedia.org/wiki/Puma_concolor	https://upload.wikimedia.org/wikipedia/commons/thumb/d/d6/Mountain_Lion_in_Glacier_National_Park.jpg/960px-Mountain_Lion_in_Glacier_National_Park.jpg			13/04/2026	
464	aije	aˈidʒːe	LEX	animal mítico;  um espírito; um ator da representação; zunidor de madeira; certos animais que vivem na lama; membros do clã dos Aroroe; Bakororo							13/04/2026	
465	aimearewu	aimeaˈɾew	S	gato mourisco, jaguarundi		Herpailurus yagouaroundi	https://pt.wikipedia.org/wiki/Jaguarundi	https://upload.wikimedia.org/wikipedia/commons/thumb/7/7b/Puma_yaguarondi2.jpg/960px-Puma_yaguarondi2.jpg			13/04/2026	
466	aimoda	aimodːa	LEX	lugar de banho, banheiro							13/04/2026	
467	aimodurewu	aimoduˈɾew	S	o que foi banhado							13/04/2026	
468	aino	ainːo	ADV	assim, deste modo, neste modo							13/04/2026	
469	aipoburewu	aipobuɾew	LEX	jaguatirica	arigau doge egore aipobureu ji	Leopardus pardalis	https://pt.wikipedia.org/wiki/Jaguatirica	https://upload.wikimedia.org/wikipedia/commons/thumb/f/f8/Ocelot_%28Jaguatirica%29_Zoo_Itatiba.jpg/960px-Ocelot_%28Jaguatirica%29_Zoo_Itatiba.jpg	Também chamada de aikido ou awogodori.		13/04/2026	
470	aipoburewu biri	aipobuɾew biɾi	LEX	pele de jaguatirica; como a pele do jaguar e a da onça parda, que serve também de aroe emori (sufrágio de finados), e de Boe ekudawu (tapete							13/04/2026	
471	airewu	aiˈɾew	S	vertigem, tontura							13/04/2026	
472	aiwo epa	aiwo epa	LEX	explorador, espião							13/04/2026	
473	aiwo joku	aiwo dʒoku	LEX	olhar sereno, olhar benigno							13/04/2026	
474	aiwo meki	aiwo meki	LEX	olhar torto, olhar maligno							13/04/2026	
475	aiwodo	aiwodːo	VC	fazer olhar, fazer ver, fazer observar							13/04/2026	
476	aiwododa	aiwododːa	S	lugar de fazer olhar							13/04/2026	
477	aiwododu	aiwoˈdːodːɯ	PPASS	feito olhar							13/04/2026	
478	aiwoia	aiwoia	LEX	lugar de observação							13/04/2026	
479	aiwoiado	aiwoiadːʌ	VC	fazer espiar							13/04/2026	
480	aiwoiadodu	aiwoiaˈdːodːɯ	PPASS	feito espiar							13/04/2026	
481	aiwoiarewu	aiwoiaˈɾew	S	espião, espia							13/04/2026	
482	aiworewu	aiwoˈɾew	S	o que olha, o vigia							13/04/2026	
483	akadu	aˈkadːɯ	LEX	risco, listra							13/04/2026	
484	akadugadu	akaduˈgadːɯ	LEX	que tem pintas							13/04/2026	
485	akadurewu (kadurewu)	akaduɾew	LEX	listrado, pintado com riscos							13/04/2026	
486	akagiri	akaˈgiɾi	LEX	esquartejamento							13/04/2026	
487	akagirido	akagiɾidːʌ	LEX	retalhar							13/04/2026	
488	akari	aˈkaɾi	LEX	isolado							13/04/2026	
489	akaru	aˈkaɾu	S	notícia, fama, nomeação, proclamação							13/04/2026	
490	akarudo	akaɾudːʌ	VC	proclamar, nomear, tornar famoso							13/04/2026	
491	akarudoda	akaɾudodːa	LEX	lugar de notícia, lugar de proclamação							13/04/2026	
492	akarudodu	akaɾudodu	PPAS	nomeado, proclamado							13/04/2026	
493	akarudodurewu	akaɾudoduɾew	S	o que foi nomeado, proclamado							13/04/2026	
494	akaruio	akaɾuio	LEX	famoso, ilustre							13/04/2026	
495	ake	ake	LEX	respiração, pressa							13/04/2026	
496	ake muga	ake muga	LEX	peito							13/04/2026	
497	ake tawuje	ake tawudʒːe	VT	respirar	panure ake tawuje = nós estamos respirando						13/04/2026	
498	akedo	aˈkedːʌ	VC	apressar	imode akedo ji = eu vou apressá-lo						13/04/2026	
499	akedu	aˈkedːɯ	LEX	acabamento, fim; acabar	imaragadae akedugodunure = meu trabalho está quase acabando						13/04/2026	
500	akedudodu	akedudːodːɯ	PPASS	acabado, concluído							13/04/2026	
501	akedugodu	akeduˈgodːɯ	LEX	acabamento incipiente							13/04/2026	
502	akedumodewu	akedumodewu	S	finito, caduco							13/04/2026	
503	akego	akego	VT	apressar	imode akego ji = eu vou começar a apressá-lo						13/04/2026	
504	akegodu	akeˈgodːɯ	LEX	apressar	akedo ai mato amaragadae kae						13/04/2026	
505	akemo	akemːo	LEX	desejo intenso, cobiça, desconfiança; desejar, cobiçar, desconfiar							13/04/2026	
506	akemorewu	akemoɾew	S	cobiçoso, desconfiado							13/04/2026	
507	akena	akenːa	LEX	pele seca do nariz	/ este e seu alimento para comer						13/04/2026	
508	aki	aki	PRON	tu, você							13/04/2026	
509	akidobo	akidobo	LEX	quadril, anca							13/04/2026	
510	akigu 1	akigu	LEX	corda, cordel, fio, linha; nome genérico de enfeites feitos de linha							13/04/2026	
511	akigu 2	akigu	S	algodão		gênero Gossypium	https://pt.wikipedia.org/wiki/Algodão	https://upload.wikimedia.org/wikipedia/commons/thumb/2/28/Cotton_-_പരുത്തി_03.JPG/500px-Cotton_-_പരുത്തി_03.JPG			13/04/2026	
512	akigu arewu	akigu aɾew	S	algodãozinho							13/04/2026	
513	akigu enado	akigu enado	VC	tecer algodão							13/04/2026	
514	akigu ikudo	akigu ikudo	VC	fiar algodão							13/04/2026	
515	akigu ira kajejewu	akigu iɾa kadʒedʒewu	LEX	carretel da linha de algodão							13/04/2026	
516	akigu jagiwu	akigu dʒagiwu	LEX	linha de algodão da lançadeira do tear							13/04/2026	
517	akigu kigudu	akigu kigudːɯ	LEX	puxador do tear							13/04/2026	
518	akigu muga	akigu muga	LEX	tear de algodão							13/04/2026	
519	akigu mugudo	akigu mugudo	VC	armar o tear para tecer algodão							13/04/2026	
520	akiri i	akiɾi i	LEX	angico branco		Anadenanthera colubrina	https://pt.wikipedia.org/wiki/Anadenanthera_colubrina	https://upload.wikimedia.org/wikipedia/commons/thumb/5/5c/Anadenanthera_colubrina.jpg/610px-Anadenanthera_colubrina.jpg			13/04/2026	
521	akiridoge	akiɾidoge	LEX	estação seca; constelação das Pléiades		Pléiades	https://pt.wikipedia.org/wiki/Plêiades	https://upload.wikimedia.org/wikipedia/commons/thumb/4/4e/Pleiades_large.jpg/500px-Pleiades_large.jpg			13/04/2026	
522	akiridoge ewure kowudo	akiɾidoge ewuɾe kowudo	S	queima dos pés das plêiades Festa realizado pelos Bororo para prolongar o período das secas (junho-julho)							13/04/2026	
523	akirio	akiɾio	LEX	enfeite de penugem para a cabeça							13/04/2026	
524	akiró	akiɾó	LEX	presente, dádiva, objeto trocado Na mitologia Bororo, trata-se de uma troca entre vencedores e vencidos							13/04/2026	
525	akirododa	akiɾododːa	LEX	lugar de troca, loja							13/04/2026	
526	akirododu	akiɾododu	PPAS	trocado	akirododure = foi trocado						13/04/2026	
527	akiwa (okiwa)	akiwa	LEX	capivara							13/04/2026	
528	ako 1	ˈako	VT	amontoar, reunir							13/04/2026	true
529	ako jore	ako dʒoɾe	LEX	ecoou, fez eco							13/04/2026	
530	akó kugu	akó kugu	LEX	mingau da coco de bocaiúva							13/04/2026	
531	ako mitudo	ako mitudo	VC	fazer ficar rouco							13/04/2026	
532	ako miturewu	ako mituɾew	S	rouco							13/04/2026	
533	ako mugudo	ako mugudo	VC	fazer executar um canto estando os cantores sentado							13/04/2026	
534	ako muguio	ako muguio	LEX	cantor que executa cantos sentado							13/04/2026	
535	ako mugurewu	ako muguɾew	S	canto sentado							13/04/2026	
536	ako otaigodu	ako otaigodu	LEX	pranto ritual, pranto de saudade							13/04/2026	
537	ako padu	ako padu	VC	gemer							13/04/2026	
538	akodo1	aˈkodːʌ	VC	fazer falar, tocar um instrumento							13/04/2026	
539	akodo2	aˈkodːʌ	VC	reunir, amontoar							13/04/2026	
540	akododa1	akododːa	LEX	depósito, lugar de reunião							13/04/2026	
541	akododa2	akododːa	LEX	lugar de tocar instrumento							13/04/2026	
542	akododurewu	akoˈdːodːɯˈɾew	S	o que foi reunido, o que foi tocado							13/04/2026	
543	akoduki	akoduki	LEX	estrondo, ruído							13/04/2026	
544	akodukirewu	akodukiˈɾew	S	o que produz estrondo							13/04/2026	
545	akodurewu	akoduˈɾew	S	o que soa							13/04/2026	
546	akoduri	akoduɾi	LEX	som forte, som agradável							13/04/2026	
547	akodurirewu	akoduɾiˈɾew	S	aquilo que tem som forte, som agradável							13/04/2026	
548	akoe	akoe	LEX	inhambu		Crypturellus parvirostris	https://pt.wikipedia.org/wiki/Inhambu-chororó				13/04/2026	
549	akogo i	akogo i	LEX	tarumãzeiro, árvore de tarumã		Vitex megapotamica	https://pt.wikipedia.org/wiki/Vitex_megapotamica	https://upload.wikimedia.org/wikipedia/commons/thumb/e/ec/Vitex_montevidensis.JPG/960px-Vitex_montevidensis.JPG			13/04/2026	
550	akogo kuru	akogo kuɾu	S	bebida de tarumã	Areme emode akogo kuru reko tugeje tuwai ka. 0 as mulheres vão levar o suco de tarumã para casa.						13/04/2026	
551	akogo1	aˈkogo	LEX	tarumã; verruga (por semelhança com a fruta)				https://upload.wikimedia.org/wikipedia/commons/thumb/e/ec/Vitex_montevidensis.JPG/960px-Vitex_montevidensis.JPG			13/04/2026	
552	akogo2	aˈkogo	LEX	voz (de bichos)							13/04/2026	
553	akogodo	akoˈgodːo	LEX	falar baixo	amago podudo ji						13/04/2026	
554	akogodu	akoˈgodːɯ	LEX	canto das aves, cantar das aves	kiege ekogodure = os pássaros cantam						13/04/2026	
555	akoia	aˈkoia	LEX	boato, dizer							13/04/2026	
556	akoiato	akoiato	VT	imitar a voz							13/04/2026	
557	akoiatodu pas	akoiatodu pas	LEX	remendado							13/04/2026	
558	akoiatodurewu	akoiatoduˈɾew	S	remendado							13/04/2026	
559	akoiru	akoiɾu	LEX	pôr defeito	akoirukaba ji = não ponha defeito nele.						13/04/2026	
560	akoiwa	akoiwa	LEX	poder de falar bem, interceder, advogar							13/04/2026	
561	akoiwado	akoiwadːʌ	LEX	ensinar a falar bem, fazer falar bem; interceder, advogar							13/04/2026	
562	akoiwarewu	akoiwaˈɾew	S	o que sabe falar bem; o advogado							13/04/2026	
563	akokuodu	akokuodːɯ	LEX	manhoso; choramingar							13/04/2026	
564	akore (pl. de akoro)	akoɾe	LEX	jurupocas ou jurupenses (peixes)							13/04/2026	
565	akorewu	akoˈɾew	S	o que fala, que emite um som							13/04/2026	
566	akori	akoɾi	LEX	zombaria, escárnio; zombar, escarnecer							13/04/2026	
567	akorido	akoɾidːʌ	LEX	zombar, escarnecer							13/04/2026	
568	akoridodu PPA	akoɾidodu PPA	S	escarnecido							13/04/2026	
569	akorirewu	akoɾiˈɾew	S	escarnecedor, zombador							13/04/2026	
570	akoro	aˈkoɾo	LEX	jurupoca ou jurupense (peixe)		Hemisorubim platyrhynchos	https://pt.wikipedia.org/wiki/Jurupoca	https://upload.wikimedia.org/wikipedia/commons/thumb/7/7b/Johann_Natterer_-_Jurupoca_%28Hemisorubim_platyrhynchos%29.jpg/960px-Johann_Natterer_-_Jurupoca_%28Hemisorubim_platyrhynchos%29.jpg			13/04/2026	
571	akouá	akouˈa	INTJ	indica repreensão, afirmação, contentamento							13/04/2026	
572	aku kugu	aku kugu	LEX	mingau preparado com polvilho da estipe de bocaiúva							13/04/2026	
573	aku1	aˈku	LEX	animal doméstico					Plural: akuge ou akuie.		13/04/2026	
574	aku2	aˈku	LEX	frio, limpo, limpeza							13/04/2026	
575	aku3	aˈku	LEX	palmeira bocaiúva Também akudo		Acrocomia aculeata	https://pt.wikipedia.org/wiki/Coco-de-espinho	https://upload.wikimedia.org/wikipedia/commons/thumb/f/f5/Macaúba_23_03_15S_-_49_01_33W_REFON.jpg/960px-Macaúba_23_03_15S_-_49_01_33W_REFON.jpg			13/04/2026	
576	akudo kugu	akudo kugu	LEX	mingau preparado com a estipe de bocaiúva							13/04/2026	
577	akudoda	akudodːa	LEX	lugar onde se limpa, lugar onde se esfria (geladeira)							13/04/2026	
578	akudodurewu	akudoduɾew	S	limpo, varrido, esfriado							13/04/2026	
579	akudurewu	akuduɾew	S	o que foi criado							13/04/2026	
580	akurara (pl. akuraroe)	akuɾaɾa	LEX	pacu-peba							13/04/2026	
581	akuriri	akuɾiɾi	LEX	brisa, ventilação							13/04/2026	
582	akuriri epa	akuɾiɾi epa	LEX	ventilador							13/04/2026	
583	akurirido	akuɾiɾidːʌ	LEX	ventilar, desordenar, remexer							13/04/2026	
584	akuru	akuɾu	LEX	vento, trajetória, pulo, salto, ato de expirar (morrer), morrer, passar, nadar, voar							13/04/2026	
585	akurudo	akuɾudːʌ	LEX	abanar, produzir vento, fazer pular, fazer morrer, atirar (flecha)							13/04/2026	
586	akurudoda	akuɾuˈdodːa	LEX	lugar onde se produz vento, lugar de pulo, lugar de pouso							13/04/2026	
587	akurudodu	akuɾuˈdːodːɯ	PPASS	pulado, atirado, pousado							13/04/2026	
588	akurugudu	akuɾuˈgudːɯ	LEX	limpo, puro, limpar, purificar							13/04/2026	
589	akurugududo	akuɾugudːudːʌ	VC	limpar, purificar							13/04/2026	
590	ama	amːa	ADV	bastante, muito	Boe emagare tumeru tabo =						13/04/2026	
591	amagadu	amagadːɯ	LEX	mexida, agitação, preocupação, tremor; mexer, tremer	magadure biaku koia = ele treme por causa do frio						13/04/2026	
592	amagadudo	amagadːudːʌ	VC	fazer tremer, fazer mexer, agitar							13/04/2026	
593	amagadurewu	amagadːuˈɾew	S	o que é mexido; o que caça							13/04/2026	
594	amarewu	amaˈɾew	LEX	bom, abundante							13/04/2026	
595	amema	amemːa	LEX	teiú		Família Teiidae	https://pt.wikipedia.org/wiki/Teiú	https://upload.wikimedia.org/wikipedia/commons/thumb/c/c4/Tupinambis_merianae_Pantanal.jpg/960px-Tupinambis_merianae_Pantanal.jpg			13/04/2026	
596	ami	amːi	LEX	amontoamento, mastigação							13/04/2026	
597	amigi (pl. amige)	amigi	LEX	peixe cachorro (também denominado aragorwu)							13/04/2026	
598	amodu	amodːɯ	LEX	velhice, estar velho							13/04/2026	
599	amodugodu	amoduˈgodːɯ	LEX	começar a envelhecer, esta usado							13/04/2026	
600	amodugodurewu	amodugoduˈɾew	LEX	o que foi muito usado, que está envelhecendo							13/04/2026	
601	amodurewu	amoduˈɾew	LEX	o que foi muito usado, que está envelhecido							13/04/2026	
602	amogodu	amoˈgodːɯ	LEX	ficar satisfeito (depois de comer)							13/04/2026	
603	amu	amːu	LEX	descanso, repouso, delicadeza, cortesia, mastigação, socagem							13/04/2026	
604	amudo	amudːʌ	VC	fazer repousar	imode itamudo biagatu je						13/04/2026	
605	amudoda	amudodːa	LEX	lugar de repouso, lugar onde se apiloa							13/04/2026	
606	amudodu	amudːodːɯ	PPASS	descansado, apiloado, mastigado, esfarelado							13/04/2026	
607	amudodurewu	amudːodːɯˈɾew	S	o descansado, o apiloado, o esfarelado, o mastigado							13/04/2026	
608	amugodurewu	amugoduˈɾew	S	o que descansa, o que faleceu							13/04/2026	
609	amurewu	amuˈɾew	S	o apiloado, o repousado, o cortê							13/04/2026	
610	ana (ona)	ana	LEX	lado, inclinação, amparo, desejo, vingança, escondimento, ocultação, inimizade, perseguição, perseguir, ser contrário							13/04/2026	
611	anado (onado)	anado	LEX	inclinar, amparar, desejar, vingar, esconder, ocultar, recortar o lado de algo, abrir picada, limpar							13/04/2026	
612	anagi	anagi	POSP	montado em, estendido em							13/04/2026	
613	anago (onago)	anago	LEX	prontidão, ganho, obtenção, destino							13/04/2026	
614	anagodu	anaˈgodːɯ	LEX	prontidão, posse, recebimento, ganho, destino							13/04/2026	
615	anagodurewu	anagoduˈɾew	S	aquele que está pronto, que recebe, que ganha							13/04/2026	
616	anari	anaɾi	LEX	respeito, consideração							13/04/2026	
617	anatowu	anatowu	LEX	escora							13/04/2026	
618	ao otodo	ao otodo	VC	ajuntar, amontoar							13/04/2026	
619	ao3	ao	V	ver, olhar							13/04/2026	
620	aobaru	aobaɾu	LEX	região occipital (parte posterior da cabeça)							13/04/2026	
621	aobarura	aobaɾuɾa	LEX	osso do occipício							13/04/2026	
622	aobiji (taobiji)	aobidʒi	POSP	por vontade de, por iniciativa de (por própria iniciativa, por própria conta)							13/04/2026	
623	aobiri	aobiɾi	LEX	couro cabeludo							13/04/2026	
624	aobirireboe	aobiɾiɾeboe	LEX	sutil camada que se forma na superfície livre dos líquidos em descanso, nata							13/04/2026	
625	aoboarewu	aoboaˈɾew	S	rebitado							13/04/2026	
626	aogado (to ao kae)	aogado	LEX	erguer, levanta suspender							13/04/2026	
627	aogeje	aogedʒːe	POSP	em cima, sobre							13/04/2026	
628	aogigiri	aogiˈgiɾi	LEX	cabelo crespo, encarapinhado, ondulado							13/04/2026	
629	aokajeje	aokadʒedʒːe	POSP	rodeando por cima							13/04/2026	
630	aokeje (aogeje)	aokedʒːe	POSP	sobre							13/04/2026	
631	aokobo	aokobo	LEX	toco							13/04/2026	
632	aokobodoge	aokobodoge	LEX	formigas saúva							13/04/2026	
633	aopega	aopega	LEX	piruca, coroa bororo							13/04/2026	
634	aopegodo	aopeˈgodːʌ	LEX	batizar							13/04/2026	
635	aopiji (aobiji)	aopidʒi	POSP	livremente, por própria vontade, por conta própria							13/04/2026	
636	aoporirewu	aopoɾiˈɾew	S	redondo							13/04/2026	
637	aora ra	aoɾa ɾa	LEX	crânio							13/04/2026	
638	aora tugudu	aoɾa tugudːɯ	LEX	mergulho							13/04/2026	
639	aorarewu	aoɾaˈɾew	S	ladrão, mentiroso, aquele que tem gênio ruim, bandido							13/04/2026	
640	aotadawu	aotadawu	LEX	chapéu; qualquer enfeite de cabeça							13/04/2026	
641	apa	apa	LEX	forquilha, vão das perna							13/04/2026	
642	apado	apadːʌ	VC	fazer uma forquilha							13/04/2026	
643	apagao	apagao	POSP	entre, no meio de							13/04/2026	
644	aparewu	apaˈɾew	S	aquilo que é bifurcado, que tem forquilha							13/04/2026	true
645	apé	apɛ	LEX	palmeira acuri, palha. Ver apido		Attalea phalerata	https://pt.wikipedia.org/wiki/Attalea_phalerata	https://upload.wikimedia.org/wikipedia/commons/thumb/2/2f/Attalea_phalerata_in_pineapple_plantation.JPG/960px-Attalea_phalerata_in_pineapple_plantation.JPG			13/04/2026	
646	apegirerewu	apegiɾeˈɾew	S	fruta do cinzeiro ou paterra							13/04/2026	
647	apeo	apeo	LEX	coco de palmeira acuri							13/04/2026	
648	api	api	LEX	fruto de sucupira							13/04/2026	
649	apia boe ekurewu	apia boe ekuɾew	S	surucuá/curucuí amarelo		Trogon viridis	https://pt.wikipedia.org/wiki/Trogon_viridis				13/04/2026	
650	apiabo (pl. apiaboe)	apiabo	LEX	curucuí							13/04/2026	
651	apibo (vrt. de apido)	apibo	LEX	palmeira acuri		Attalea phalerata	https://pt.wikipedia.org/wiki/Attalea_phalerata				13/04/2026	
652	apido kodu	apido kodu	LEX	palmito da palmeira acuri							13/04/2026	
653	apidoia	apidoia	LEX	palmito da palmeira acuri							13/04/2026	
654	apidoia kugu	apidoia kugu	LEX	mingau preparado com palmito de palmeira acuri							13/04/2026	
655	apidorewu	apidoˈɾew	S	candiuvá (árvore cuja coma é semelhante à da palmeira acuri)							13/04/2026	
656	apodo	apodːʌ	LEX	tucano-toco Pl apodoe		Ramphastos toco	https://pt.wikipedia.org/wiki/Tucano-totʃːo				13/04/2026	
657	apogo (plural apogoe)	apogo	LEX	tamanduá mirim		Tamandua tetradactyla	https://pt.wikipedia.org/wiki/Tamanduá-mirim				13/04/2026	
658	apu (pl. apue)	apu	LEX	paca		Cuniculus paca	https://pt.wikipedia.org/wiki/Paca	https://upload.wikimedia.org/wikipedia/commons/thumb/3/36/Cuniculus_paca.jpg/960px-Cuniculus_paca.jpg			13/04/2026	
659	apue eceba (parerewu)	apu etʃeba	LEX	rede para apanhar pacas viva							13/04/2026	
660	apuewa	apuewa	LEX	variedade de pica-pau							13/04/2026	
661	apuie	apuie	LEX	piquiras, peixinhos, sardinha							13/04/2026	
662	apuie eceba	apuie etʃeba	LEX	rede para pescar piquiras, de malha muito estreita							13/04/2026	
663	are1	ˈaɾe	LEX	possuidor, dono, pai, companheiro							13/04/2026	
664	are3	ˈaɾe	LEX	pulo, salto							13/04/2026	
665	aredu (pl. are, areme)	aɾedu	LEX	mulher					Pode significar mãe na linguagem ritual		13/04/2026	
666	aredu koadurewudo	aɾedu koaduɾewdo	LEX	mulher solteira, mulher viúva							13/04/2026	
667	aredu pega	aɾedu pega	LEX	nome dado por um homem à sobrinha da esposa do mesmo							13/04/2026	
668	aredurogu	aɾeduˈɾogu	LEX	menina, filha, boneca, nome dado à sobrinha ou à irmã mais nova							13/04/2026	
669	arege	aˈɾege	LEX	plural de aredu							13/04/2026	
670	aregoda	aɾegodːa	LEX	lugar onde se traz, onde se chega							13/04/2026	
671	aregodurewu	aɾegoduɾew	S	aquele que chega							13/04/2026	
672	areia	aɾeia	LEX	lugar de saltar, trampolim							13/04/2026	
673	arerewu	aɾeˈɾew	S	pulador, possuidor							13/04/2026	
674	ari barogwadodu	aɾi baɾogwadodu	LEX	plenilúnio							13/04/2026	
675	ari bi	ˈaɾi bi	LEX	eclipse da lua (morte da lua)			https://pt.wikipedia.org/wiki/Eclipse_lunar	https://upload.wikimedia.org/wikipedia/commons/a/a4/Moon_eclipse.gif			13/04/2026	
676	ari butu	ˈaɾi ˈbɯtːɯ	LEX	lua minguante (queda da lua)				https://upload.wikimedia.org/wikipedia/commons/thumb/9/96/Luas_em_quarto_minguante_vista_hemisférios_norte_e_sul.png/960px-Luas_em_quarto_minguante_vista_hemisférios_norte_e_sul.png			13/04/2026	
677	ari i	ˈaɾi i	LEX	figo do cerrado(variedade de figueira silvestre)							13/04/2026	
678	ari kajeje	ˈaɾi	LEX	meia lua				https://upload.wikimedia.org/wikipedia/commons/thumb/a/a4/Quartier_lune.jpg/500px-Quartier_lune.jpg			13/04/2026	
679	ari kododu	ˈaɾi	LEX	lua crescente							13/04/2026	
680	ari kuru	ˈaɾi	LEX	refresco preparado com marmelada-espinho desfeito na água							13/04/2026	
681	ari ra	ˈaɾi	LEX	madeira do marmeleiro espinho					Utilizado na fabricação de flecha.		13/04/2026	
682	ari reaiwu	ˈaɾi	LEX	designação de qualquer corpo celeste nas proximidades da lua							13/04/2026	
683	ari rugu	ˈaɾi	LEX	luar, luz da lua; Manchas da pele							13/04/2026	
684	ari rutu	ˈaɾi ˈɾutːɯ	LEX	nascer da lua; Primeiras fases da lua crescente				https://upload.wikimedia.org/wikipedia/commons/thumb/c/ca/Lunar_libration_with_phase_Oct_2007_%28continuous_loop%29.gif/500px-Lunar_libration_with_phase_Oct_2007_%28continuous_loop%29.gif			13/04/2026	
685	aria biagarewu	aɾia biagaɾew	S	panela pequena							13/04/2026	
686	aria biarewu	aɾia biaɾew	S	panela grande com duas orelhas para segurar							13/04/2026	
687	aria meriri	aɾia meɾiɾi	LEX	panela de ferro							13/04/2026	
688	aria muga	aɾia muga	LEX	lugar onde se coloca a panela							13/04/2026	
689	aria uiorubo	aɾia uioɾubo	LEX	orelha de burro							13/04/2026	
690	ariarewu	aɾiaˈɾew	S	remoinho de água							13/04/2026	
691	arigao bororo	aɾigao boɾoɾo	LEX	antiga aldeia perto da foz do rio Tadarimana, próxima à cidade de Rondonópolis Os mitos Bororo a consideram a primeira aldeia Bororo, fato que parece ser comprovado pela arqueologia							13/04/2026	
692	aró	aˈɾɔ	INTJ	indica maravilha, surpresa positiva							13/04/2026	
693	arobi	aɾobi	POSP	em lugar de, depois de							13/04/2026	
694	arobiwu	aɾobiwu	LEX	o que está no lugar de, que vem depois de							13/04/2026	
695	arodu	aɾodːɯ	LEX	ruim, falso; ruindade, sombra, imagem refletida na água, aparição, assombração, animal sinal de desgraça e de morte, furto, roubo, falsidade, eco							13/04/2026	
696	arodugodu	aɾoduˈgodːɯ	LEX	aparição, extravagância, coisa espetacular							13/04/2026	
697	arodureboe	aɾoduɾeboe	LEX	coisa ruim, coisa fantástica, coisa assombrosa							13/04/2026	
698	arodurewu	aɾoduˈɾew	S	ladrão, aparecido, assombrado							13/04/2026	
699	aroe ao muga	aɾoe ao muga	LEX	lugar onde se coloca o crânio de um defunto na cesta funerária							13/04/2026	
700	aroe bururugodu	aɾoe buɾuɾugodu	S	espécie de pica-pau							13/04/2026	
701	aroe eiao	aɾoe eiao	LEX	lugar dos finados; lagoa onde os Bororo sepultavam os ossos dos seus finado							13/04/2026	
702	aroe eimejera	aɾoe eimedʒeɾa	LEX	chefe dos espíritos							13/04/2026	
703	aroe ewari	aɾoe ewaɾi	LEX	cabacinha, instrumento musical de sopro							13/04/2026	
704	aroe jaro	aɾoe dʒaɾo	LEX	cesta funerária							13/04/2026	
705	aroe kodu	aɾoe kodu	LEX	meteoro							13/04/2026	
706	aroe koduddurewu	aɾoe kodudduɾew	S	paineira do cerrado							13/04/2026	
707	aroe maiwu	aɾoe maiwu	LEX	alma nova							13/04/2026	
708	arogo	aɾogo	LEX	designação genérica de insetos parasitas das semente							13/04/2026	
709	arogwa	aˈɾogwa	LEX	enrolamento, desenrolamento							13/04/2026	
710	arogwa	aˈɾogwa	LEX	nome dado ao jacaré para evitar pronunciar o seu verdadeiro nome, uwai							13/04/2026	
711	arogwado	aɾogwadːʌ	LEX	enrolar, desenrolar, estender							13/04/2026	
712	arogwadodu	aɾogwaˈdːodːɯ	PPASS	enrolado, desenrolado, estendido							13/04/2026	
713	arogwadodurewu	aɾogwaˈdːodːɯˈɾew	PPASS	o enrolado, o desenrolado, o estendido							13/04/2026	
714	arogwarewu	aɾogwaˈɾew	S	o enrolado, o desenrolado, o estendido							13/04/2026	
715	aroia atugo	aɾoia atugo	LEX	tecido pintado, tipo de pintura feita na pele seca da onça							13/04/2026	
716	aroia kana bokwarewu	aɾoia kana bokwaɾew	S	colete							13/04/2026	
717	aroia kanarewu (aroia kana)	aɾoia kanaɾew	LEX	camisa							13/04/2026	
718	aroia ke	aɾoia ke	LEX	guarda-chuva							13/04/2026	
719	aroia kurirewu	aɾoia kuɾiɾew	S	cobertor							13/04/2026	
720	aroia pogorarewu (aroia pogora)	aɾoia pogoɾaɾew	LEX	calça							13/04/2026	
721	aroia rutu	aɾoia ɾutu	LEX	hasteamento da bandeira							13/04/2026	
722	aromeri	aɾomeɾi	LEX	(rit) pluma vermelha (aro kujagurewu) túnica,							13/04/2026	
723	arori	aɾoɾi	LEX	variedade de cobra coral		gênero Calliophini	https://pt.wikipedia.org/wiki/Cobra-coral	https://upload.wikimedia.org/wikipedia/commons/thumb/b/b7/Korallenotter.jpg/960px-Korallenotter.jpg			13/04/2026	
724	arori atugo	aɾoɾi atugo	LEX	tipo de pintura facial							13/04/2026	
725	arori bakorororewu	aɾoɾi bakoɾoɾoɾew	S	variedade de cobra coral		gênero Calliophini	https://pt.wikipedia.org/wiki/Cobra-coral	https://upload.wikimedia.org/wikipedia/commons/thumb/b/b7/Korallenotter.jpg/960px-Korallenotter.jpg			13/04/2026	
726	aroro (pl. aroroe)	aɾoɾo	LEX	larva de borboleta							13/04/2026	
727	aroro utugo kujagurewu	aɾoɾo utugo kudʒaguɾew	LEX	flecha com distintivo entre as asas pequenos anéis de plumas vermelhas e preta					pertence aos Aroroe Cebegiwuge		13/04/2026	
728	aroroe (pl. de aroro)	aɾoɾoe	LEX	larva de certas borboletas; designação dos membros homens e mulheres do clã das larvas, denominados também aije are ou aijedoge							13/04/2026	
729	aroroe corewuge	aɾoɾoe tʃoɾewge	LEX	aroroe preto							13/04/2026	
730	aroroedu	aɾoɾoedːɯ	LEX	homem do clã dos Aroroe							13/04/2026	
731	arororewu	aɾoɾoˈɾew	S	pedra canga, conglomerado de óxidos de ferro							13/04/2026	
732	arowe	aɾowe	LEX	ritual de aroe: alma, beleza							13/04/2026	
733	aroweia	aɾoweia	LEX	beleza							13/04/2026	
734	aroweiarewu	aɾoweiaˈɾew	LEX	o que é belo, o que é bonito							13/04/2026	
735	arudo	aɾudːʌ	LEX	emagrecer, tornar frágil, ressecar, tornar delicado, respeitar							13/04/2026	
736	arudodu	aɾudodu	S	emagrecido, tornado frágil, acatado, respeitado							13/04/2026	
737	arudu	aɾudːɯ	LEX	transparência, magreza, fragilidade, delgadeza							13/04/2026	
738	arududo	aɾudːudːʌ	LEX	adelgaçar, afinar, tornar transparente, emagrecer, tornar frágil							13/04/2026	
739	arudugodu	aɾuduˈgodːɯ	LEX	qualidade do que é muito fino, transparente, ralo, fragilidade, magreza extrema; ser fino, ser frágil, ser magro							13/04/2026	
740	arudugodudo	aɾudugodːudːʌ	LEX	tornar muito fino, frágil, transparente, ralo							13/04/2026	
741	arudugodurewu	aɾudugoduˈɾew	S	o que é finíssimo, muito delgado, muito frágil, muito magro							13/04/2026	
742	arudurewu	aɾuduˈɾew	S	delgado, fino							13/04/2026	
743	arugo	aɾugo	LEX	designação de vários graus de parentesco: sogra, tia, cunhada mais velha, madrinha							13/04/2026	
744	arugo pega	aɾugo pega	LEX	designação de vários graus de parentesco (prima mais nova); título dado às pessoas de idade							13/04/2026	
745	arugodu	aɾuˈgodːɯ	LEX	fragilidade, magreza, respeito							13/04/2026	
746	arugodurewu	aɾugoduˈɾew	S	frágil, magro, delicado, respeitoso, ressequido							13/04/2026	
747	arugogo	aɾugogo	LEX	fragilidade excessiva, muita magreza; ser muito frágil, muito magro							13/04/2026	
748	arugu	aɾugu	LEX	broto de palmeira entreaberto, transparência, lucidez, delgadeza							13/04/2026	
749	arugudo	aɾugudːʌ	VC	afinar, tornar transparente							13/04/2026	
750	arurewu	aɾuˈɾew	S	(o que é) frágil							13/04/2026	
751	ataga	ataga	LEX	manteação							13/04/2026	
752	atagado	atagadːʌ	LEX	mantear							13/04/2026	
753	atagadoda	atagadodːa	LEX	lugar de manteação							13/04/2026	
754	atagara biegarewu	atagaɾa biegaɾew	S	rádio (osso do ante-braço)				https://upload.wikimedia.org/wikipedia/commons/thumb/3/3f/Illu_upper_extremity.svg/langpt-500px-Illu_upper_extremity.svg.png			13/04/2026	
755	atagara kurirewu	atagaɾa kuɾiɾew	S	cúbito (osso do ante-braço)				https://upload.wikimedia.org/wikipedia/commons/thumb/3/3f/Illu_upper_extremity.svg/langpt-500px-Illu_upper_extremity.svg.png			13/04/2026	
756	atamo (tamo)	atamo	LEX	variedade de grande arraia							13/04/2026	
757	atamo ó	ˈtamːo ˈɔ	LEX	ferrão da cauda de arraia (usado como arma de luta)							13/04/2026	
758	ataro (otaro)	ataɾo	LEX	espuma produzida pela ebulição de algum líquido (a espuma dos rios denomina-se padaro (po + ataro))							13/04/2026	true
759	ataro kuru	ataɾo kuɾu	LEX	cerveja (líquido espumoso)	barae etaidure tukuduwo araro kuru ji = os brancos querem beber cerveja		https://pt.wikipedia.org/wiki/Cerveja	https://upload.wikimedia.org/wikipedia/commons/thumb/6/6c/Bierkrug_retuschiert.JPG/500px-Bierkrug_retuschiert.JPG	É uma bebida fermentada feita com cereais. É uma das primeiras bebidas alcoólicas que foram criadas.É a terceira bebida mais consumida no mundo, depois da água e do café.		13/04/2026	
760	ató	ató	LEX	jabuti grande da mata							13/04/2026	
761	ató atugo	ató atugo	LEX	tipo de pintura no verso da pele seca de alguma onça que imita os desenhos da carapaça do jabuti Pertence aos Iw							13/04/2026	
762	atoe	atoe	LEX	bicheira							13/04/2026	
763	atu meriri	atu meɾiɾi	LEX	colher de metal							13/04/2026	
764	atubo	atubo	LEX	cetus (constelação)		Cetus	https://pt.wikipedia.org/wiki/Cetus	https://upload.wikimedia.org/wikipedia/commons/thumb/0/04/Cetus_constellation_map.svg/480px-Cetus_constellation_map.svg.png			13/04/2026	
765	atubo (pl. atuboe)	atubo	LEX	veado galheiro							13/04/2026	
766	atubo biri	atubo biɾi	LEX	tapete de pele de veado galheiro							13/04/2026	
767	atudu	atudːɯ	LEX	pus							13/04/2026	
768	atuge ewari	atuge ewaɾi	LEX	casa de marimbondo							13/04/2026	
769	atugododa	atugododːa	LEX	lugar onde se pinta algo							13/04/2026	
770	atugorega okeadu (atugorekeadu)	atugoɾega okeadu	LEX	cobra caninana							13/04/2026	
771	atugorewu	atugoˈɾew	LEX	o que está malhado, pintado, desenhado, escrito							13/04/2026	
772	atuie (pl. de atu)	atuie	LEX	concha							13/04/2026	
773	atuie eiao	atuie eiao	LEX	(lugar das conchas) lagoa na margem esquerdo do Pobo Kurirewu, rio das Mortes, pouco a jusante da cidade de Xavantina							13/04/2026	
774	aturebo	atuɾebo	LEX	pequena concha bivalve dos córregos, usada como colherzinha ou como arma nas lutas corporai							13/04/2026	
775	aturebo meriri	atuɾebo meɾiɾi	LEX	colherzinha de metal							13/04/2026	
776	aturigi	atuɾigi	LEX	suave, insípido, fraco, raso							13/04/2026	
777	aturua	atuɾua	LEX	grandeza, altitude; grande inseto							13/04/2026	
778	aturua aroe	atuɾua aɾoe	LEX	nome de uma representação e de cada um dos atores da mesma							13/04/2026	
779	aturua meriri kigadurewu	atuɾua meɾiɾi kigaduɾew	S	grande meilua de metal branco usada encima da máscara da representação Aturua Aroe, com os cornos voltados para baixo							13/04/2026	
780	aturuarewu	atuɾuaˈɾew	LEX	muito grande, colossal, descomunal							13/04/2026	
781	awa	awa	LEX	dispersão							13/04/2026	
782	awado	awadːʌ	LEX	espalhar substâncias sólida							13/04/2026	
783	awadoda	awadodːa	LEX	lugar onde se espalham coisa							13/04/2026	
784	awadodu	awaˈdːodːɯ	PPASS	esparramado, espalhado							13/04/2026	
785	awadodureboe	awadoduɾeboe	LEX	notícia de domínio público							13/04/2026	
786	awadu	awadːɯ	LEX	solidão, clareza, abertura, exclusividade; inteiramente, completamente, somente							13/04/2026	
787	awadudo	awadːudːʌ	LEX	esclarecer, mostrar, patentear, explicar, pregar, iluminar							13/04/2026	
788	awadurewu	awaduˈɾew	S	solteiro, viuvo, claro, aberto, exclusivo							13/04/2026	
789	awara apa	awaɾa apa	LEX	encruzilhada							13/04/2026	
790	awara are	awaɾa aɾe	LEX	viajante							13/04/2026	
791	awararewu	awaɾaˈɾew	LEX	hóspede, viajante							13/04/2026	
792	awarewu	awaˈɾew	S	aquilo que não está peneirado							13/04/2026	
793	awarewu i	awaɾew i	LEX	variedade de árvore da floresta					Espécie não identificada		13/04/2026	
794	awaro	awaɾo	LEX	diminuição, pouco; ser pouco							13/04/2026	
795	awaruri	awaɾuɾi	LEX	mormaço, muito calor							13/04/2026	
796	awore	awoɾe	LEX	abelhas mondoguari		Scaptotrigona postica	https://pt.wikipedia.org/wiki/Mandaguari-preta	https://upload.wikimedia.org/wikipedia/commons/thumb/a/a2/Mandaguari_preta_%28black%29_abdomen.png/500px-Mandaguari_preta_%28black%29_abdomen.png			13/04/2026	
797	awu ji	awudʒːi	ADV	hoje							13/04/2026	
798	awu meri ji	awumeɾidʒi	ADV	hoje							13/04/2026	
799	awubo	awubo	ADV	deste lado, de um lado							13/04/2026	
800	awubodu	awubodːɯ	LEX	um de dois, o de um lado, o deste lado							13/04/2026	
801	awudo	awudːʌ	LEX	apertar							13/04/2026	
802	awudu	awudːɯ	LEX	fragilidade, resto, migalhas, sobra							13/04/2026	
803	awudureboe	awuduɾeboe	LEX	substância frágil, quebradiça; resto, migalhas, sobra							13/04/2026	
804	awudurewu	awuduˈɾew	LEX	o frágil							13/04/2026	
805	awuru	awuɾu	LEX	cápsula fechada de urucu							13/04/2026	
806	awururewu ika	awuɾuɾew ika	LEX	urucuzeiro		Bixa orellana	https://pt.wikipedia.org/wiki/Urucum	https://upload.wikimedia.org/wikipedia/commons/thumb/c/c5/Urucuzeiro_-_Bixa_orellana_-_arvoreta.jpg/2560px-Urucuzeiro_-_Bixa_orellana_-_arvoreta.jpg			13/04/2026	
807	ba ekurewu	ba ekuɾew	S	gema de ovo				https://upload.wikimedia.org/wikipedia/commons/thumb/3/35/Raw_egg.jpg/500px-Raw_egg.jpg			13/04/2026	
808	ba enogu	ba enogu	LEX	ovo de peixe, clara de ovo							13/04/2026	
809	ba kigadurewu	ba kigaduɾew	S	clara de ovo							13/04/2026	
810	baa (ba)	baa	LEX	aldeia							13/04/2026	
811	baa aregodu	baa aɾegodːɯ	LEX	madrugada, crepúsculo matutino, aurora (chegada da aldeia, aldeia que aparece)							13/04/2026	
812	baa kurirewu	baa kuɾiɾew	S	cidade (aldeia grande)							13/04/2026	
813	baado	baadːʌ	VC	fazer uma aldeia, acampar							13/04/2026	
814	baadoda	baadodːa	LEX	lugar onde foi feita uma aldeia ou um acampamento							13/04/2026	
815	baadodu 1	baaˈdːodːɯ	LEX	aldeia construída, acampado; discurso noturno realizado no bororo							13/04/2026	
816	baarodu (boe arodu)	baaɾˈodːɯ	LEX	coisa ruim, mau augúrio, visão ruim							13/04/2026	
817	babiri	babiɾi	LEX	casca de ovo, saco escrotal							13/04/2026	
818	babuturogu	babɯtɯˈɾogu	LEX	aldeinha							13/04/2026	
819	bace	batʃːe	LEX	nome genérico de garça		fam. Ardeidae	https://pt.wikipedia.org/wiki/Ardeidae	https://upload.wikimedia.org/wikipedia/commons/thumb/0/09/Heron2.jpg/960px-Heron2.jpg			13/04/2026	
820	bacieje	batʃiedʒːe	LEX	veado catingueiro		Mazama gouazoubira	https://pt.wikipedia.org/wiki/Veado-catingueiro	https://upload.wikimedia.org/wikipedia/commons/thumb/6/66/Brocket_deer_Mazama_gouazoubira_Santa_fe_do_Sul_1.jpg/960px-Brocket_deer_Mazama_gouazoubira_Santa_fe_do_Sul_1.jpg			13/04/2026	
821	bado 2	badːʌ	LEX	impor o estojo peniano							13/04/2026	
822	bado1	badːʌ	LEX	estender; acampar, pousar, montar acampamento							13/04/2026	
823	badoda	badodːa	LEX	lugar onde se realiza a cerimônia da imposição do estojo peniano							13/04/2026	
824	badodu	baˈdːodːɯ	LEX	estojo peniano imposto							13/04/2026	
825	badodurewu	baˈdːodːɯˈɾew	S	que já recebeu o estojo peniano, iniciado							13/04/2026	
826	baeku	baeku	LEX	localidade aprazível, aldeia bonita							13/04/2026	
827	baera	baeɾa	LEX	tipo de borboleta							13/04/2026	
828	baera (baerarewu)	baeɾa	LEX	estojo peniano festivo							13/04/2026	
829	bagoda	bagodːa	LEX	tapera, aldeia abandonada							13/04/2026	
830	bai (baigodu)	bai	LEX	abrir buraco na terra, cavar							13/04/2026	
831	bai (pl. bae)	bai	S	urubu-rei		Sarcoramphus papa	https://pt.wikipedia.org/wiki/Urubu-rei	https://upload.wikimedia.org/wikipedia/commons/thumb/d/d6/Sarcoramphus_papa_-National_Zoo_-Washington_-USA-8a.jpg/960px-Sarcoramphus_papa_-National_Zoo_-Washington_-USA-8a.jpg			13/04/2026	
832	bai (pl. baidoge)	bai	LEX	casa, folha de qualquer palmeira							13/04/2026	
833	bai maridogwarewu	bai maɾidogwaɾew	S	casa de telha							13/04/2026	
834	bai oia kajejewu	bai oia kadʒedʒewu	LEX	cumieira							13/04/2026	
835	bai opo	bai opo	LEX	fundo da casa							13/04/2026	
836	bai paru	bai paɾu	LEX	parte inferior da casa							13/04/2026	
837	bai tororewu	bai toɾoɾew	S	urubu rei branco		Sarcoramphus papa	https://pt.wikipedia.org/wiki/Urubu-rei	https://upload.wikimedia.org/wikipedia/commons/thumb/d/d6/Sarcoramphus_papa_-National_Zoo_-Washington_-USA-8a.jpg/960px-Sarcoramphus_papa_-National_Zoo_-Washington_-USA-8a.jpg			13/04/2026	
838	baia	baia	LEX	centro							13/04/2026	
839	baiado (ba oiado)	baiado	LEX	centro da aldeia, meio do pátio							13/04/2026	
840	baibai	baibai	ADV	movimento ao redor de si mesmo, movimento em zigzag							13/04/2026	
841	baibairewudo	baibaiɾewdːʌ	VC	fazer girar sobre si mesmo							13/04/2026	
842	baicorewu	baitʃoˈɾew	S	cadeia							13/04/2026	
843	baido	baidːʌ	VC	fazer cavar							13/04/2026	
844	baidodu	baiˈdːodːɯ	PPASS	cavado							13/04/2026	
845	baidodurewu	baiˈdːodːɯˈɾew	PPASS	o que é cavado							13/04/2026	
846	baiga (boeiga)	baiga	LEX	arco							13/04/2026	
847	baiga akorewu	baiga	S	qualquer arma de fogo							13/04/2026	
848	baiga atu (baigatu)	baiga	LEX	bala, munição, pólvora							13/04/2026	
849	baiga atu urugudu	baiga	LEX	pólvora							13/04/2026	
850	baiga butu	baiga	LEX	disparo de uma arma de fogo; estrondo produzido por uma bomba							13/04/2026	
851	baiga kobore	baiga koboɾe		arma de fogo esta quebrado							13/04/2026	true
852	baigabe	baigabe	LEX	cágado (tartaruga do rio							13/04/2026	
853	baigabe (boigabe)	baigabe	LEX	raio							13/04/2026	
854	baigare (boeiga are)	baigaɾe	LEX	indivíduo valente, indivíduo corajoso, soldado							13/04/2026	
855	baigo	baigo	VC	fazer cavar, fazer abrir cova							13/04/2026	
856	baigodu	baiˈgodːɯ	LEX	cavar, abrir cova							13/04/2026	
857	baikajejewu	baikadʒedʒewu	LEX	viga							13/04/2026	
858	baiporo epa	baipoɾo epa	S	porta feita de trançado palha. Ver baiporo kejewu							13/04/2026	true
859	baiporo kejewu	baipoɾo kedʒewu	S	porta feita de trançado palha. Ver baiporo epa; chave							13/04/2026	
860	baiporo kejewu (ou simplesmente baiporo)	baipoɾo kedʒewu	S	porta							13/04/2026	
861	baipororogu	baipoɾoˈɾogu	LEX	janela, porta pequena							13/04/2026	
862	baka	baka	S	pênis							13/04/2026	
863	bakaigo kurirewu	bakaigo kuɾiɾew	S	aranha caranguejeira		Família: Theraphosidae	https://pt.wikipedia.org/wiki/Tarântula	https://upload.wikimedia.org/wikipedia/commons/thumb/8/88/Brachypelma_Albopilosum_L5-6.jpg/500px-Brachypelma_Albopilosum_L5-6.jpg			13/04/2026	
864	bakaigo tugigarewu	bakaigo tugigaɾew	S	teia de aranha							13/04/2026	
865	bakaigu (bakaigo)	bakaigu	LEX	aranha							13/04/2026	
866	bakaru	bakaɾu	LEX	lenda, conto, história, mito							13/04/2026	
867	bakaru epa	bakaɾu epa	LEX	narrador de história							13/04/2026	
868	bakaru pemegarewu	bakaɾu pemegaɾew	S	boa notícia, evangelho							13/04/2026	
869	bakawu (bakowu)	bakawu	LEX	margem oposta de um rio							13/04/2026	
870	bakedu (pl. bake)	bakedu	LEX	afilhado, sobrinho, primo, cunhado, genro; denominação de várias relações de parentesco							13/04/2026	
871	bakedu pega	bakedu pega	LEX	designação de várias relações de parentesco, neto							13/04/2026	
872	bakenaguru	bakenaguɾu	LEX	clara de ovo							13/04/2026	
873	bakenaguru ekurewu	bakenaguɾu ekuɾew	S	gema de ovo							13/04/2026	
874	bakeru	bakeɾu	LEX	glande do pênis							13/04/2026	
875	bakeru ki	bakeɾu ki	LEX	clitóris			https://pt.wikipedia.org/wiki/Clítoris	https://upload.wikimedia.org/wikipedia/commons/thumb/0/0a/Clitoris_Anatomy.svg/langpt-960px-Clitoris_Anatomy.svg.png			13/04/2026	
876	bako	bako	LEX	banana		"Gênero:	Musa"	https://pt.wikipedia.org/wiki/Banana	https://upload.wikimedia.org/wikipedia/commons/thumb/a/af/Bananas_%28Alabama_Extension%29.jpg/960px-Bananas_%28Alabama_Extension%29.jpg			13/04/2026	
877	bako ito	bako ito	LEX	bananeira							13/04/2026	
878	bakora	bakoɾa	LEX	tecido de palmeira para cobrir as paredes das casa							13/04/2026	
879	bakorarewu	bakoɾaˈɾew	S	o polígino							13/04/2026	
880	bakowu (ou bakawu)	bakowu	LEX	além do rio, margem oposta do rio							13/04/2026	
881	baku	baku	LEX	bandeja (trançada de palha); abanico; barbatana de alguns peixes							13/04/2026	
882	bakuguma (pl. bakugumoe)	bakuguma	LEX	gavião-requinta							13/04/2026	
883	bakuje	bakudʒːe	LEX	lugar atrás da aldeia							13/04/2026	
884	bakujebiji	bakudʒebidʒːi	ADV	de trás da aldeia, no mato							13/04/2026	
885	bakujei	bakudʒei	ADV	atrás da aldeia, fora da aldeia, no mato							13/04/2026	
886	bakujukodo	bakudʒukodːʌ	LEX	abanar							13/04/2026	
887	bakure	bakuɾe	LEX	cerco, assédio							13/04/2026	
888	bakuredo	bakuɾedːʌ	LEX	assediar, cercar							13/04/2026	
889	bakuredoda	bakuɾedodːa	LEX	lugar do assédio							13/04/2026	
890	bakuredodu	bakuɾeˈdːodːɯ	PPASS	assediado, cercado, sitiado							13/04/2026	
891	bakuriri	bakuɾiɾi	LEX	vento produzido por abanico; sopro emitido pelo bari ou pelo aroe etawara are							13/04/2026	
892	bakurirido	bakuɾiɾidːʌ	LEX	abanar, ventilar, assoprar dos xamãs das almas e dos espírito							13/04/2026	
893	bakuririgodu	bakuɾiɾiˈgodːɯ	LEX	brisa							13/04/2026	
894	bao	bao	PRCL	partícula interrogativa							13/04/2026	
895	baparu	bapaɾu	LEX	começo da aldeia; oeste da aldeia							13/04/2026	
896	bapera atugo epa	bapeɾa	S	caneta, lápis							13/04/2026	
897	bapera atugodo	bapeɾa	VC	escrever no papel; escrever, pintar, desenhar							13/04/2026	
898	baperewu	bapeˈɾew	S	indivíduo canhoto							13/04/2026	
899	baporogu	bapoˈɾogu	LEX	chocalho menor: só pode ser usado pelos chefes que receberam oficialmente este poder e é destinado a marcar o ritmo de cantos para invocar espíritos ou almas (Aroe Ekeroia)							13/04/2026	
900	baradu	baɾadːɯ	LEX	ninho							13/04/2026	
901	barae eiari	baɾae eiaɾi	LEX	casa de não-indígena					Atualmente é mais usada a expressão barae ewai.		13/04/2026	
902	barae eimejera	baɾae eimedʒeɾa	LEX	chefe de não-indígena							13/04/2026	
903	barae etaiadada	baɾae etaiadada	LEX	meio dia		meio dia	https://pt.wikipedia.org/wiki/Meio-dia		Lit. sol em cima da coroa dos brancos		13/04/2026	
904	baraedu (pl. barae)	bɾaedːɯ	S	não-indígena							13/04/2026	
905	baraeredo (pl. baraereme)	baɾaeɾedo	LEX	mulher não-indígena							13/04/2026	
906	baragado (pl. baragade)	baɾagado	LEX	designação genérica das borboletas de asas listrada							13/04/2026	
907	baragatao	baɾagatao	LEX	jacutinga É denominada também parigogo cerewu							13/04/2026	
908	baragiri	baɾaˈgiɾi	LEX	vassourinha, arbusto do cerrado							13/04/2026	
909	bararedo	baɾaɾedːʌ	LEX	suspender, pendurar, amparar, ajudar	itaidure awo akera bararedo ii ! -- Eu quero que você me ajude (lit. que você pendure sua mão para mim)						13/04/2026	
910	bararodu	baɾaɾodːɯ	LEX	maciez, grossura, gordura							13/04/2026	
911	bararodudo	baɾaɾodːudːʌ	VC	amaciar, engrossar, engordar							13/04/2026	
912	bararodurewu	baɾaɾoduˈɾew	PPASS	o que foi amaciado, engrossado, engordado							13/04/2026	
913	bararu	baɾaɾu	LEX	gordura, engordar, gordo							13/04/2026	
914	bararudo	baɾaɾudːʌ	VC	fazer engordar							13/04/2026	
915	bararurewu	baɾaɾuˈɾew	S	gordo							13/04/2026	
916	baredu	baɾedːɯ	LEX	inchação, inflamação							13/04/2026	
917	baredudo	baɾedːudːʌ	VC	fazer inchar, fazer inflamar							13/04/2026	
918	baredurewu	baɾeduˈɾew	S	o inchado, inflamado, engordado							13/04/2026	
919	bari 1	ˈbaɾi	LEX	xamã dos espíritos; pulmão; nome de uma cabacinha-apito (powari) Pl baire, fem barigo							13/04/2026	
920	bari 2	baɾi	LEX	grandeza, largura							13/04/2026	
921	bari aredu (ou barigo)	baɾi aɾedu	LEX	mulher xamã							13/04/2026	
922	baria	baɾia	LEX	fruta de copaíba							13/04/2026	
923	barido	baɾidːʌ	LEX	abrir, escancarar, alargar, aliviar, enfraquecer							13/04/2026	
924	baridodurewu	baɾiˈdːodːɯˈɾew	PPASS	o aberto, o alargado							13/04/2026	
925	bariga	baɾiga	LEX	pedra sílex, lasca de pedra sí							13/04/2026	
926	barigo	baɾigo	LEX	esposa do Bari (xamã dos espíritos)					Assiste o marido na oferta dos alimentos ao Bope.		13/04/2026	
927	barigodu 2	baɾiˈgodːɯ	LEX	leveza, fraqueza, largura maciez, apatia; ser leve, insípido, sem gosto, sem tempero, ralo							13/04/2026	
928	barigodudo	baɾigodːudːʌ	LEX	tornar leve, aliviar, enfraquecer, alargar, tornar apático, tornar insípido, tornar sem graça							13/04/2026	
929	barigogo	baɾigogo	LEX	chochice, qualidade do que é oco, fofo, leve, froucho; secura							13/04/2026	
930	barigogodo	baɾigoˈgodːʌ	LEX	afofar, aliviar							13/04/2026	
931	barigogorewu	baɾigogoˈɾew	S	fofo, leve, chocho							13/04/2026	
932	barigudurewu	baɾigudːɯˈɾew	PPASS	o afastado largado deixado							13/04/2026	
933	barika	baɾika	ADV	muito, demais							13/04/2026	
934	baripo	baɾipo	ADV	melhor, um pouco melhor							13/04/2026	
935	barirewu	baɾiˈɾew	S	o que é leve, largo							13/04/2026	
936	barodudo	baɾodːudːʌ	VC	fazer flutuar, fazer inchar							13/04/2026	
937	barodugodu	baɾoduˈgodːɯ	LEX	coisa extraordinária, fantástica, ruim, de mau augúrio							13/04/2026	
938	barodurewu	baɾoduˈɾew	S	flutuante							13/04/2026	
939	barogo (pl. barege)	baɾogo	LEX	mamíferos, animais							13/04/2026	
940	barogo peguru	baɾogo peguɾu	LEX	lumbriga, verme							13/04/2026	
941	barogwa	baɾogwa	LEX	aurora, madrugada, manhã							13/04/2026	
942	barogwa kododu	baɾogwa kododu	LEX	amanhecer							13/04/2026	
943	baru aiadoda	baɾu aiadoda	LEX	zenite, centro da esfera celeste , meio dia							13/04/2026	
944	baru kejeboe	baɾu kedʒeboe	LEX	coisas que estão no céu (ex.: espíritos, astros)							13/04/2026	
945	baru kigadu	baɾu kigadu	LEX	nuvem branca céu branco							13/04/2026	
946	baru oia	baɾu oia	LEX	zênite, ponto mais alto do céu							13/04/2026	
947	baru okwa	baɾu okwa	LEX	borda do céu: horizonte							13/04/2026	
948	baru reai	baɾu ɾeai	POSP	retaguarda; o que vai de último numa viagem ou marcha							13/04/2026	
949	barudu	baɾudːɯ	LEX	mudança, mudar							13/04/2026	
950	barududo	baɾudːudːʌ	LEX	mudar, fazer mudar							13/04/2026	
951	barugodu	baɾuˈgodːɯ	LEX	fuga de um perigo							13/04/2026	
952	barugwa	baɾugwa	LEX	clareira							13/04/2026	
953	barumeru	baɾumeɾu	LEX	mudança, viagem							13/04/2026	
954	barumerudo	baɾumeɾudːʌ	LEX	fazer viajar, fazer mudar							13/04/2026	
955	batadurewu	bataduˈɾew	PPASS	castrado							13/04/2026	
956	batarao	bataɾao	LEX	mentira, calúnia							13/04/2026	
957	bataraodu	bataɾaodːɯ	LEX	enganar							13/04/2026	
958	bataraodu (bataraodo?)	bataɾaodu	LEX	mentir, caluniar, aumentar							13/04/2026	
959	batararodae	bataɾaɾodae	LEX	mentira							13/04/2026	
960	batararodu	bataɾaɾodːɯ	LEX	mentira, calúnia; mentir, caluniar	ure tumana bataraodu tuo ji = ele mentiu para o seu pai						13/04/2026	
961	batararodurewu	bataɾaɾoduˈɾew	S	mentiroso, caluniador							13/04/2026	
962	bataru adaro	bataɾu adaɾo	LEX	gagueira							13/04/2026	
963	bataru adarodo	bataɾu adaɾodo	VC	fazer gaguejar							13/04/2026	
964	bataru aogado	bataɾu aogado	VC	faltar á palavra, desdizer							13/04/2026	
965	bataru aogadodu	bataɾu aogadodu	VC	faltar á palavra							13/04/2026	
966	bataru bokwarewu	bataɾu bokwaɾew	S	mudo, tímido, que fala mal							13/04/2026	
967	bataru iwado	bataɾu iwado	VC	ensinar a falar							13/04/2026	
968	bataru jetararewu	bataɾu dʒetaɾaɾew	S	que fala uma e outra língua							13/04/2026	
969	bataru okeadae	bataɾu okeadae	LEX	zombaria, caçoada, piada							13/04/2026	
970	bataru okeadu	bataɾu okeadu	LEX	piada, caçoada							13/04/2026	
971	bataru okeadurewu	bataɾu okeaduɾew	S	brincalhão, zombador							13/04/2026	
972	bataru okwari	bataɾu okwaɾi	LEX	gritos rituais, pedidos em grito							13/04/2026	
973	bataru okwarido	bataɾu okwaɾido	VC	pedir aos gritos a oração do bari (xamã dos espíritos)	boe co paru tabo bari umode bataru okwarido kie ji = ao escurecer, o xamã dos espíritos vai oferecer anta						13/04/2026	
974	bataru pega	bataɾu pega	LEX	maledicência, conversa ininteligível, murmuração							13/04/2026	
975	bataru pegado	bataɾu pegado	VC	murmurar, conversar errado, maldizer							13/04/2026	
976	bataru pogodu	bataɾu pogodu	LEX	gagueira, balbúcio							13/04/2026	
977	bataru pogodudo	bataɾu pogodːodːɯ	VC	atrapalhar a fala de alguém							13/04/2026	
978	bataru pogodurewu	bataɾu pogoduɾew	S	gago, o que balbucia							13/04/2026	
979	bataru riki bokwa	bataɾu ɾiki bokwa	LEX	que não diz a verdade, falso							13/04/2026	
980	batarudo	bataɾudːʌ	VC	fazer falar, ensinar a falar	are iwadarudo = você vai me fazer falar						13/04/2026	
981	batarudu	bataɾudːɯ	LEX	oração, discurso							13/04/2026	
982	batarudugo	bataɾudugo	VC	fazer falar irado							13/04/2026	
983	bataruduia	bataɾuduia	LEX	orador, o que sabe falar							13/04/2026	
984	batarugodu	bataɾuˈgodːɯ	V	falar irado, começar a falar							13/04/2026	
985	batarugodurewu	bataɾugoduˈɾew	PRCL	o que fala irado							13/04/2026	
986	bataruia	bataɾuia	LEX	engano, mentira							13/04/2026	
987	bato	bato	LEX	mangaba		Hancornia speciosa	https://pt.wikipedia.org/wiki/Mangaba	https://upload.wikimedia.org/wikipedia/commons/1/10/Picked_mangaba_fruit.png			13/04/2026	
988	bato i	bato i	LEX	mangabeira				https://upload.wikimedia.org/wikipedia/commons/8/81/Mangabeira.png			13/04/2026	
989	bato kuru	bato kuɾu	LEX	látex de mangabeira, borracha, qualquer objeto de borracha							13/04/2026	
990	batodu	batodːɯ	LEX	discurso, proclamação, anúncio; proclamar, fazer discurso, anunciar							13/04/2026	
991	batodu	batodːɯ	LEX	exploração							13/04/2026	
992	bawadu (boe awadu)	bawadu	LEX	lugar abaerto, relento							13/04/2026	
993	beari	beaɾi	LEX	vômito							13/04/2026	
994	bearido	beaɾidːʌ	LEX	fazer vomitar							13/04/2026	
995	bearigodu	beaɾiˈgodːɯ	LEX	vontade de vomitar, estar para vomitar, começar a vomitar							13/04/2026	
996	begabega	begabega	ADV	mais ou menos							13/04/2026	
997	begobego	begobego	LEX	úmido							13/04/2026	
998	beguco	begutʃːo	LEX	começar a amadurecer							13/04/2026	
999	begucodo	begutʃodːʌ	VC	fazer amadurecer							13/04/2026	
1000	begucogodu	begutʃoˈgodːɯ	LEX	maduração completa de fruta							13/04/2026	
1001	begucorewu	begutʃoˈɾew	S	maduro							13/04/2026	
1002	bekuru	bekuɾu	LEX	qualquer substância líquida ou semilíquida com propriedades aglutinantes: cola, goma; caldo espesso							13/04/2026	
1003	bekurudo	bekuɾudːʌ	VC	colar, grudar							13/04/2026	
1004	bekurureboe	bekuɾuɾeboe	LEX	qualquer substância pegajosa; carrapicho							13/04/2026	
1005	bekururewu	bekuɾuˈɾew	S	aquilo que é aglutinante, aquilo que adere							13/04/2026	
1006	beo	beo	LEX	seriema		Cariama cristata	https://pt.wikipedia.org/wiki/Seriema	https://upload.wikimedia.org/wikipedia/commons/thumb/2/24/Cariama_cristata_-near_Goiania%2C_Goias%2C_Brazil-8.jpg/500px-Cariama_cristata_-near_Goiania%2C_Goias%2C_Brazil-8.jpg			13/04/2026	
1007	beraga	beɾaga	LEX	ruindade, inferioridade							13/04/2026	
1008	beragadu	beɾagadːɯ	LEX	inferioridade, coisa barata, de pouco valor, má qualidade							13/04/2026	
1009	beragadurewu	beɾagaduˈɾew	S	ruim, de pouco valor, de qualidade inferior							13/04/2026	
1010	beragarewu	beɾagaˈɾew	S	aquilo que é de pouco valor, ruim, de qualidade inferior							13/04/2026	
1011	beragu	beɾagu	LEX	resina (de árvore)	Emerure apo beragu bogai = andaram com ele atrás de resina						13/04/2026	
1012	beragu i	beɾagu i	S	pau-santo gênero Kielmeyera árvore do cerrado que produz ótima resina		gênero Kielmeyera	https://pt.wikipedia.org/wiki/Kielmeyera	https://upload.wikimedia.org/wikipedia/commons/thumb/e/e4/Kielmeyera_speciosa.jpg/500px-Kielmeyera_speciosa.jpg	Árvore do cerrado que produz ótima resina. As árvores desse gênero têm propriedades medicinais.		13/04/2026	
1013	bere	beɾe	LEX	ebulição, fervura							13/04/2026	
1014	beredo	beɾedːʌ	VC	ferver							13/04/2026	
1015	beredoda	beɾedodːa	LEX	lugar onde se ferve algo							13/04/2026	
1016	beredodurewu	beɾeˈdːodːɯˈɾew	PPASS	o que foi fervido							13/04/2026	
1017	beredu	beɾedːɯ	LEX	calor, rosto avermelhado pelo calor							13/04/2026	
1018	beregadu	beɾegadːɯ	LEX	mole, desanimado							13/04/2026	
1019	beregadudo	beɾegadːudːʌ	LEX	ficar mole, desanimar							13/04/2026	
1020	berego	beɾego	VC	fazer ferver							13/04/2026	
1021	beregodu	beɾeˈgodːɯ	LEX	início de fervura	I panera beregodure = minha panela começou a ferver						13/04/2026	true
1022	beregodudo	beɾegodːudːʌ	VC	fazer ferver							13/04/2026	
1023	beregodugodu	beɾegoduˈgodːɯ	LEX	estar para ferver							13/04/2026	
1024	berereboe	beɾeɾeboe	LEX	sopa							13/04/2026	
1025	beriberi (periperi)	beɾibeɾi	LEX	pinta							13/04/2026	
1026	beriberirewu	beɾibeɾiˈɾew	LEX	pintado de várias cores							13/04/2026	
1027	betaga 1	betaga	LEX	barbatimão		Gênero Stryphnodendron	https://pt.wikipedia.org/wiki/Stryphnodendron	https://upload.wikimedia.org/wikipedia/commons/thumb/9/92/Árvore_de_Barbatimão.JPG/960px-Árvore_de_Barbatimão.JPG			13/04/2026	
1028	betaga 2	betaga	LEX	variedade de centopéia, lacraia		"Família:	Scolopendridae"	https://pt.wikipedia.org/wiki/Scolopendridae	https://upload.wikimedia.org/wikipedia/commons/1/15/Scolopendra_polymorpha_1.jpg			13/04/2026	
1029	betaga ikodorewu	betaga ikodoɾew	S	centopéia alada: lou   LEXdeus, cobra de asa							13/04/2026	
1030	betaga ojakuri	betaga odʒakuɾi	LEX	escorpião (espécie)							13/04/2026	
1031	betaga uiorubo	betaga uioɾubo	LEX	planta dormideira, usada como remédio para suavizar distensões musculare							13/04/2026	
1032	beto	beto	LEX	esteira bororo							13/04/2026	
1033	beto atugorewu	beto atugoɾew	S	esteira feita de broto de buriti, com desenho							13/04/2026	
1034	beto jarewu	beto dʒaɾew	S	esteira feita de palha de buriti em forma de saco para dormir							13/04/2026	
1035	betoreboe	betoɾeboe	LEX	acúcar, substância doce							13/04/2026	
1036	betorewu	betoˈɾew	S	variedade de samambaia							13/04/2026	
1037	betu	betu	LEX	doçura, qualidade do que é doce							13/04/2026	
1038	betudo	betudːʌ	LEX	adoçar							13/04/2026	
1039	betureboe	betuɾeboe	LEX	doce, alimento doce, coisa doce							13/04/2026	
1040	beturewu	betuˈɾew	S	doce, o que é doce							13/04/2026	
1041	bi bokwarewu	bi bokwaɾew	S	o que não está morto, o que custa morrer							13/04/2026	
1042	bia	bia	LEX	orelha, dificuldade, ocultação							13/04/2026	
1043	bia butu (biabutu)	bia butu	LEX	lembrança, recordação; lembrar, recordar							13/04/2026	
1044	bia jetudo	bia dʒetudo	VC	fazer lembrar							13/04/2026	
1045	bia jeturewu	bia dʒetuɾew	S	o que lembra	iwia buture ia bakaru keje = lembrei de um bakaru ( história)						13/04/2026	
1046	biaboro	biaboɾo	LEX	furo aberto no lóbulo da orelha							13/04/2026	
1047	biaboro tadawu	biaboɾo tadawu	LEX	brinco							13/04/2026	
1048	biadawu (Boe ewiadawu)	biadawu	LEX	brinco							13/04/2026	
1049	biado	biadːʌ	LEX	esconder, ocultar, tornar difícil							13/04/2026	
1050	biadodurewu	biaˈdːodːɯˈɾew	PPASS	escondido, oculto, difícil							13/04/2026	
1051	biaga (biega)	biaga	LEX	pequenez, redução, diminuição							13/04/2026	
1052	biagado	biagadːʌ	LEX	diminuir, reduzir, tornar pequeno							13/04/2026	
1053	biagadodurewu	biagaˈdːodːɯˈɾew	PPASS	o reduzido, o diminuído							13/04/2026	
1054	biagai (biegai)	biagai	POSP	ao ouvido de, para (alguém que escuta							13/04/2026	
1055	biagarewu (biegarewu)	biagaɾew	LEX	pequeno, reduzido							13/04/2026	
1056	biagiri	biaˈgiɾi	LEX	grande dificuldade	biagirikare = não é difícil						13/04/2026	
1057	biagirido	biagiɾidːʌ	LEX	tornar muito difícil, esconder bem							13/04/2026	
1058	biagodudo	biagodːudːʌ	VC	fazer esquecer							13/04/2026	
1059	biagodurewu	biagoduˈɾew	S	o que esquece							13/04/2026	
1060	biagogodo	biagoˈgodːʌ	LEX	esmagar							13/04/2026	
1061	biaja bokwado	biadʒːa	VC	tornar surdo, ensurdecer							13/04/2026	
1062	biaja bokwarewu	biadʒːa	S	surdo, teimoso							13/04/2026	
1063	biaku (boe aku)	biaku	LEX	frio, tempo frio							13/04/2026	
1064	biaku rirewu	biaku ɾiɾew	S	gelo							13/04/2026	
1065	biakuru	biakuɾu	LEX	lembrar	iwiakurure = eu lembrei						13/04/2026	
1066	biaporo	biapoɾo	LEX	furo do lóbulo da orelha							13/04/2026	
1067	biarewu	biaˈɾew	S	difícil, oculto							13/04/2026	
1068	biarewudo	biaɾewdːʌ	LEX	dificultar							13/04/2026	
1069	biarudo	biaɾudːʌ	LEX	silenciar, fazer com cautela, fazer com prudência, fazer com atenção							13/04/2026	
1070	biarurewu	biaɾuˈɾew	S	cauteloso, quieto, solitário, sem barulho, meio escondido							13/04/2026	
1071	biaruru	biaɾuɾu	LEX	rumor, barulho no ouvido							13/04/2026	
1072	biatugu	biatugu	LEX	distração, concentração							13/04/2026	
1073	biatugududo	biatugudːudːʌ	LEX	distrair, concentrar							13/04/2026	
1074	biatugudurewu	biatugudːɯˈɾew	LEX	distraído, concentrado							13/04/2026	
1075	bibi	ˈbibi	LEX	peito de mãe							13/04/2026	
1076	bibí	biˈbi	LEX	morte, secura extrema							13/04/2026	
1077	bie i	bie i	LEX	jenipapeiro							13/04/2026	
1078	bie tudu	bie tudu	LEX	tinta do jenipapo							13/04/2026	
1079	biegarewu (biagarewu)	biegaɾew	LEX	pequeno							13/04/2026	
1080	bigodudo	bigodːudːʌ	LEX	adelgaçar, afinar, alongar							13/04/2026	
1081	bigodurewu	bigoduˈɾew	S	esguio, fino, comprido e delgado							13/04/2026	
1082	bija	bidʒːa	LEX	grito, gritar							13/04/2026	
1083	bijado	bidʒadːʌ	VC	fazer gritar							13/04/2026	
1084	bika	bika	LEX	alma-de-gato (denominado também cijiji), ave de bons augúrio		Piaya cayana	https://pt.wikipedia.org/wiki/Alma-de-gato	https://upload.wikimedia.org/wikipedia/commons/thumb/7/76/ALMA-DE-GATO_%28Piaya_cayana%29.jpg/960px-ALMA-DE-GATO_%28Piaya_cayana%29.jpg			13/04/2026	
1085	bika joku	bika dʒoku	LEX	planeta Marte			https://pt.wikipedia.org/wiki/Marte_(planeta)	https://upload.wikimedia.org/wikipedia/commons/thumb/0/0c/Mars_-_August_30_2021_-_Flickr_-_Kevin_M._Gill.png/960px-Mars_-_August_30_2021_-_Flickr_-_Kevin_M._Gill.png			13/04/2026	
1086	bikare	bika	LEX	vivo, não morto							13/04/2026	
1087	bio	bio	LEX	assassinato, homicídio							13/04/2026	
1088	biodo	biodːʌ	LEX	assassinar, matar							13/04/2026	
1089	biododa	biododːa	LEX	lugar do assassinato							13/04/2026	
1090	biododurewu	bioˈdːodːɯˈɾew	S	o assassinado, o matado							13/04/2026	
1091	biora	bioɾa	LEX	cotovelo							13/04/2026	
1092	biorodo	bioɾodːʌ	LEX	esvaziar							13/04/2026	
1093	biorododurewu	bioɾoˈdːodːɯˈɾew	PPASS	o esvaziado, o que é vazio							13/04/2026	
1094	bire	biɾi	LEX	mulher pertencente ao clã no qual o homem pode escolher a própria esposa de acordo com as leis exogâmicas da tribo							13/04/2026	
1095	biredo	biɾedːʌ	LEX	tomar esposa, casar (f usada só pelo homem							13/04/2026	
1096	biredodu	biɾeˈdːodːɯ	PPASS	casado							13/04/2026	
1097	biredodurewu	biɾeˈdːodːɯˈɾew	PPASS	o casado							13/04/2026	
1098	birewuge eiao	biɾewge eiao	LEX	cemitério							13/04/2026	
1099	biri corewu	biɾi tʃoɾew	S	pele escura; indivíduo de cor morena							13/04/2026	
1100	biri kigori	biɾi kigoɾi	LEX	cosseira na pele							13/04/2026	
1101	biri uru	biɾi uɾu	LEX	calor, febre, raiva							13/04/2026	
1102	birido	biɾidːʌ	LEX	beneficiar, ordenar, enfileirar							13/04/2026	
1103	biridodu	biɾiˈdːodːɯ	S	beneficiado, ordenado, enfileirado							13/04/2026	
1104	birigobo	biɾigobo	LEX	antipático							13/04/2026	
1105	birigobodo	biɾigobodːʌ	LEX	antipatizar							13/04/2026	
1106	birigodu	biɾiˈgodːɯ	LEX	bondade, asseio, justiça, cortesia, honestidade, perfeição							13/04/2026	
1107	birigodurewu	biɾigoduˈɾew	S	aquele que é bom, asseado, justo, honesto, feliz							13/04/2026	
1108	birigori	biɾigoɾi	LEX	chamusca; vários tipos de dermatose							13/04/2026	
1109	birigorirewu	biɾigoɾiˈɾew	S	o afetado por dermatose							13/04/2026	
1110	birigudo	biɾigudːʌ	LEX	pintar a pele de vermelho							13/04/2026	
1111	birikedo	biɾikedːʌ	LEX	nudez, descascamento							13/04/2026	true
1112	birikedodo	biɾikedodːʌ	LEX	despir, descascar, depenar							13/04/2026	
1113	birimodurewu	biɾimoduˈɾew	S	o que tem pele bonita							13/04/2026	
1114	birirewu	biɾiˈɾew	S	que tem pele, que tem casca							13/04/2026	
1115	biritowu	biɾitowu	LEX	carrapato							13/04/2026	
1116	bitoda	bitodːa	LEX	lugar da matança							13/04/2026	
1117	bitodu	bitodːɯ	PPASS	matado							13/04/2026	
1118	bitodurewu	bitoduˈɾew	PPASS	aquele que foi matado, o que foi abatido							13/04/2026	
1119	bitudo	bitudːʌ	LEX	apagar, secar, extinguir							13/04/2026	
1120	bitudodu	bitudːodːɯ	LEX	apagado, secado							13/04/2026	
1121	bitugo	bitugo	LEX	apagar, secar, sarar							13/04/2026	
1122	bitugodurewu	bitugoduˈɾew	S	o que está para se apagar, o que está para secar							13/04/2026	
1123	biturewu	bituˈɾew	S	o que foi apagado, seco,							13/04/2026	
1124	bo1	bo	LEX	cobra nova							13/04/2026	
1125	bo2	bo	LEX	plumagem de aves, penugem, carapaça de animais e insetos, revestimento							13/04/2026	
1126	bo3	bo	LEX	rachadura, parte, porção, divisão; rachar, dividir							13/04/2026	
1127	bo4	bo	LEX	saliência esferoidal, esfericidade, aumento, acréscimo, abundância							13/04/2026	
1128	bo5	bo	LEX	urutau							13/04/2026	
1129	boa	boa	LEX	plano, largo, largura, extensão, superfície, planície, cova, buraco no solo							13/04/2026	
1130	boadae	boadae	LEX	brinquedo							13/04/2026	
1131	boado	boadːʌ	LEX	estender, aplaudir, alisar, alargar,, aplainar, abrir um buraco no solo							13/04/2026	
1132	boadodu	boaˈdːodːɯ	LEX	estendido, aplainado, brincado, cavado							13/04/2026	
1133	boadodu (boe ewadodu)	boaˈdːodːɯ	LEX	discurso, sermão, proclama, explicação							13/04/2026	
1134	boadodudo	boadodːudːʌ	LEX	fazer estender, fazer aplainar, fazer brincar, fazer falar, fazer discursar							13/04/2026	
1135	boadodudo	boadodːudːʌ	VC	fazer estender, fazer aplainar, fazer brincar, fazer falar, fazer discursar							13/04/2026	
1136	boadodurewu	boaˈdːodːɯˈɾew	S	o estendido, pregador; cova aberta							13/04/2026	
1137	boadudo	boadːudːʌ	VC	fazer brincar, fazer passear, fazer caçar							13/04/2026	
1138	boaguru	boaguɾu	LEX	localidade com muitos buraco							13/04/2026	
1139	boarewu	boaˈɾew	S	o que que é largo, aberto, estendido, chato; planície							13/04/2026	
1140	bobiadawu	bobiadawu	LEX	variedade de araruta							13/04/2026	
1141	boce kana!	botʃe kana!	ADV	quase							13/04/2026	
1142	boce kodi!	botʃe kodi!	ADV	quase!, faltou pouco, por pouco							13/04/2026	
1143	boda	bodːa	LEX	lugar onde se racha algo							13/04/2026	
1144	bodu	bodːɯ	PPASS	rachado, partido							13/04/2026	
1145	bodurewu	boduˈɾew	PPASS	o rachado							13/04/2026	
1146	boe akodu	boe akodu	LEX	(tempo fresco): de tardinha, de tarde							13/04/2026	
1147	boe aku	boe aku	LEX	(coisa limpa): clareira							13/04/2026	
1148	boe aku (biaku)	boe aku	LEX	(tempo frio); frio, friagem							13/04/2026	
1149	boe akudo	boe akudo	VC	(limpar algo): roçar							13/04/2026	
1150	boe akudodu	boe akudodu	LEX	roçado							13/04/2026	
1151	boe akuto	boe akuto	LEX	adj+   POSP no tempo frio: cedo, de madrugada							13/04/2026	
1152	boe ao	boe ao	LEX	sumidade, planalto							13/04/2026	
1153	boe aogori	boe aogoɾi	LEX	queimada recente							13/04/2026	
1154	boe aoto	boe aoto	LEX	por cima de algo							13/04/2026	
1155	boe beregodu	boe beɾegodu	LEX	tempo quente, mormaço							13/04/2026	
1156	boe bi	boe bi	LEX	localidade sem água, localidade tranqüila, silêncio							13/04/2026	
1157	boe bia	boe bia	LEX	segredo							13/04/2026	
1158	boe biarewu	boe biaɾew	S	segredo							13/04/2026	
1159	boe bido	boe bido	VC	fazer silêncio, silenciar							13/04/2026	
1160	boe birewu	boe biɾew	S	aquilo que é silencioso, tranqüilo, seco							13/04/2026	
1161	boe co	boe tʃo	LEX	noite, escuridão	boe co ji = à noite/de noite						13/04/2026	
1162	boe codu	boe tʃodu	LEX	a noite seu							13/04/2026	
1163	boe codugodu	boe tʃodugodu	LEX	anoitecer, escuridade iminente							13/04/2026	
1164	Boe eejiwu	Boe eedʒiwu	LEX	pintura facial							13/04/2026	
1165	Boe eekurorodu	Boe eekuɾoɾodu	LEX	lamentação, pranto ritual, lágrima							13/04/2026	
1166	Boe eekuru	Boe eekuɾu	LEX	lágrima							13/04/2026	
1167	Boe eiao	Boe eiao	LEX	aldeia, povoado bororo							13/04/2026	
1168	Boe eiaruru	Boe eiaɾuɾu	LEX	barulho de muita gente							13/04/2026	
1169	Boe eiga (baiga)	Boe eiga	LEX	arco, arma							13/04/2026	
1170	Boe eiga (boeiga, baiga)	Boe eiga	LEX	arco bororo Ver baiga;							13/04/2026	
1171	Boe eimejera maiwu	Boe eimedʒeɾa maiwu	LEX	novo chefe							13/04/2026	
1172	Boe ekajejewu	Boe ekadʒedʒewu	LEX	cinto, faixa, tanga bororo							13/04/2026	
1173	Boe ekana kajejewu	Boe ekana kadʒedʒewu	LEX	bracelete							13/04/2026	
1174	Boe eke	Boe eke	LEX	alimento dos Bororo							13/04/2026	
1175	Boe ekeno tadawu	Boe ekeno tadawu	LEX	adorno nasal bororo							13/04/2026	
1176	Boe ekerako tadawu	Boe ekeɾako tadawu	LEX	anel							13/04/2026	
1177	Boe ekiga	Boe ekiga	LEX	prego ornamental bororo							13/04/2026	
1178	Boe ekiripaga (Boe eekuripaga)	Boe ekiɾipaga	LEX	mentira, engano, falsificação							13/04/2026	
1179	Boe ekiripagado (Boe eekuripagado)	Boe ekiɾipagado	VC	enganar, mentir							13/04/2026	
1180	Boe ekudawu	Boe ekudawu	LEX	esteira, tapete bororo							13/04/2026	
1181	Boe ekuie	Boe ekuie	LEX	colar bororo							13/04/2026	
1182	Boe ekuri akemo	Boe ekuɾi akemo	LEX	fome							13/04/2026	
1183	Boe ekuri kugudu	Boe ekuɾi kugudːɯ	LEX	vômito, enjôo	awu boeco ji itonaregedu kuri kugudure = essa noite o meu filho vomitou						13/04/2026	
1184	Boe emago	Boe emago	LEX	voz, palavra, vozerio, gritaria	Boe emagonure pui tuwoguwo barogwato. 0 os bororo estão falando que amanhã vão pescar.						13/04/2026	
1185	Boe emago arodu.	Boe emago aɾodu.	LEX	eco (sombra da voz)							13/04/2026	
1186	Boe emearudae	Boe emeaɾudae	LEX	pensamento							13/04/2026	
1187	Boe emearudu kuriae (Boe emeardu kuriae)	Boe emeaɾudu kuɾiae	LEX	amor, caridade, objeto de amor							13/04/2026	
1188	Boe emearutorae	Boe emeaɾutoɾae	LEX	crença, fé, objeto de fé							13/04/2026	
1189	Boe emeru	Boe emeɾu	LEX	caçada, passeio, viagem							13/04/2026	
1190	Boe emuga	Boe emuga	LEX	assento, aldeia, povoação, cadeira	Baraenure boe emuga pemegado. 0 os homens brancos estão consertando uma cadeira.						13/04/2026	
1191	Boe enoe	Boe enoe	LEX	propriedades, semem							13/04/2026	
1192	Boe enogudae	Boe enogudae	LEX	caridade, compaixão							13/04/2026	
1193	Boe enogwadawu (Boe enogodawu)	Boe enogwadawu	LEX	tembetá, labrete							13/04/2026	
1194	Boe enoureboe	Boe enouɾeboe	LEX	trato, civilidade							13/04/2026	
1195	Boe enu pa	Boe enu pa	LEX	lugar de dormir							13/04/2026	
1196	Boe enuiao	Boe enuiao	LEX	sonho							13/04/2026	
1197	Boe epa	Boe epa	LEX	bororo esperto, que tem boas qualidade							13/04/2026	
1198	Boe epa	Boe epa	LEX	roça							13/04/2026	
1199	Boe epagudae	Boe epagudae	LEX	o que dá medo, objeto que assusta, acontecimento assustador, coisa extremamente bela							13/04/2026	
1200	Boe era	Boe eɾa	LEX	osso humano, esqueleto							13/04/2026	
1201	Boe ereruia	Boe eɾeɾuia	LEX	lugar de dança							13/04/2026	
1202	Boe etao	Boe etao	LEX	cabeça, cabelo							13/04/2026	
1203	Boe etaora	Boe etaoɾa	LEX	cabeça humana							13/04/2026	
1204	Boe etó budu	Boe etó budu	LEX	soluço							13/04/2026	
1205	Boe etobia	Boe etobia	LEX	bagaço (coisa difícil de mastigar							13/04/2026	
1206	Boe etoia kodu	Boe etoia kodu	LEX	multidão							13/04/2026	
1207	Boe etonaregedu	Boe etonaɾegedu	LEX	criança, boneca, brinquedo							13/04/2026	
1208	Boe ewa	Boe ewa	LEX	aldeia bororo							13/04/2026	
1209	Boe ewadaru	Boe ewadaɾu	LEX	língua bororo, provérbio							13/04/2026	
1210	Boe ewiadawu	Boe ewiadawu	LEX	brinco bororo							13/04/2026	
1211	Boe ewiri jiwu	Boe ewiɾi dʒiwu	LEX	qualquer tipo de camisa							13/04/2026	
1212	Boe ewoadae	Boe ewoadae	LEX	brinquedos bororo							13/04/2026	
1213	Boe ewoadu	Boe ewoadu	LEX	ação de brincar; pátio, terreiro							13/04/2026	
1214	Boe ewure tadawu	Boe ewuɾe tadawu	LEX	calçado							13/04/2026	
1215	boe giguduri	boe gigudːɯɾi	LEX	clareira com rara vegetação							13/04/2026	
1216	boe iaguru (boiaguru)	boe iaguɾu	LEX	cacimba							13/04/2026	
1217	boe iaruru (boiaruru)	boe iaɾuɾu	LEX	trovão			https://pt.wikipedia.org/wiki/Trovão				13/04/2026	
1218	boe ieripo	boe ieɾipo	LEX	lugar quase limpo, tranqüilo, tranqüilidade, cuidado, comedimento							13/04/2026	
1219	boe ieripodo	boe ieɾipodo	VC	conservar-se tranqüilo, ser bem comportado							13/04/2026	
1220	boe ieriporewu	boe ieɾipoɾew	S	localidade quase limpa, o comedido, bem comportado							13/04/2026	
1221	boe ire	boe iɾe	LEX	trilho, lugar por onde um animal costuma passar							13/04/2026	
1222	boe jamedu joki	boe dʒamedu dʒoki	ADV	em toda parte							13/04/2026	
1223	boe jameduji	boe dʒamedudʒi	LEX	sempre, todo o tempo							13/04/2026	
1224	boe jarewu	boe dʒaɾew	S	panorama deslumbrante, campo aberto							13/04/2026	
1225	boe jari	boe dʒaɾi	LEX	toca							13/04/2026	
1226	boe jeragudu	boe dʒeɾagudːɯ	LEX	relâmpago	iworudukare jeragudu ji= eu não vi o relâmpago						13/04/2026	
1227	boe jeta	boe dʒeta	LEX	estante, lugar de colocar coisa							13/04/2026	
1228	boe jetororewu	boe dʒetoɾoɾew	S	justiça, coisa direita							13/04/2026	
1229	boe jo	boe dʒo	LEX	terreno inclinado, declive, ladeira							13/04/2026	
1230	boe joki	boe dʒoki	ADV	por todo lado							13/04/2026	
1231	boe jokodu	boe dʒokodu	LEX	em verdade, verdadeiramente							13/04/2026	
1232	boe jokodu na?	boe dʒokodu na?	LEX	é verdade?							13/04/2026	
1233	boe jokodukare kare	boe dʒokodukaɾe kaɾe	ADV	pode ser que, talvez, quiçá							13/04/2026	
1234	boe jorodu	boe dʒoɾodu	LEX	demora							13/04/2026	
1235	boe jorodudo	boe dʒoɾodːodːɯ	VC	demorar							13/04/2026	
1236	boe kabagururewu	boe kabaguɾuɾew	S	aquilo que é esguio; o que está estendido							13/04/2026	
1237	boe kaboguno	boe kaboguno	LEX	nada, não há ninguém							13/04/2026	
1238	boe kado (ji)	boe kado	VC	atalhar, tocar (bicho), enxotar							13/04/2026	
1239	boe kao 1	boe kao 1	ADV	no mato, em qualquer lugar							13/04/2026	
1240	boe kao 2	boe kao 2	ADV	no mato, em qualquer lugar							13/04/2026	
1241	boe karega	boe kaɾega	LEX	nada, não							13/04/2026	
1242	boe ki (joru butu)	boe ki	LEX	estação da seca							13/04/2026	
1243	boe kiari	boe kiaɾi	LEX	calor intenso, preguiça;	akera kiarire= você é preguiçoso,. Awu meri ji boeru kiarire= Hoje está muito calor.				Quando o tempo está quieto.		13/04/2026	
1244	boe kidu	boe kidu	LEX	coisa seca							13/04/2026	
1245	boe kodugobo	boe kodugobo	LEX	coisa de pouca importância							13/04/2026	
1246	boe koduji	boe kodudʒi	LEX	de acordo com o tempo							13/04/2026	
1247	boe kodurewu	boe koduɾew	S	indivíduo infeliz							13/04/2026	
1248	boe korewu	boe koɾew	S	abismo (lugar fundo)							13/04/2026	
1249	boe kori 1	boe koɾi 1		raiva,braveza,estar bravo	boe korire i = eu estou com raiva/bravo						13/04/2026	true
1250	boe kori 2	boe koɾi 2		dor	boe korire i = eu estou com dor						13/04/2026	true
1251	boe kugu	boe kugu	LEX	mingau	imode ike boekugu kowuje = eu vou comer meu mingau.						13/04/2026	
1252	boe meta	boe meta	LEX	estante, armário (lugar onde se guardam coisas)							13/04/2026	
1253	boe mokuro	boe mokuɾo	LEX	seio			https://pt.wikipedia.org/wiki/Mama	https://upload.wikimedia.org/wikipedia/commons/7/77/Breasts_of_a_woman.jpg			13/04/2026	
1254	boe moridojeba	boe moɾidodʒeba	LEX	vingador, matador de uma fera em lembrança de um finado							13/04/2026	
1255	boe ó	boe ó	LEX	idiotismo, indivíduo infeliz, indivíduo desgraçado							13/04/2026	
1256	boe oia boa	boe oia boa	LEX	vale plano, baixada com planície							13/04/2026	
1257	boe oia ko	boe oia ko	LEX	lugar acidentado							13/04/2026	
1258	boe okori	boe okoɾi	LEX	dor, enfermidade, doença, raiva, cólera, indignação							13/04/2026	
1259	boe okudu	boe okudu	LEX	em vão, inutilmente, debalde							13/04/2026	
1260	boe onado (ji)	boe onado	VC	esconder encobrir, tampar							13/04/2026	
1261	boe otoji (boetoji)	boe otodʒi	LEX	primeiro, primeiramente							13/04/2026	
1262	boe otojiboe (boetojiboe)	boe otodʒiboe	LEX	acontecimento antigo							13/04/2026	
1263	boe otojiwu (boetojiwu)	boe otodʒiwu	LEX	o primeiro em ordem de tempo							13/04/2026	
1264	boe pararena	boe paɾaɾena	LEX	coisa difícil, dificuldade							13/04/2026	
1265	boe paru	boe paɾu	LEX	começo; extremidade ocidental da aldeia bororo							13/04/2026	
1266	boe paru kajeje	boe paɾu kadʒedʒːe	LEX	mundo afora, por todo lado, ao longe							13/04/2026	
1267	boe riki	boe ɾiki	LEX	deveras, verdade: rikireboe (coisa verdadeira, verdade							13/04/2026	
1268	boe riki na? (vrt rabode)	boe ɾiki na?	ADV	deveras, em verdade, eis que, talvez							13/04/2026	
1269	boe rikirewu	boe ɾikiɾew	S	verdade, afirmação verídica, verdadeiro							13/04/2026	
1270	boe rugadu	boe ɾugadu	LEX	deveras, em verdade, sim, basta, está certo							13/04/2026	
1271	boe tadaboe	boe tadaboe	LEX	objeto do sertão, costume do sertão							13/04/2026	
1272	boe umanae	boe umanae	LEX	indivíduo tolo, idiota							13/04/2026	
1273	boeaku rirewu (biaku rirewu)	boeaku ɾiɾew	LEX	geada			https://pt.wikipedia.org/wiki/Geada				13/04/2026	
1274	boeco jiboe	boetʃo dʒiboe	LEX	ser noturno, o que está no escuro, o que acontece à noite, o referente à noite							13/04/2026	
1275	boeco oia	boetʃo oia	LEX	meia noite							13/04/2026	
1276	boeco oia keje	boetʃo oia kedʒːe	LEX	à meia noite							13/04/2026	
1277	boeco okwa	boetʃo okwa	LEX	boca da noite							13/04/2026	
1278	boeco paru	boetʃo paɾu	LEX	começo da noite							13/04/2026	
1279	boecoji	boetʃodʒːi	ADV	de noite							13/04/2026	
1280	boedoguru	boedoguɾu	LEX	gotas de chuva, chão molhado pela chuva, orvalho							13/04/2026	
1281	boega	boega	LEX	amigo bom, amigo estimado, padrinho							13/04/2026	
1282	boegedo (boe kedo)	boegedo	LEX	vazio, vácuo, coisa vazia, limpo							13/04/2026	
1283	boegigudu	boegigudːɯ	LEX	lixo, cisco							13/04/2026	
1284	boegugudu	boegugudːɯ	LEX	lama, atoleiro							13/04/2026	
1285	boeia	boeia	LEX	vale, baixada, buraco, fenda							13/04/2026	
1286	boeia boa	boeia boa	LEX	vale plano, baixada com planície							13/04/2026	
1287	boeiagugudu (boe oia gugudu)	boeiagugudːɯ	LEX	lama, brejo lodoso							13/04/2026	
1288	boeiako (boiako)	boeiako	LEX	grande cova, grande buraco do terreno							13/04/2026	
1289	boeiakodo (boiakodo)	boeiakodo	LEX	fazer grande buraco no terreno							13/04/2026	
1290	boeiga	boeiga	LEX	constelação centauro							13/04/2026	
1291	boeiga (baiga) atu (baigatu)	boeiga atu	LEX	bala, munição, cartucho de bala, pólvora							13/04/2026	
1292	boeiga (baiga) biaboro	boeiga biaboɾo	LEX	gatilho de uma arma de fogo							13/04/2026	
1293	boeiga (baiga) butu	boeiga butu	LEX	disparo de uma arma de fogo; estrondo produzido por uma bomba							13/04/2026	
1294	boeigare (baigare) (boeiga are)	boeigaɾe	LEX	indivíduo valente, indivíduo corajoso: tugobaigare (soldado							13/04/2026	
1295	boeka (boekare)	boeka	ADV	não, nada, em vão							13/04/2026	
1296	boekaguru	boekaguɾu	LEX	gordura, manteiga							13/04/2026	
1297	boekare	boekaɾe	ADV	não, nada, inutilmente, em vão							13/04/2026	
1298	boekimo	boekimːo	ADV	não, em vão, inutilmenta nada							13/04/2026	
1299	boekori	boekoɾi	LEX	raiva							13/04/2026	
1300	boekumerki	boekumeɾki	LEX	várzea entre uma cabeceira e o cerrado							13/04/2026	
1301	boemaegodu	boemaeˈgodːɯ	LEX	demorar							13/04/2026	
1302	boemo	boemːo	LEX	lombada							13/04/2026	
1303	boemoduka	boemoduka	LEX	não, não pode ser							13/04/2026	
1304	boepa 1	boepa	LEX	roça, lavoura							13/04/2026	
1305	boepa 2	boepa	LEX	roça							13/04/2026	
1306	boepa codu	boepa tʃodu	LEX	capoeira							13/04/2026	
1307	boepado	boepadːʌ	VC	fazer roça							13/04/2026	
1308	boepadodu	boepaˈdːodːɯ	LEX	roça preparada, roçado							13/04/2026	
1309	boeru	boeɾu	LEX	calor							13/04/2026	
1310	bogai	bogai	POSP	a, por, para, à procura de, em busca de							13/04/2026	
1311	boi 1	boi	ADV	último, depois, ultimamente							13/04/2026	
1312	boi 2	boi	LEX	desejo, vontade							13/04/2026	
1313	boi 3	boi	ADV	último, depois, ultimamente							13/04/2026	
1314	boiadowu (boe oiadowu)	boiadowu	LEX	o do centro, o do meio							13/04/2026	
1315	boiagai (boe oiagai)	boiagai	ADV	perto do centro							13/04/2026	
1316	boiako (boeiako)	boiako	LEX	grande cova, grande buraco no terreno							13/04/2026	
1317	boiakodo (boeiakodo)	boiakodo	LEX	fazer grande buraco no terreno							13/04/2026	
1318	boiaruru	boiaɾuɾu	LEX	trovão							13/04/2026	
1319	boigabe (baigabe)	boigabe	LEX	cágado							13/04/2026	
1320	boigabe (baigabe)	boigabe	LEX	raio							13/04/2026	
1321	boigodu	boiˈgodːɯ	ADV	ultimamente	Ikodure boigodu 0 eu fui por último						13/04/2026	
1322	boigoduwu	boigoduwu	LEX	o último							13/04/2026	
1323	boio ito	boio ito	LEX	palmeira tucum, chamado também bukido							13/04/2026	
1324	boiogujo (bubutu jugu jugu)	boiogudʒo	LEX	chuvisco, garoa							13/04/2026	
1325	boito	boito	LEX	ladeira muito pronunciada	Boito kudukeje 0 encima do barranco						13/04/2026	
1326	boiwu	boiwu	LEX	último em ordem de tempo							13/04/2026	
1327	boke	boke	LEX	curva de um rio, curva de uma floresta							13/04/2026	
1328	boko	boko	LEX	marmelada preta							13/04/2026	
1329	bokodu	bokodːɯ	LEX	edema, inflamação	Pogora bokodure = Perna está inchada						13/04/2026	true
1330	bokodurewu	bokoduˈɾew	S	o inflamado, inchado							13/04/2026	
1331	bokogorewu	bokogoˈɾew	S	marmelinho, fruta do cerrado							13/04/2026	
1332	boku	boku	LEX	inchar, inhcaço; intumescência do tronco das planta							13/04/2026	
1333	bokuge	bokuge	LEX	isca, carniça	Bokuge mode awu bokuwace 0 esse grilo vai ser a isca						13/04/2026	
1334	bokugedo	bokugedːʌ	VC	preparar a isca							13/04/2026	
1335	bokuodu	bokuodːɯ	LEX	perigo, medo							13/04/2026	
1336	bokureboe	bokuɾeboe	LEX	furúnculo, tumor, inchaço							13/04/2026	
1337	bokwadí (bokwado i)	bokwadí	LEX	jatobá da floresta	Bokwado kurodure = Jatobá está maduro						13/04/2026	
1338	bokwado	bokwadːʌ	LEX	fruta do jatobá da floresta							13/04/2026	
1339	bokwari	bokwaɾi	LEX	variedade de lontra; designação de certo espírito							13/04/2026	
1340	bopa	bopa	S	muçum		gênero Synbranchus	https://pt.wikipedia.org/wiki/Synbranchus_marmoratus	https://upload.wikimedia.org/wikipedia/commons/thumb/2/26/Synbranchus_marmoratus.jpg/960px-Synbranchus_marmoratus.jpg			13/04/2026	
1341	bopona	boponːa	LEX	coxa, perna							13/04/2026	true
1342	bopona ra	bopona ɾa	LEX	fêmur							13/04/2026	
1343	boporira	bopoɾiɾa	LEX	saraiva, granizo, chuLEXa de pedra							13/04/2026	
1344	bora	boɾa	LEX	perna							13/04/2026	
1345	bora (boura)	boɾa	LEX	conta, enfeite de contas, miçanga							13/04/2026	
1346	bora (pora)	boɾa	LEX	região peitoral							13/04/2026	
1347	borado	boɾadːʌ	LEX	juntar, justapor: okwaborado (juntar as beiradas, juntar as margens							13/04/2026	
1348	borewu	boˈɾew	S	coleóptero, besouro, barata							13/04/2026	true
1349	borewu jagajaga	boɾew dʒagadʒaga	LEX	barata							13/04/2026	
1350	bori	boɾi	LEX	cera, favo de mel; carapaça do tatu; escamas ósseas do jacaré							13/04/2026	
1351	boro1	boɾo	LEX	não							13/04/2026	true
1352	boro2	boɾo	LEX	recompensa, retribuição							13/04/2026	true
1353	borodu	boɾodːɯ	LEX	calma, calmaria, sossego							13/04/2026	
1354	boroga	boɾoga	LEX	extremidade inferior branca e comestível das folhas de coroatá							13/04/2026	
1355	bororo	boɾoɾo	S	pátio							13/04/2026	
1356	borororewu	boɾoɾoˈɾew	S	ator, intérprete, indivíduo que representa							13/04/2026	
1357	boru	boɾu	INTJ	indica compaixão, dó							13/04/2026	
1358	botobo	botobo	LEX	rebojo							13/04/2026	
1359	botorogu ipo	botoɾogu ipo	LEX	peroba							13/04/2026	
1360	botu	botu	LEX	germinação, brotar, nascer							13/04/2026	
1361	botudo	botudːʌ	VC	fazer nascer, fazer germinar, fazer brotar							13/04/2026	
1362	botudodu	botudːodːɯ	PPASS	nascido, germinado, brotado							13/04/2026	
1363	boturewu	botːuˈɾew	S	o que nasce, o que nasceu, o que brotou							13/04/2026	
1364	boura (bora)	bouɾa	LEX	conta, enfeite de conta, miçanga							13/04/2026	
1365	bowu	bowu	LEX	lado							13/04/2026	
1366	bowujedu	bowudʒedu	PPART	rasgado, rachado, partido, cortado							13/04/2026	
1367	bowujedurewu	bowudʒedːuˈɾew	S	o rachado, o partido, o rasgado							13/04/2026	
1368	braetaetae	bɾaetaetae	LEX	rã		Ranidae	https://pt.wikipedia.org/wiki/Ranidae				13/04/2026	
1369	bu 2	bɯ	LEX	colocação, colocar, pôr, deitar-se	iwu = eu deito						13/04/2026	
1370	bubutu jugujugu	bɯbɯtɯ dʒugudʒugu	LEX	chuvisco, garoa							13/04/2026	
1371	buda	budːa	LEX	lugar onde se coloca algo							13/04/2026	
1372	budu	budu	PPART	colocado							13/04/2026	
1373	bugodurewu	bugoduˈɾew	S	arrepio							13/04/2026	
1374	bugodurewudo	bugoduɾewdːʌ	VC	fazer arrepiar							13/04/2026	
1375	bugu	bugu	ADV	assim							13/04/2026	
1376	buiaku (boe aku biaku)	buiaku	LEX	frio, friagem							13/04/2026	
1377	buiakugodu (biakugodu)	buiakugodu	LEX	friagem iminente							13/04/2026	
1378	buiogo	buiogo	LEX	piranha		"Subfamília:	Serrasalminae"	https://pt.wikipedia.org/wiki/Piranha	https://upload.wikimedia.org/wikipedia/commons/thumb/f/f8/Piranha_fish.jpg/960px-Piranha_fish.jpg			13/04/2026	
1379	buiogo (pl. buiogoe)	buiogo	LEX	piranha							13/04/2026	
1380	bukajeje	bukadʒedʒːe	POSP	por cima de							13/04/2026	
1381	buke1	buke	LEX	rede de pescar							13/04/2026	
1382	buke2	buke	LEX	tamanduá bandeira		Myrmecophaga tridactyla	https://pt.wikipedia.org/wiki/Tamanduá-bandeira				13/04/2026	
1383	bukeje	bukedʒːe	POSP	sobre, em, em cima							13/04/2026	
1384	bukeruru	bukeɾuɾu	LEX	pesca executada com rede, pescar com rede							13/04/2026	
1385	bukerurudo	bukeɾuɾudːʌ	VC	fazer pescar com rede, mandar pescar com rede							13/04/2026	
1386	bukerururewu	bukeɾuɾuˈɾew	S	pescador com rede							13/04/2026	
1387	buodo	buodːʌ	LEX	anzol	pawoguwo buodo tabo=vamos pescar com anzol						13/04/2026	
1388	buodo epa	buodo epa	LEX	pescador com anzol							13/04/2026	
1389	buodo iku	buodo iku	LEX	linha de pescar							13/04/2026	
1390	buogu	buogu	LEX	pescar com anzol							13/04/2026	
1391	buogudo	buogudːʌ	VC	fazer pescar com anzol							13/04/2026	
1392	buogudodu	buogudːodːɯ	PPASS	feito pescar com anzol							13/04/2026	
1393	buogugo	buogugo	LEX	mandar pescar com anzol							13/04/2026	
1394	buogugodu	buoguˈgodːɯ	LEX	pesca incipiente							13/04/2026	
1395	buogugodurewu	buogugoduˈɾew	S	o que começa a pescar							13/04/2026	
1396	bure jai jai	buɾe dʒai dʒai	LEX	bicicleta		bicicleta	https://pt.wikipedia.org/wiki/Bicicleta	https://upload.wikimedia.org/wikipedia/commons/thumb/4/41/Left_side_of_Flying_Pigeon.jpg/960px-Left_side_of_Flying_Pigeon.jpg			13/04/2026	
1397	bure okea	buɾe okea	LEX	planta do pé							13/04/2026	
1398	bure okea kejewu (burekea kejewu)	buɾe okea kedʒewu	LEX	alpercata, sandália							13/04/2026	
1399	bure okea kejewu (burekea kejewu)	buɾe okea kedʒewu	LEX	sandália							13/04/2026	
1400	bure paru	buɾe paɾu	LEX	tornozelo							13/04/2026	
1401	bure tadawu	buɾe tadawu	LEX	calçado, sapato, botina							13/04/2026	
1402	burea	buɾea	LEX	rastro, pegada, trilho							13/04/2026	
1403	bureado	buɾeadːʌ	LEX	calcanhar							13/04/2026	
1404	bureado ra	buɾeado ɾa	LEX	osso do calcanhar							13/04/2026	
1405	buredu	buɾedːɯ	LEX	aproximar, parar							13/04/2026	
1406	bureko	buɾeko	LEX	dedo do pé humano							13/04/2026	
1407	burekoibo kawarurewu	buɾekoibo kawaɾuɾew	S	borboleta azul							13/04/2026	
1408	burera	buɾeɾa	LEX	tíbia							13/04/2026	
1409	burududu	buɾududːɯ	LEX	amargura							13/04/2026	
1410	burududurewu	buɾududuˈɾew	LEX	o amargo							13/04/2026	
1411	bururi	buɾuɾi	LEX	semamargura							13/04/2026	
1412	bururirewu	buɾuɾiˈɾew	LEX	o semamargo							13/04/2026	
1413	bururu	buɾuɾu	LEX	adormecimento, perder a sensibilidade							13/04/2026	
1414	bururugodu	buɾuɾuˈgodːɯ	LEX	entorpecimento, amortecimento, amortecer, adormecer, ficar sem movimento, ficar adormecido perder a sensibilidade							13/04/2026	
1415	buta	buta	LEX	lugar de queda							13/04/2026	
1416	butao	butao	LEX	chuva, estação das chuva							13/04/2026	
1417	butaodoge	butaodoge	LEX	chuva; designação de certos espíritos causadores de chuva							13/04/2026	
1418	butobo 1	butobo	LEX	remoinho, rebojo, sorvedouro; fruto de um cipó apresentando desenhos caóticos semelhantes a um rebojo d'água							13/04/2026	
1419	butobo 2	butobo	LEX	remoinho, rebojo, sorvedouro; fruto de um cipó com forma semelhante a um rebojo d'água							13/04/2026	
1420	butore	butoɾe	LEX	chocalho feito de unhas de porco silvestre; cinto contendo chocalho de unha							13/04/2026	
1421	butu	butu	LEX	queda, nascimento, crueza; cair, nascer (dos seres animados), estar cru	ewudure Meruri keje = eles nasceram em Meruri						13/04/2026	
1422	butudo 1	butudːʌ	LEX	fazer cair, causar queda, derrubar	Akaba nowu akiri butudo. = Você não derrube esse anjico.						13/04/2026	
1423	butudo 2	butudːʌ	VC	fazer cair, causar queda, derrubar							13/04/2026	
1424	butugo 1	butugo	LEX	bem-te-vi		Pitangus sulphuratus	https://pt.wikipedia.org/wiki/Bem-te-vi	https://upload.wikimedia.org/wikipedia/commons/thumb/9/94/Great_kiskadee_%2870240%29.jpg/960px-Great_kiskadee_%2870240%29.jpg			13/04/2026	
1425	butugo 2	butugo	VC	fazer cair com suavidade							13/04/2026	
1426	butugodu	butuˈgodːɯ	LEX	queda iminente, nascimento iminente, estar para cair, estar para nascer							13/04/2026	
1427	butugu	butugu	LEX	calma, lentidão, tranqüilidade, vagar							13/04/2026	
1428	butugudo	butugudːʌ	LEX	agir devagar, agir com calma, esperar: awudugudo (espere, tenha calma							13/04/2026	
1429	butugugo	butugugo	VC	calma, perdão, alívio, agradecimento							13/04/2026	
1430	butugugodu	butuguˈgodːɯ	LEX	calma, perdão, espera, alívio							13/04/2026	
1431	butugugodurewu	butugugoduˈɾew	S	o paciente, o perdoado, o que espera, o aliviado, o agradecido							13/04/2026	
1432	butuiari	butuiaɾi	LEX	pirilampo, vagalume							13/04/2026	
1433	buturewu	butuˈɾew	LEX	o que caiu, o cru, o não maduro							13/04/2026	
1434	ca (icá)	tʃa	ADV	ei							13/04/2026	
1435	ca kuri je	tʃa kuɾi dʒːe	ADV	logo cedo, de madrugada							13/04/2026	
1436	cagigi (kicagigi)	tʃagigi	LEX	muito seco, frágil							13/04/2026	
1437	cai	tʃai	ADV	logo, imediatamente							13/04/2026	
1438	cai je	tʃai dʒːe	ADV	logo, imediatamente							13/04/2026	
1439	camu	tʃamːu	ADV	absolutamente							13/04/2026	
1440	camugogo	tʃamugogo	ADV	absolutamente							13/04/2026	
1441	care (icare)	tʃaɾe	ADV	então, depoi							13/04/2026	
1442	caru 1	tʃaɾu	ADV	muito							13/04/2026	
1443	caru 2	tʃaɾu	LEX	frágil, que esmigalha fácil							13/04/2026	
1444	carugo	tʃaɾugo	LEX	sogra, madrinha, tia: imarugo,acarugo,ucarugo cejarugo pajarugo tajarugo ecarugo tujarugo (minha madrinha, etc							13/04/2026	
1445	ce (vrt. de co)	tʃe	LEX	preto, escuro							13/04/2026	
1446	ce 1	tʃe	ADV	lá, até							13/04/2026	
1447	ce 2	tʃe	POSP	regência de alguns verbos, como kudu (beber), pagudu (ter medo), poguru (ter vergonha)							13/04/2026	
1448	ceba (eceba vrt. jeba)	tʃeba	LEX	(cf epa) encarregado, matador							13/04/2026	
1449	cebae (epae)	tʃebae	LEX	chagas, feridas, sofrimento:icebae acebae ucebae cejebae pajebae tajebae ecebae tujebae (minhas feridas, etc							13/04/2026	
1450	cebaedo	tʃebaedːʌ	LEX	ferir, medicar							13/04/2026	
1451	cebegi	tʃebegi	ADV	embaixo, do lado inferior							13/04/2026	
1452	cebegiwu	tʃebegiwu	LEX	o do lado de baixo; indivíduo do suclã situado mais a oeste em relação aos outros grupos do mesmo clã							13/04/2026	
1453	cebegiwuge (pl. de cebegiwu)	tʃebegiwuge	LEX	os do lado de baixo, os do lado do oeste							13/04/2026	
1454	ceegorai	tʃeegoɾai	POSP	perto de nós, ao nosso lado (cf jokorai    POSP							13/04/2026	
1455	cegu (eku)	tʃegu	LEX	fel							13/04/2026	
1456	cegu (icegu)	tʃegu	LEX	inflorescência amarela, partudo, ipê amarelo, cor amarela, cor bonita, beleza							13/04/2026	
1457	ceje	tʃedʒːe	LEX	gavião fumaça							13/04/2026	
1458	cerae (pl. de ceraedu, fem. ceraredu; vrt. ecerae)	tʃeɾae	LEX	os fracos: metade exogâmica da nação bororo, situar-se do lado norte da aldeia							13/04/2026	
1459	cerewu (vrt. de corewu)	tʃeɾew	LEX	preto, escuro							13/04/2026	
1460	cibae (sing. e pl.)	tʃibae	LEX	araracanga		Ara chloropterus	https://pt.wikipedia.org/wiki/Arara-vermelha	https://upload.wikimedia.org/wikipedia/commons/thumb/6/63/Ara_chloropterus_-Apenheul_Primate_Park_-Netherlands-8a.jpg/960px-Ara_chloropterus_-Apenheul_Primate_Park_-Netherlands-8a.jpg			13/04/2026	
1461	cibae eegurea	tʃibae eeguɾea	LEX	listras dos olhos das araracanga							13/04/2026	
1462	cibidurewu	tʃibiduˈɾew	S	o que foi enchido							13/04/2026	
1463	ciodo	tʃiodːʌ	VC	empurrar							13/04/2026	
1464	ciriwore	tʃiɾiwoɾe	LEX	designação de um caruncho de jatobá; de um espírito							13/04/2026	
1465	ciwabo (pl.ciwaboe)	tʃiwabo	LEX	japu macho, ou xexéu				https://upload.wikimedia.org/wikipedia/commons/thumb/3/3d/Yellow-rumped_Cacique_-_Pantanal_-_Brazil_H8O2199_%2823593614830%29.jpg/500px-Yellow-rumped_Cacique_-_Pantanal_-_Brazil_H8O2199_%2823593614830%29.jpg			13/04/2026	
1466	ciwabo bataru keadurewu biri	tʃiwabo bataɾu keaduɾew biɾi	LEX	tipo de brinco feito de pele de japfêmea							13/04/2026	
1467	ciwabo biri	tʃiwabo biɾi	LEX	tipo de brinco feito de pele de xexéu							13/04/2026	
1468	ciwabo ri	tʃiwaˈboɾi	LEX	morro do japu							13/04/2026	
1469	ciwaBoe etoiaga	tʃiwaBoe etoiaga	LEX	viseira de penas de cauda de japu, ladeado por duas penas de cauda de arara, tendo na base um cordel revestido de penazinhas vermelhas de arara ou pretas de mutum, e no meio um motivo ornamental segundo o clã, sobre as viseiras bororo							13/04/2026	
1470	ciwaje	tʃiˈwadʒːe	S	urubu caçador, urubu cangalha		Cathartes aura	https://pt.wikipedia.org/wiki/Urubu-de-cabeça-vermelha	https://upload.wikimedia.org/wikipedia/commons/thumb/5/5a/Turkey_vulture_profile.jpg/560px-Turkey_vulture_profile.jpg	Segundo um Bakaru, ele ajuda um jovem a descer do penhasco.		13/04/2026	
1471	ciwaje aroe	tʃiˈwadʒe ˈaɾoe	S	nome de um tipo de representação e dos seus atores							13/04/2026	
1472	ciwaje atugo	tʃiwadʒe atugo	LEX	pintura corporal dos ciwaje aroe							13/04/2026	
1473	ciwaje uiorubo	tʃiwadʒe uioɾubo	S	arbusto mágico cujas raízes desprendem um mau cheiro semelhante ao do urubu caçador O chá das folhas é usado contra diversas doenças							13/04/2026	
1474	ciworo	tʃiwoɾo	LEX	choca (ave)							13/04/2026	
1475	ciwu	tʃiwu	LEX	variedade de picpau							13/04/2026	
1476	co (vrt.ce)	tʃo	LEX	preto, escuro, escuridão, sujeira	é preto/escuro						13/04/2026	
1477	cobojewu	tʃobodʒewu	LEX	o que está em cima, no alto							13/04/2026	
1478	cobugi	tʃobugi	LEX	em cima, do lado de cima							13/04/2026	
1479	cobugiwu	tʃobugiwu	LEX	o do lado de cima, o superior, designação do suclã situado mais ao leste em relação aos outros grupos do mesmo clã							13/04/2026	
1480	codo	tʃodːʌ	LEX	tornar preto, sujar, escurecer							13/04/2026	
1481	cododu	tʃoˈdːodːɯ	PPASS	tornado preto, tornado escuro, tornado sujo							13/04/2026	
1482	cododurewu	tʃodːodːɯˈɾew	S	o que foi tornado preto, o escurecido, o sujado							13/04/2026	
1483	codu (pl. codudoge)	tʃodːɯ	LEX	escuridão, o escuro							13/04/2026	
1484	codugodu	tʃoduˈgodːɯ	LEX	velhice, feiura, sujeira, escuridão, começar a envelhecer, começar a sujar							13/04/2026	
1485	codugodurewu	tʃodugoduˈɾew	S	o que fica esccuro, velho, sujo, feio							13/04/2026	
1486	codurewu	tʃoduˈɾew	LEX	ancião, velho, o que é velho, o que é usado							13/04/2026	
1487	cogo (vrt. de codo)	tʃogo	LEX	sujar, tornar preto, escuro							13/04/2026	
1488	cogodu	tʃoˈgodːɯ	LEX	velhice incipiente, começar a ficar preto, velho, sujo							13/04/2026	
1489	coi	tʃoi	LEX	variedade de coruja							13/04/2026	
1490	começar a esbranquecer, brancura incipiente, limpeza incipiente, palidez incipiente.	kigaduˈgodːɯ	LEX	alvura incipiente, brancura incipiente, limpeza incipiente, palidez incipiente							13/04/2026	
1491	comoroi 1	tʃomoɾoi	ADV	embaixo, mais para abaixoVer: cebegi							13/04/2026	
1492	comoroi 2	tʃomoɾoi	LEX	o que está mais em baixo							13/04/2026	
1493	corewu	tʃoˈɾew	LEX	preto, escuro, sujo Vrt cerewu							13/04/2026	
1494	cu	tʃu	LEX	variedade de socó							13/04/2026	
1495	cua	tʃua	LEX	calvície, estar calvo	akao biri cuare = tua cabeça está calva						13/04/2026	
1496	cuado	tʃuadːʌ	LEX	tornar calvo							13/04/2026	
1497	cuarewu	tʃuaˈɾew	LEX	calvo							13/04/2026	
1498	cucu	tʃutʃːu	LEX	nome de uma ave					Espécie não identificada		13/04/2026	
1499	cugui (pl. cuguie)	tʃugui	LEX	tucaninho, araçaripoca Vrt cigui							13/04/2026	
1500	cugui oto oto	tʃugui oto oto	LEX	tipo de flecha							13/04/2026	
1501	cugui utugo	tʃugui utugo	LEX	flecha cujo distintivo tem a cor das penas de tucaninho araçaripoca Pertence aos Ap							13/04/2026	
1502	cuguie ewiri	tʃuguie ewiɾi	LEX	peles de tucaninho convertidas em brinco							13/04/2026	
1503	cuku	tʃuku	ADV	pretende imitar o som de um objeto cortante, ou de uma flecha que atinge o alvo, ou de qualquer objeto que cai ou penetra com rapidez							13/04/2026	
1504	curui	tʃuɾui	LEX	papagaiurubu							13/04/2026	
1505	curui ri	tʃuɾui ɾi	LEX	morro nos arredores da cidade de Torixorewu, na margem esquerdo do rio Orowaribo Kurirewu, rio Araguaia							13/04/2026	
1506	cururu	tʃuɾuɾu	LEX	(onom) crispim			https://pt.wikipedia.org/wiki/Saci_(ave)	https://upload.wikimedia.org/wikipedia/commons/thumb/8/88/Tapera_naevia.jpg/560px-Tapera_naevia.jpg			13/04/2026	
1507	daka	daka	ADV	repentinamente, de repente							13/04/2026	
1508	daradara	daɾadaɾa	ADV	depressa							13/04/2026	
1509	dogodogo	dogodogo	ADV	separadamente, isoladamente							13/04/2026	
1510	domidomi	domidomːi	ADV	pretende imitar o andar cambaleante de um ser qualquer							13/04/2026	
1511	durugodu	doɾugudːɯ		está fortalecendo							13/04/2026	
1512	guruguru tabo	guruguru tabo		mais com pressa, o mais rápido							13/04/2026	
1513	dukana	dukanːa	ADV	exprime dúvida: será mesmo? Será que?							13/04/2026	
1514	dukeje	dukedʒːe	ADV	depois que, então, quando							13/04/2026	
1515	dukodi karega	dukodi kaɾega	ADV	em vão, inutilmente, todavia, apesar disso							13/04/2026	
1516	dukodia	dukodia	ADV	por isso, sim							13/04/2026	
1517	dukodiboe	dukodiboe	ADV	sim, é isso mesmo							13/04/2026	
1518	dukodigurae	dukodiguɾae	ADV	sim, é isso mesmo							13/04/2026	
1519	duku	duku	ADV	mais ou menos, acerca, aproximadamente							13/04/2026	
1520	dumarae	dumaɾae	ADV	não, não será assim							13/04/2026	
1521	dumode	dumode	ADV	sim, será assim							13/04/2026	
1522	dumodukarae	dumodukaɾae	ADV	não será assim							13/04/2026	
1523	dumodukare	dumodukaɾe	LEX	isso não acontecerá							13/04/2026	
1524	dumodurae	dumoduɾae	ADV	será assim							13/04/2026	
1525	dupijire	dupidʒiɾe	ADV	a partir de, depoi							13/04/2026	
1526	dutabo	dutabo	ADV	com isso, enquanto isso, quando							13/04/2026	
1527	dutabore	dutaboɾe	ADV	então, depois, portanto							13/04/2026	
1528	e (pl. de kudobu)	e	LEX	quatis							13/04/2026	
1529	eakiri	eakiɾi	LEX	mofo							13/04/2026	
1530	eakirido 1	eakiɾidːʌ	LEX	fazer mofar							13/04/2026	
1531	eakirido 2	eakiɾidːʌ	VC	fazer mofar							13/04/2026	
1532	eakiridoda	eakiɾidodːa	LEX	lugar onde mofou algo							13/04/2026	
1533	eakiridodurewu	eakiɾiˈdːodːɯˈɾew	PPASS	aquilo que está mofado							13/04/2026	
1534	eba (epa)	eba	LEX	encarregado, instrumento para, matador							13/04/2026	
1535	ebaedo (epaedo) jebaedo cebado:	ebaedo dʒebaedo tʃebado:	LEX	ferir, pôr remédio							13/04/2026	
1536	ebirigi	ebiɾigi	LEX	ruga da pele do rosto							13/04/2026	
1537	ebirigido	ebiɾigidːʌ	LEX	enrugar a pele do rosto, piscar o olho							13/04/2026	
1538	eceba (pl. ecebage. cf. epa epage)	etʃeba	LEX	matador, inimigo, adversário, encarregado							13/04/2026	
1539	eceba (pl. ecebage)	etʃeba	LEX	matador, inimigo, adversário, encarregado							13/04/2026	
1540	ecerae ewaiporo	etʃeɾae ewaipoɾo	LEX	porta dosEcerae							13/04/2026	
1541	eceraredo	etʃeɾaɾedːʌ	S	mulher da metade setentrional da aldeia							13/04/2026	
1542	ecewu	etʃewu	PRON	aquele, aquela							13/04/2026	
1543	edadu	edadːɯ	LEX	acordar, despertar: jetadure (ele acordou							13/04/2026	
1544	edadudo 1	edadːudːʌ	S	fazer acordar, fazer despertar							13/04/2026	
1545	edadudo 2	edadːudːʌ	VC	fazer acordar, fazer despertar							13/04/2026	
1546	edaga	edaga	LEX	tio, padrinho, sogro							13/04/2026	
1547	edoga (vrt. de edaga vrt. edogwa)	edoga	LEX	tio, padrinho, sogro							13/04/2026	
1548	edoga pega (uiedoga pega)	edoga pega	LEX	tio avô							13/04/2026	
1549	edogodogo	edogodogo	LEX	variedade de ave							13/04/2026	
1550	edogodogo bari	edogodogo baɾi	LEX	tipo de cabacinhapito							13/04/2026	
1551	edogwa (vrt. edaga edoga)	edogwa	LEX	tio, padrinho, sogro							13/04/2026	
1552	edu	edːɯ	LEX	segurar, conservar							13/04/2026	
1553	eegaru	eegaɾu	LEX	notícia dele Também egaru							13/04/2026	
1554	ege	ege	LEX	face							13/04/2026	
1555	egoga	egoga	LEX	amarradura, cordão que serve para amarrar a boca de algo							13/04/2026	
1556	egogudo	egogudːʌ	LEX	amarrar a boca de algo							13/04/2026	
1557	egurea	eguɾea	LEX	tênues listras de plumazinhas que certas aves apresentam perto dos olho							13/04/2026	
1558	eguru	eguɾu	LEX	lágrima	boe etore eguru padure eku kajeje = saiu lágrimas dos olhos das crianças						13/04/2026	
1559	eiga (por ekiga)	eiga	LEX	chifre							13/04/2026	
1560	eigawa (pl. de ikawa)	eigawa	LEX	penas de asa dele							13/04/2026	
1561	ejiwu	edʒiwu	LEX	pintura facial							13/04/2026	
1562	ejiwudo	edʒiwudːʌ	LEX	pintar o rosto	boe ejiwu remawu reno 0 essa é a pintura verdadeira						13/04/2026	
1563	eka	eka	LEX	fruta da mutamba							13/04/2026	
1564	eka i	eka i	LEX	mutamba (árvore							13/04/2026	
1565	eka tugudu	eka tugudːɯ	LEX	cozido de frutas de mutamba							13/04/2026	
1566	eko	eko	LEX	pequi Fruta muito para a alimentação							13/04/2026	
1567	eko i	eko i	LEX	pequizeiro							13/04/2026	
1568	eko tugudu	eko tugudːɯ	LEX	cozido de frutos de pequi							13/04/2026	
1569	ekoe	ekoe	LEX	variedade de centopéia denominada também iwagu							13/04/2026	
1570	eku 1	eku	LEX	amarelo, limpidez, beleza							13/04/2026	
1571	eku 2	eku	LEX	bílis, fel							13/04/2026	
1572	eku 3	eku	LEX	cacho de coco							13/04/2026	
1573	joku bokwa	eku bokwa	LEX	cegueira, cego							13/04/2026	true
1574	eku bu (joku bu)	eku bu	LEX	pestana							13/04/2026	
1575	eku iru (joku iru)	eku iɾu	LEX	desprezo, desprezar							13/04/2026	
1576	eku irudo (joku irudo)	eku iɾudo	VC	escolher							13/04/2026	
1577	eku jodo (jokujodo)	eku dʒodo	VC	olhar benignamente							13/04/2026	
1578	eku kidu (joku kidu)	eku kidu	LEX	olhada fixa, curiosidade, olhar fixamente							13/04/2026	
1579	eku kidudo (joku kidudo)	eku kidːodːɯ	VC	fixar o olhar							13/04/2026	
1580	eku mekido (jokumekido)	eku mekido	VC	fazer odiar, desprezar							13/04/2026	
1581	eku pega (joku pega)	eku pega	LEX	olho ruim, visão enfraquecida, olhar malicioso							13/04/2026	
1582	eku pegado (joku pegado)	eku pegado	VC	ferir o olho; olhar mal							13/04/2026	
1583	eku rugudu	eku ɾugudːɯ	LEX	palidez,							13/04/2026	
1584	ekuda	ekudːa	LEX	o admirado, o amado							13/04/2026	
1585	ekuguda (Boe eekuguda)	ekuguda	LEX	espantalho, medo							13/04/2026	
1586	ekugududo (jokugududo)	ekugudːodːɯ	LEX	espantar, fazer ter medo							13/04/2026	
1587	ekugudugodu (jokugudugodu)	ekugudːɯgodu	LEX	ter medo, começar a ter medo							13/04/2026	
1588	ekugudurewu (jokugudurewu)	ekugudːɯɾew	LEX	medroso							13/04/2026	
1589	ekuguru (jokuguru)	ekuguɾu	LEX	lágrima							13/04/2026	
1590	ekumeriri (jokumeriri)	ekumeɾiɾi	LEX	óculos							13/04/2026	
1591	ekupio	ekupio	LEX	nó das árvore							13/04/2026	
1592	ekura	ekuɾa	LEX	pecíolo de cacho de coco; zigoma, malar							13/04/2026	
1593	ekura ra	ekuɾa ɾa	LEX	malar, zigoma							13/04/2026	
1594	ekure	ekuɾe	LEX	variedade de percevejo silvestre							13/04/2026	
1595	ekure cerewu	ekuɾe tʃeɾew	S	variedade de percevejo silvestre preto							13/04/2026	
1596	ekure ekurewu	ekuɾe ekuɾew	S	variedade de percevejo silvestre amarelo							13/04/2026	
1597	ekure kujagurewu	ekuɾe kudʒaguɾew	S	variedade de percevejo silvestre vermelho							13/04/2026	
1598	ekurewu1	ekuˈɾew	S	amarelo, bonito, belo, limpeza, clareza, beleza							13/04/2026	
1599	ekurewu2	ekuˈɾew	S	amarelo							13/04/2026	
1600	emaedo	emaedːʌ	LEX	(cf tuiemaedo, estender a vista)							13/04/2026	
1601	emaru (u)	emaɾu	LEX	procurar, verificar, explorar, investigar							13/04/2026	
1602	emido	emidːʌ	LEX	banha							13/04/2026	
1603	ena	enːa	LEX	bico, trança, trama, ponta, fibra, pescoço de qualquer objeto, periferia, região do nariz correspondente ao etmóide							13/04/2026	
1604	ena boa	ena boa	LEX	trança larga; variedade de larga trança usada em certos artefato							13/04/2026	
1605	ena boarewu	ena boaɾew	S	aquilo que tem larga trança							13/04/2026	
1606	ena ra	ena ɾa	LEX	osso etmoide ( osso central do crânio)		osso central do crânio	https://pt.wikipedia.org/wiki/Osso_etmoide	https://upload.wikimedia.org/wikipedia/commons/thumb/5/5b/Ethmoid.png/500px-Ethmoid.png			13/04/2026	
1607	ena tadawu	ena tadawu	LEX	rolha, coisa que serve para fechar a abertura de qualquer recipiente							13/04/2026	
1608	enado 1	enadːʌ	LEX	fruta da árvore, semana							13/04/2026	
1609	enado 2	enadːʌ	LEX	trançar, tecer, voltear das ave							13/04/2026	
1610	enado i	enado i	LEX	semana, árvore do cerrado							13/04/2026	
1611	enaga	enaga	LEX	fruta caída antes de amadurecer							13/04/2026	
1612	enaguru	enaguɾu	LEX	catarro							13/04/2026	
1613	enagururewu	enaguɾuˈɾew	S	acatarrado							13/04/2026	
1614	enari 1	enaɾi	LEX	cacho de frutas, cacho de flores, enfeite, rewunião, conjunto							13/04/2026	
1615	enari 2	enaɾi	LEX	pica-pau		Picidae	https://pt.wikipedia.org/wiki/Pica-pau				13/04/2026	
1616	enari ao kujagurewu 1	enaɾi ao kudʒaguɾew 1	S	pica-pau de cabeça branca		Melanerpes candidus	https://pt.wikipedia.org/wiki/Pica-pau-brantʃːo				13/04/2026	
1617	enari ao kujagurewu 2	enaɾi ao kudʒaguɾew 2	S	pica-pau de cabeça vermelha							13/04/2026	
1618	enarido	enaɾidːʌ	VC	reunir, ajuntar							13/04/2026	
1619	enarirewu	enaɾiˈɾew	S	objeto em forma de cacho de flores ou de frutas, objeto belo							13/04/2026	
1620	enawu	enawu	LEX	enfeite de penas indistintamente							13/04/2026	
1621	enawu (Boe ekenawu)	enawu	LEX	enfeite dos Bororo							13/04/2026	
1622	enawudo	enawudːʌ	LEX	enfeitar							13/04/2026	
1623	enawudodu	enawudːodːɯ	PPASS	enfeitado							13/04/2026	
1624	enawudodurewu	enawudːodːɯˈɾew	S	o enfeitado							13/04/2026	
1625	enawuiabo	enawuiabo	LEX	pogubo Cerewu, rio São Lourenço							13/04/2026	
1626	eno	enːo	LEX	nariz, ponta							13/04/2026	
1627	eno ako	eno ako	LEX	ronco, ronquido; roncar							13/04/2026	
1628	eno bori	eno boɾi	LEX	muco nasal							13/04/2026	
1629	eno poro	eno poɾo	LEX	furo aberto no septo nasal de um adulto por ocasião da furação do lábio inferior do seu primeiro filho homem							13/04/2026	
1630	eno ra	eno ɾa	LEX	osso nasal							13/04/2026	
1631	enobú (eno bu)	enobú	LEX	barbilhão que apresentam certos peixes a guisa de bigode							13/04/2026	
1632	enoge	enːoge	LEX	designação genérica das larvas das abelha							13/04/2026	
1633	enogerewu	enːogeˈɾew	S	variedade de grande epifita do serrado que na seca conserva água potável dentro de suas folha							13/04/2026	
1634	enogerewu onaregedu	enogeɾew onaɾegedu	LEX	boneca de brinquedo feito com folhas de enogerewu;							13/04/2026	
1635	enogu	enːogu	LEX	embrião de sementes, pena nova de ave							13/04/2026	
1636	enogujeba	enːogudʒeba	LEX	nome de certo espírito							13/04/2026	
1637	enogujeba	enːogudʒeba	LEX	variedade de pequeno peixe							13/04/2026	
1638	enoguru	enːoguɾu	LEX	lágrimas misturadas com muco nasal							13/04/2026	
1639	enojagodu	enːodʒaˈgodːɯ	LEX	assoar o nariz							13/04/2026	
1640	enojiji	enːodʒidʒːi	LEX	designação genérica dos gorgulho							13/04/2026	
1641	enojiwu	enːodʒiwu	LEX	designação do primeiro filho de sexo masculino (com ocasião de cujo nascimento é perfurado o nariz do pai)							13/04/2026	
1642	enojó (eno jo)	enodʒó	LEX	inclinação							13/04/2026	
1643	enojodo	enːodʒodːʌ	LEX	debruçar, inclinar, virar							13/04/2026	
1644	enokobo	enːokobo	LEX	voz nasal							13/04/2026	
1645	enokuri	enːokuɾi	LEX	tatu-bola	enokuri boire ii = tenho vontade de comer tatú	Tolypeutes	https://pt.wikipedia.org/wiki/Tatu-bola	https://upload.wikimedia.org/wikipedia/commons/thumb/2/22/Southern_Three_Banded_Armadillo_001-2.jpg/960px-Southern_Three_Banded_Armadillo_001-2.jpg			13/04/2026	
1646	enopaga	enːopaga	LEX	olfato, faro, farejo							13/04/2026	
1647	enopagarewu	enoːpagaˈɾew	S	o que cheira algo							13/04/2026	
1648	enopera	enoːpeɾa	LEX	ponta do nariz							13/04/2026	
1649	enoturu	enoːtuɾu	LEX	extremidade pontiaguda de uma floresta ou cerrado							13/04/2026	
1650	epa (pl. epage, cfr.eceba ecebage)	epa	LEX	meio, instrumento, encarregado, inimigo, matador, adversário							13/04/2026	
1651	epae	epae	LEX	feridas, chagas, sofrimentos, doença, enfermidade, remédio							13/04/2026	
1652	epaedo (ucebaedo)	epaedo	LEX	ferir, medicar							13/04/2026	
1653	epaerewu	epaeˈɾew	S	o ferido, o chagado							13/04/2026	
1654	epariwa i	epaɾiwa i	LEX	pachicote							13/04/2026	
1655	era (iera) uporu	eɾa upoɾu	LEX	dorso da mão							13/04/2026	
1656	era akemo (iera akemo)	eɾa akemo	LEX	desejo de vingar							13/04/2026	
1657	era ao (iera ao)	eɾa ao	LEX	articulação do dedo com o metacarpo							13/04/2026	
1658	era bia (iera bia)	eɾa bia	LEX	calosidade das mão							13/04/2026	
1659	era kujagu iepa	eɾa kudʒagu iepa	LEX	nome de certo espírito; vegetal usado como feitiço para causar morte							13/04/2026	
1660	era okea (iera okea)	eɾa okea	LEX	palma da mão							13/04/2026	
1661	era okwabiji (iera okwabiji)	eɾa okwabidʒi	LEX	empunhadura do arco							13/04/2026	
1662	era paru (iera paru)	eɾa paɾu	LEX	pulso, munheca da mão							13/04/2026	
1663	era paru kajejewu	eɾa paɾu kadʒedʒewu	LEX	pulseira							13/04/2026	
1664	era ra (iera ra)	eɾa ɾa	LEX	esqueleto da mão, metacarpo							13/04/2026	
1665	era raido (iera raido)	eɾa ɾaido	VC	estender a mão							13/04/2026	
1666	eraaidu (ieraaidu)	eɾaaidu	LEX	querência, obediência							13/04/2026	
1667	eraaidudo (ieraaidudo)	eɾaaidːodːɯ	LEX	obedecer							13/04/2026	
1668	erakagu (ierakagu)	eɾakagu	LEX	esfregar							13/04/2026	
1669	erakeadu (ierakeadu)	eɾakeadu	LEX	brincadeira indecente							13/04/2026	
1670	erakiari (ierakiari)	eɾakiaɾi	LEX	preguiça, desobediência, ter preguiça, ser preguiçoso							13/04/2026	
1671	erako (ierako) ao	eɾako ao	LEX	articulação das várias falanges entre si							13/04/2026	
1672	erako (ierako) apa	eɾako apa	LEX	vão dos dedo							13/04/2026	
1673	erako (ierako) bape	eɾako bape	LEX	dedo mínimo							13/04/2026	
1674	erako (ierako) boe oiadadawu	eɾako boe oiadadawu	LEX	dedo do meio							13/04/2026	
1675	erako (ierako) boe oiadadawu mekiwu	eɾako boe oiadadawu mekiwu	LEX	dedo anular							13/04/2026	
1676	erako (ierako) je	eɾako dʒːe	LEX	extremidade dos dedos das mão							13/04/2026	
1677	erako (ierako) kurirewu	eɾako kuɾiɾew	S	dedo polegar							13/04/2026	
1678	erako (ierako) kurirewu mekiwu	eɾako kuɾiɾew mekiwu	LEX	dedo indicador							13/04/2026	
1679	erako (ierako) oia	eɾako oia	LEX	falanginha dos dedos das mão							13/04/2026	
1680	erako (ierako) oto	eɾako oto	LEX	falangeta							13/04/2026	
1681	erako (ierako) oto ra	eɾako oto ɾa	LEX	osso da falangeta							13/04/2026	
1682	erako (ierako) paru	eɾako paɾu	LEX	falange dos dedos das mão							13/04/2026	
1683	erako (ierako) ra	eɾako ɾa	LEX	esqueleto dos dedos das mão							13/04/2026	
1684	eramagadu (tugeramagadu)	eɾamagadu	LEX	falar com mímica							13/04/2026	
1685	eraokeado (iera okeado)	eɾaokeado	LEX	brincar indecentemente							13/04/2026	
1686	erarewu (ierareu)	eɾaɾew	LEX	o que é desenhado em riscos paralelo							13/04/2026	
1687	erdiwado	eɾdiwadːʌ	LEX	ensinar							13/04/2026	
1688	eregejeje	eɾegedʒedʒːe	LEX	variedade de pica pau							13/04/2026	
1689	eró	eɾó	LEX	esperteza, astúcia, atividade							13/04/2026	
1690	erodo	eɾodːʌ	LEX	tornar esperto, tornar ativo, tornar prático, tornar astuto							13/04/2026	
1691	erogwa gori	eɾogwa goɾi	LEX	fuligem							13/04/2026	
1692	erogwaiwo	eɾogwaiwo	LEX	tipo de prego ornamental							13/04/2026	
1693	eru kigadu	eɾu kigadu	LEX	afta, sapinho							13/04/2026	
1694	erubaru	eɾubaɾu	LEX	base da língua							13/04/2026	
1695	erubaru okea	eɾubaɾu okea	LEX	por baixo da língua							13/04/2026	
1696	erubo (jorubo)	eɾubo	LEX	doença, epidemia, estrepe, remédio, veneno, vegetal mágico, feitiço							13/04/2026	
1697	erubodu	eɾubodːɯ	LEX	virar às avessas							13/04/2026	
1698	erudiwa	eɾdiwa	LEX	sabedoria, saber	amogomode ioruduwawo Boe ewadaru ji = você vai falar para eu saber a língua Bororo						13/04/2026	
1699	erudu	eɾdːɯ	LEX	visão, ver							13/04/2026	
1700	erududo	eɾdːudːʌ	VC	fazer ver, mostrar							13/04/2026	
1701	eruduwa	eɾduwa	LEX	sabedoria, conhecimento; saber, conhecer							13/04/2026	
1702	eruduwado	eɾuduwadːʌ	LEX	ensinar, instruir							13/04/2026	
1703	eruduwarewu	eɾuduwaˈɾew	S	o que sabe, o que conhece							13/04/2026	
1704	erugodu	eɾuˈgodːɯ	LEX	estomatite, sapinho, afta							13/04/2026	
1705	erugodudo	eɾugodːudːʌ	LEX	causar afta							13/04/2026	
1706	erugodurewu	eɾugoduˈɾew	S	o que sofre de afta							13/04/2026	
1707	erugogo	eɾugogo	LEX	rouquidão, estar rouco: ikerugogore (estou rouco)							13/04/2026	
1708	erukadu	eɾukadːɯ	LEX	afta							13/04/2026	
1709	erukobo	eɾukobo	LEX	gagueira							13/04/2026	
1710	eta 1	eta	LEX	aresta, esquina, espinhaço							13/04/2026	
1711	eta 2	eta	LEX	vigia							13/04/2026	
1712	etari	etaɾi	LEX	jararacuçu, cabeça de capanga (cobra							13/04/2026	
1713	etarigo (tarigo)	etaɾigo	LEX	queixada macho							13/04/2026	
1714	etó (je to)	etó	LEX	vigiar, cuidar, consolar, alegrar							13/04/2026	
1715	ewo	ewo	LEX	cobra cascavel							13/04/2026	
1716	eworirewu	ewoɾiˈɾew	S	cobra surucucu							13/04/2026	
1717	ge (ke)	ge	LEX	alimento							13/04/2026	
1718	geregere	geɾegeɾe	LEX	não falar direito, falar atrapalhado							13/04/2026	
1719	gigido	gigidːʌ	LEX	fazer cócega							13/04/2026	
1720	gigiri	giˈgiɾi	LEX	ruga, ondulação, ondulado, enrugado							13/04/2026	
1721	gigirido	gigiɾidːʌ	LEX	ondular, enrugar fazer murchar							13/04/2026	
1722	gigirirewu	gigiɾiˈɾew	S	enrugado, ondulado, murcho							13/04/2026	
1723	gigodoge	gigodoge	LEX	abelhas bijuí		Scaptotrigona polysticta					13/04/2026	
1724	gijegije	gidʒegidʒːe	LEX	variedade de pequeno peixe							13/04/2026	
1725	giri (pl. gire)	giɾi	LEX	multidão, abundância							13/04/2026	
1726	girika	giɾika	ADV	não muito, pouco							13/04/2026	
1727	girori	giɾoɾi	LEX	cheiro forte e penetrante, exalar forte cheiro							13/04/2026	
1728	girorido	giɾoɾidːʌ	LEX	guisar, refogar							13/04/2026	
1729	godudodurewu	godudːodːɯˈɾew	S	o chamuscado, o murchado							13/04/2026	
1730	godugodu	goduˈgodːɯ	LEX	chamusca, chamuscar							13/04/2026	
1731	godurewu	goduˈɾew	S	o chamuscado							13/04/2026	
1732	gogo	gogo	ADV	intensivador de advérbio							13/04/2026	
1733	goi	goi	LEX	convalescência, tristeza, feiura, arrepio							13/04/2026	
1734	goibo	goibo	LEX	plumagem arrepiada							13/04/2026	
1735	goibodo	goibodːʌ	LEX	desordenar, desgrenhar, entristecer							13/04/2026	
1736	goido	goidːʌ	LEX	convalescer, entristecer, fazer uma ação mal feita, desgrenhar, revirar							13/04/2026	
1737	goredu	goɾedːɯ	LEX	assado, tostado, dourado ao fogo							13/04/2026	
1738	gori	goɾi	LEX	cheiro de queimado, queima, assadura, chamusca							13/04/2026	
1739	goricaru	goɾitʃaɾu	LEX	assado exageradamente							13/04/2026	
1740	gorico	goɾitʃːo	LEX	assadura exagerada							13/04/2026	
1741	goridoda	goɾidodːa	LEX	lugar onde se assa algo							13/04/2026	
1742	goridodurewu	goɾiˈdːodːɯˈɾew	S	o assado, torrado, tostado							13/04/2026	
1743	gorigori	goɾigoɾi	LEX	assadura imperfeita							13/04/2026	
1744	gorireboe	goɾiɾeboe	LEX	coisa assada, alimento assado							13/04/2026	
1745	gucurewu	gutʃuˈɾew	S	afiado, agudo, fino							13/04/2026	
1746	gugo	gugo	LEX	azedume							13/04/2026	
1747	gugodo	guˈgodːʌ	LEX	azedar							13/04/2026	
1748	gugorewu	gugoˈɾew	S	azedo							13/04/2026	
1749	guguco	gugutʃːo	LEX	hematoma	Barae emaragadae ure iwiri gugucodo 0 as tecnicas usadas por brancos deixaram o meu corpo roxo						13/04/2026	
1750	gunara	gunaɾa	LEX	dúvida, duvidar							13/04/2026	
1751	gunarado	gunaɾadːʌ	VC	fazer duvidar							13/04/2026	
1752	gurae	guɾae	ADV	mesmo, na verdade; será que é?							13/04/2026	
1753	guriri	guɾiɾi	LEX	contusão; contundir-se	Awu meru tugo oiwa gururirinure 0 o local da picada de arraia está levemente dolorido						13/04/2026	
1754	gurirido	guɾiɾidːʌ	LEX	espancar, contundir							13/04/2026	
1755	guriridodu	guɾiɾiˈdːodːɯ	LEX	espancado, contundido							13/04/2026	
1756	guru	guɾu	SUF	indica coletividade, pluralidade: kadoguru (taquaral							13/04/2026	
1757	guruguru	guɾuguɾu	LEX	pressa, rapidez Ex guruguru tabo (depressa	Amerudo guruguru tabo pagaregodu mariguwo 0 anda de pressa para chegar logo						13/04/2026	
1758	gwari	gwaɾi	LEX	receio, medo, temor, frouxidão; ter receio							13/04/2026	
1759	gwarido (barido)	gwaɾido	LEX	afrouxar							13/04/2026	
1760	i 1	i	LEX	árvore							13/04/2026	
1761	i 2	i	SUF	sufixo de predicado desclassificado, similar ao gerúndio do português (-ando, -endo, -indo) A forma verbal com esse sufixo nunca é o verbo principal da oração							13/04/2026	
1762	i kupio	i kupio	LEX	nó das árvore							13/04/2026	
1763	i kuru	i kuɾu	LEX	seiva (líquido de árovre)							13/04/2026	
1764	iá	iá	INTJ	indica dor							13/04/2026	
1765	iaba	iaba	LEX	forquilha de árvore; abertura							13/04/2026	
1766	iabado	iabadːʌ	LEX	abrir uma forquilha							13/04/2026	
1767	iabadodu	iabaˈdːodːɯ	PPASS	forqueado							13/04/2026	
1768	iabadodurewu	iabaˈdːodːɯˈɾew	S	o forqueado							13/04/2026	
1769	iabarewu	iabaˈɾew	S	o forqueado							13/04/2026	
1770	iaboerewu	iaboeˈɾew	PRON	alguém, um outro, um fulano							13/04/2026	
1771	iaboerewu	iaboeˈɾew	PRON	pronome indefinido: alguém							13/04/2026	
1772	iado	iadːʌ	LEX	terminar, acabar, concluir							13/04/2026	
1773	iado (jado)	iado	LEX	abrir							13/04/2026	
1774	iadodurewu	iaˈdːodːɯˈɾew	S	terminado, acabado							13/04/2026	
1775	iadu (pl. iadumage)	iadu	LEX	companheiro, amigo, representante de um finado							13/04/2026	
1776	iadurigi (jadurigi)	iaduɾigi	LEX	bocejo, bocejar							13/04/2026	
1777	iadurigido (jadurigido)	iaduɾigido	LEX	fazer bocejar							13/04/2026	
1778	iae (jae)	iae	ADV	distância, longe							13/04/2026	
1779	iaedo (jaedo tuiaedo)	iaedo	LEX	distanciar, afastar, distanciar-se							13/04/2026	
1780	iaedodu (jaedodu)	iaedodu	PPASS	distanciado, afastada							13/04/2026	
1781	iaedodurewu (jaedodureu)	iaedoduɾew	PPASS	o distanciado, o afastado							13/04/2026	
1782	iaegiri (jaegiri)	iaegiɾi	ADV	muito longe, muito distante							13/04/2026	
1783	iaepo (jaepo)	iaepo	ADV	a pequena distância, não muito longe							13/04/2026	
1784	iaerewu (jaereu)	iaeɾew	LEX	o que está longe, afastado							13/04/2026	
1785	iaga (oiaga)	iaga	LEX	cauda de aves, retriz							13/04/2026	
1786	iaga (oiaga) bape	iaga bape	LEX	a pena de cauda menor cf oiaga bape							13/04/2026	
1787	iaga (oiaga) bape kujetowu	iaga bape kudʒetowu	LEX	ver oiaga bape kujetowu;							13/04/2026	
1788	iaga (oiaga) bape kujetowu mekiwu	iaga bape kudʒetowu mekiwu	LEX	cf oiaga bape kujetowu mekiwu							13/04/2026	
1789	iaga i	iaga i	LEX	sarandi (árvore)							13/04/2026	
1790	iagajaga (jagajaga)	iagadʒaga	LEX	ondulação							13/04/2026	
1791	iagajagado (jagajagado)	iagadʒagado	LEX	fazer ondular							13/04/2026	
1792	iagajagarewu (jagajagareu)	iagadʒagaɾew	S	o ondulante							13/04/2026	
1793	iage	iage	PRON	alguns, outros, algumas, outra Plural de ia							13/04/2026	
1794	iageje	iagedʒːe	POSP	na ausência de, depois de							13/04/2026	
1795	iagiri	iaˈgiɾi	LEX	abundância, ondulação							13/04/2026	
1796	iagodu	iaˈgodːɯ	LEX	dúvida, duvidar							13/04/2026	
1797	iagomema (jakomema)	iagomema	LEX	tipo de enfeite							13/04/2026	
1798	iaido (jaido)	iaido	LEX	esticar (uma pele), em pau							13/04/2026	
1799	iaiga (uiaiga)	iaiga	LEX	parte central de uma curva							13/04/2026	
1800	iairu	iaiɾu	LEX	gulodice; uiairurewu (guloso)							13/04/2026	
1801	iaiwo (jaiwo)	iaiwo	LEX	casulo, bainha							13/04/2026	
1802	iaiwodo (jaiwodo)	iaiwodo	LEX	fazer casulo							13/04/2026	
1803	iaka (jaka)	iaka	LEX	entalha, abertura, curva, instabilidade							13/04/2026	
1804	iakado (jakado)	iakado	LEX	entalhar, fazer curva							13/04/2026	
1805	iakajaka (jakajaka)	iakadʒaka	LEX	ondulação do terreno ou da água, instabilidade							13/04/2026	
1806	iakí (ja ki)	iakí	ADV	por chiste, por engano, por brincadeira							13/04/2026	
1807	iakodu (oiakodu)	iakodu	LEX	medula de certos vegetai							13/04/2026	
1808	iakomea (Jakomea)	iakomea	LEX	nome de um espírito; colapeitoral feito com um retalho de couro revestido de plumas, vermelhas ou amarelas e preso ao pescoço e à cintura por meio de cordéi							13/04/2026	
1809	iakomea (jakomea) ekurewu	iakomea ekuɾew	S	colapeitoral, revestido de penas amarelas; próprio dos Iwagududoge Cebegiwuge							13/04/2026	
1810	iakomea (jakomea) urugurewu	iakomea uɾuguɾew	S	colapeitoral revestido de penas vermelhas, próprio dos IwCob							13/04/2026	
1811	iakomema (jakomema)	iakomema	LEX	enfeite							13/04/2026	
1812	iakudu (jakudu)	iakudu	LEX	grito de pessoas, brado, chamar por grito iiakudu aiakudu jakudu ceiakudu paiakudu taiakudu eiakudu tuiakudu (meu grito, etc							13/04/2026	
1813	iakududo (jakududo)	iakudːodːɯ	LEX	fazer gritar							13/04/2026	
1814	iakuri	iakuɾi	LEX	lama, lamaçal							13/04/2026	
1815	iakuri (jakuri)	iakuɾi	LEX	boca larga, chorão							13/04/2026	
1816	iakurido (jakurido)	iakuɾido	LEX	abrir muito a boca, ampliar uma abertura							13/04/2026	
1817	iamedu (jamedu pl. eiamedu)	iamedu	PRON	todo, toda (todos, todas); também							13/04/2026	
1818	iamega (jamega)	iamega	LEX	abertura produzida por uma rachadura especialmente na planta do pé							13/04/2026	
1819	iao1	iao1	ADV	antes, por enquanto							13/04/2026	
1820	iao2	iao2	LEX	lugar de							13/04/2026	
1821	iaoboe	iaoboe	LEX	antepassados, antigo							13/04/2026	
1822	iaogepuboe (jaoge puboe)	iaogepuboe	ADV	muito longe, adiante, muito antigo							13/04/2026	
1823	iaoro (jaoro iaro)	iaoɾo	LEX	cesta funerária							13/04/2026	
1824	iaowu (jaowu)	iaowu	LEX	o de antes, o anterior							13/04/2026	
1825	iaperi (japeri)	iapeɾi	LEX	voz bonita, voz sonora							13/04/2026	
1826	iaperirewu (japerireu)	iapeɾiɾew	S	o que tem voz bonita, voz sonora							13/04/2026	
1827	iara (jara)	iaɾa	LEX	nervura principal das folha							13/04/2026	
1828	iare	iaɾe	LEX	possuidor							13/04/2026	
1829	iareru (uiareru)	iaɾeɾu	LEX	movimento ondulado, principalmente nas dança   LEX							13/04/2026	
1830	iarerudo (uiarerudo)	iaɾeɾudo	LEX	fazer dançar com movimento ondulado							13/04/2026	
1831	iarerugo (uiarerugo)	iaɾeɾugo	LEX	ensinar a dançar com movimento ondulado							13/04/2026	
1832	iarewu (uiareu)	iaɾew	LEX	curvo, o que tem curva							13/04/2026	
1833	iari (jari)	iaɾi	LEX	toca, gruta, buraco na rocha							13/04/2026	
1834	iarido (jarido)	iaɾido	LEX	fazer toca, fazer casa							13/04/2026	
1835	iaro (jaro iaoro)	iaɾo	LEX	cesta, cesta funerária, vingança, desforra, morte							13/04/2026	
1836	iarodo (jarodo)	iaɾodo	LEX	vingar, vaiar, zombar							13/04/2026	
1837	iarododurewu (jarododureu)	iaɾododuɾew	PPASS	o vingado							13/04/2026	
1838	iaroe (jaroe)	iaɾoe	LEX	companheiro, sequaz, súdito							13/04/2026	
1839	iarorewu (jaroreu)	iaɾoɾew	LEX	vingador							13/04/2026	
1840	iaruru (jaruru)	iaɾuɾu	LEX	barulho, estrondo, trovão							13/04/2026	
1841	iarurureboe (jarurureboe)	iaɾuɾuɾeboe	LEX	coisa que produz estrondo							13/04/2026	
1842	iatoro	iatoɾo	ADV	aqui, acolá	itumode iatoro pugeje = irei para lá novamente						13/04/2026	
1843	iaware (jaware)	iawaɾe	LEX	gritaria							13/04/2026	
1844	iba (jipa)	iba	LEX	margem, beira, lado; lugar arbitrário fora da aldeia onde os pescadores se reúnem antes de uma caçada ou pescaria, para evocar certos espíritos e distribuir tarefa							13/04/2026	
1845	iba kejewu (jipa kejewu)	iba kedʒewu	LEX	tipo de enfeite de plumas para as têmperas, usado nos ritos de passagem							13/04/2026	
1846	ibagi (jipagi)	ibagi	POSP	de volta, atrás, em troca, contra							13/04/2026	
1847	ibidurewu (cibidureu)	ibiduɾew	PPASS	enchido, cheio							13/04/2026	
1848	iborado	iboɾadːʌ	LEX	cercar com paus, fabricar uma balsa							13/04/2026	
1849	iboradodurewu	iboɾaˈdːodːɯˈɾew	S	o que foi cercado com pau							13/04/2026	
1850	icá (vrt. de ca!)	itʃá	INTJ	eis! toma!							13/04/2026	
1851	icare	itʃaɾe	ADV	e então, aí							13/04/2026	
1852	ice	itʃːe	LEX	variedade de jibóia		Boidae	https://pt.wikipedia.org/wiki/Boidae	https://upload.wikimedia.org/wikipedia/commons/a/a7/Boa_constrictor_%282%29.jpg			13/04/2026	
1853	iceboere (vrt. aceboere ceboere)	itʃeboeɾe	INTJ	pois não, como não, finalmente, que bom!							13/04/2026	
1854	icedoge	itʃedoge	LEX	os Jibóia Tribo não Bororo desconhecida							13/04/2026	
1855	icegu (cegu)	itʃegu	LEX	inflorescência amarela em cachos, beleza							13/04/2026	
1856	icegu i (cegu i)	itʃegu i	LEX	para-tudo. Ver kuogo i;		Tabebuia aurea	https://pt.wikipedia.org/wiki/Tabebuia_aurea				13/04/2026	
1857	icira (cira)	itʃiɾa	LEX	nervura das folhas de palmeira; pequeno arco utilizado para sangrias medicinais Ver tugira;							13/04/2026	
1858	icoru pa	itʃoɾu pa	LEX	segurança, confiança, esperança, refúgio; ikijoru panure paoce (Nosso deus é minha segurança)							13/04/2026	
1859	icoru ra	itʃoɾu ɾa	LEX	omoplata, escápula							13/04/2026	
1860	ie bio	ie bio	LEX	alcunha, apelido, ou segundo nome dado por ocasião de algum mori							13/04/2026	
1861	ié!	ié!	INTJ	indica dor	ié itaora! = ai, minha cabeça!						13/04/2026	
1862	iedo	iedːʌ	LEX	dar nome	dukodi icare pakare iedo marigudu = por isso ainda não lhe demos o nome						13/04/2026	
1863	iemagu (ciemagu)	iemagu	LEX	dança em passinhos quase arrastando os pés							13/04/2026	
1864	iemagudurewu	iemagudːɯɾew	S	o que dança							13/04/2026	
1865	iemaru (jemaru)	iemaɾu	LEX	tristeza, procura, busca; procurar, buscar							13/04/2026	
1866	iera akemo	ieɾa akemo	LEX	desejo de vingança							13/04/2026	
1867	iera amo	ieɾa amo	LEX	trata							13/04/2026	
1868	iera iwori	ieɾa iwoɾi	LEX	fazer economia, poupar, guardar							13/04/2026	
1869	iera jodo	ieɾa dʒodo	VC	empurrar							13/04/2026	
1870	ieragadu	ieɾagadːɯ	LEX	variedade de raposa das mãos listadas; variedade de aranha							13/04/2026	
1871	ieraidu	ieɾaidːɯ	LEX	obediência, diligência; ser diligente							13/04/2026	
1872	ieraiera (jerajera)	ieɾaieɾa	LEX	listas, riscos; rastelo							13/04/2026	
1873	ierarai	ieɾaɾai	LEX	mão-pelada		Procyon cancrivorus	https://pt.wikipedia.org/wiki/Mão-pelada	https://upload.wikimedia.org/wikipedia/commons/thumb/2/26/Crab-eating_raccoon_%28Procyon_cancrivorus%29_Manuel_Antonio_Park_CRI_01_2020_CRI_01_2020_1752.jpg/560px-Crab-eating_raccoon_%28Procyon_cancrivorus%29_Manuel_Antonio_Park_CRI_01_2020_CRI_01_2020_1752.jpg			13/04/2026	
1874	ieri	ieɾi	LEX	diminuição, pequenez, insuficiência, pouco							13/04/2026	
1875	ieri (ieripo)	ieɾi	LEX	calma, delicadeza							13/04/2026	
1876	ieri boe pugugu	ieɾi boe pugugu	INTJ	indica maravilha causada por beleza							13/04/2026	
1877	ierido	ieɾidːʌ	VC	diminuir							13/04/2026	
1878	ierigo	ieɾigo	VC	diminuir							13/04/2026	
1879	ierikarewu	ieɾikaˈɾew	S	o que possui muito							13/04/2026	
1880	ieripo	ieɾipo	LEX	calma, sobriedade, suficiente, na medida justa							13/04/2026	
1881	ieripodo	ieɾipodːʌ	VC	fazer suficientemente, com justa medida							13/04/2026	
1882	ieripoia	ieɾipoia	INTJ	fosse meno							13/04/2026	
1883	iga	iga	LEX	lasca de madeira							13/04/2026	
1884	igada	igadːa	LEX	lugar onde estava uma árvore cortada							13/04/2026	
1885	igaragara	igaɾagaɾa	LEX	vara dançante e misteriosa; matraca							13/04/2026	
1886	igu (vrt. de iku cigu)	igu	LEX	corda, fio, cordão, linha							13/04/2026	
1887	iguru	iguɾu	LEX	madeira, árvores: forma coletiva usada com árvores; ex bokado iguru (jatobazal)							13/04/2026	
1888	ika (pl. ikaguru)	ika	LEX	arbusto							13/04/2026	
1889	ika 1	ika	LEX	arco							13/04/2026	
1890	ika 2	ika	LEX	baço			https://pt.wikipedia.org/wiki/Baço	https://upload.wikimedia.org/wikipedia/commons/thumb/2/2a/Diagram_showing_the_position_of_the_spleen_CRUK_417.svg/580px-Diagram_showing_the_position_of_the_spleen_CRUK_417.svg.png			13/04/2026	
1891	ika 3	ika	LEX	canoa							13/04/2026	
1892	ika 4	ika	LEX	flauta, trombeta							13/04/2026	
1893	ika pa	ika pa	LEX	ancoradouro de canoas; localidade nas margens do Rio das Mortes, correspondente à antiga mina dos Araés, pouco a montante de Xavantina							13/04/2026	
1894	ika rerewu	ika ɾeɾew	S	embarcação motorizada							13/04/2026	
1895	ikabe (boeigabe baigabe)	ikabe	LEX	trovão grito							13/04/2026	
1896	ikabego	ikabego	VC	fazer gritar							13/04/2026	
1897	ikabegodu	ikabeˈgodːɯ	LEX	grito de indignação							13/04/2026	
1898	ikadodu	ikaˈdːodːɯ	S	atrapalhado							13/04/2026	
1899	ikaráiwa	ikaɾáiwa		forma antiga de se referir ao homem branco Apesar da similaridade com 'karaíba', de origem Tupi-Guarani, a origem do termo parece ser 'cano comprido', já que os primeiros brancos avistados pelos bororo carregavam espingardas no ombro							13/04/2026	
1900	ikodo	ikodːʌ	LEX	asa, pena de asa, conjunto das rêmiges primárias e secundárias das ave							13/04/2026	
1901	ikodogo	ikodogo	VC	fazer desejar vivamente							13/04/2026	
1902	ikodorewu	ikodoˈɾew	LEX	alado, que tem asa							13/04/2026	
1903	ikoro	ikoɾo	LEX	nome de qualquer estrela ou planeta que, segundo as estações, costuma aparecer de madrugada no horizonte Forma muito usada também nos canto Provavelmente se refere ao planeta Vênus (a estrela da manhã)							13/04/2026	
1904	iku 1	iku	LEX	cipó							13/04/2026	
1905	iku 2	iku	LEX	linha, corda, fio, barbante, linhada, cordel, cordão							13/04/2026	
1906	iku i	iku i	LEX	paineira (árvore); língua de vaca (folha							13/04/2026	
1907	iku mugudo	iku mugudo	VC	preparar uma armadilha (cf EBI: sobre armadilhas							13/04/2026	
1908	ikudo	ikudːʌ	LEX	fiar, preparar um cordel, colocar um cordel							13/04/2026	
1909	ikudoda	ikudodːa	LEX	lugar onde se prepara uma corda							13/04/2026	
1910	ikui (oucigui ou cugui)	ikui	LEX	araçaripoca, tucaninho							13/04/2026	
1911	ikúi i	ikúi i	LEX	capitão (árvore), orelha de burro							13/04/2026	
1912	ikui utugo (ou cigui utugo)	ikui utugo	LEX	tipo de flecha pertencente aos Ap							13/04/2026	
1913	ikuie (ikuieje ou kuieje)	ikuie	LEX	estrela, planeta							13/04/2026	
1914	ikuieje (kuieje)	ikuiedʒːe	LEX	estrela							13/04/2026	
1915	ikuieje kurirewu (Kuieje kurireu)	ikuiedʒe kuɾiɾew	LEX	vênus (planeta)							13/04/2026	
1916	ikuieje ukigarewu (kuieje ukigareu)	ikuiedʒe ukigaɾew	LEX	cometa							13/04/2026	
1917	ikuiejedoge erugudu (kuiejedoge erugudu)	ikuiedʒedoge eɾugudːɯ	LEX	galáxia							13/04/2026	
1918	ikuiemomo	ikuiemomːo	LEX	certo espírito							13/04/2026	
1919	ikuieri	ikuieɾi	LEX	elevação na margem esquerdo do Ikuiebo (Praínha							13/04/2026	
1920	ikuieri (chamado também ipareri)	ikuieɾi	LEX	morro nas proximidades de Jarudori							13/04/2026	
1921	ikureboe	ikuɾeboe	LEX	enfeites que têm cordel; carás produzidos por cipó							13/04/2026	
1922	ikuredu (iku)	ikuɾedu	LEX	cipó, indistintamente							13/04/2026	
1923	ikuredu uiarewu	ikuɾedu uiaɾew	S	parte central de um tipo de colar chamado akigu boe oiadadawu							13/04/2026	
1924	ikurewu	ikuˈɾew	S	designação genérica de objeto provido de cordel							13/04/2026	
1925	ikuru 1	ikuɾu	LEX	jararaca		Bothrops	https://pt.wikipedia.org/wiki/Bothrops	https://upload.wikimedia.org/wikipedia/commons/thumb/c/cb/Bothrops_alternatus_in_Brazil_b.jpg/560px-Bothrops_alternatus_in_Brazil_b.jpg			13/04/2026	
1926	ikuru 2	ikuɾu	LEX	urina			https://pt.wikipedia.org/wiki/Urina				13/04/2026	
1927	ikuru boku kejewu	ikuɾu boku kedʒewu	LEX	jararaca de cerrado							13/04/2026	
1928	ikuru itura tadawu	ikuɾu ituɾa tadawu	LEX	jararaca de rabo branco, jararaca da floresta							13/04/2026	
1929	ikuru ja	ikuɾu dʒa	LEX	bexiga		bexiga	https://pt.wikipedia.org/wiki/Bexiga	https://upload.wikimedia.org/wikipedia/commons/5/57/Illu_bladder.jpg			13/04/2026	
1930	ima	imːa	LEX	temor, medo, receio, espanto, dúvida, saudação, cumprimento; ter receio de algo: imare ji tem receio dele							13/04/2026	
1931	imada	imadːa	LEX	enteado, enteada							13/04/2026	
1932	imado	imadːʌ	VC	amedrontar, causar medo							13/04/2026	
1933	imadu	imadːɯ	LEX	agradecer, cumprimentar	ikimadumode ji = eu vou cumprimentá-la						13/04/2026	
1934	imaiari	imaiaɾi		mulher					linguagem ritual		13/04/2026	
1935	imogudu	imogudːɯ	LEX	bater com pau para derrubar uma fruta, matar peixe							13/04/2026	
1936	imorewu	imoˈɾew	S	o enfeitado							13/04/2026	
1937	imori	imoɾi	LEX	antebraço							13/04/2026	
1938	ino 1	inːo	ADV	assim Vrt oino aino inono oinono ainono							13/04/2026	
1939	ino 2	inːo	LEX	variedade de pequeno pássaro							13/04/2026	
1940	ino kodiba?	ino kodiba?	ADV	por que?							13/04/2026	
1941	inoba	inoba	ADV	como? quantos?							13/04/2026	
1942	inoba boe dukeje ba?	inoba boe dukedʒe ba?	ADV	quando?							13/04/2026	
1943	inoba boe dukeje ba? expr.	inoba boe dukedʒe ba? expɾ.	ADV	quando?							13/04/2026	
1944	inogi	inogi	LEX	unha, garra							13/04/2026	
1945	inogido	inogidːʌ	LEX	coçar, arranhar, espichar, estender	ure cinogido taobiri keje = ele coçou a cabeça						13/04/2026	
1946	inoi (tuginoi)	inoi	LEX	solidão, sozinho, separado, diferente	ure aremedo tuginoi ime epiji = ele separava as mulheres dos homens						13/04/2026	
1947	inokuri	inokuɾi	LEX	tatbola, tatuzinho do cerrado							13/04/2026	
1948	inoru	inoɾu	LEX	salvação, libertação, remissão							13/04/2026	
1949	inorubo 1	inoɾubo	LEX	muçum (peixe comprido); nome de certo espírito							13/04/2026	
1950	inorubo 2	inoɾudːʌ	LEX	salvar, libertar, remir							13/04/2026	
1951	inorudodae	inoɾudodae	LEX	libertação							13/04/2026	
1952	inorudodu	inoɾudːodːɯ	PPASS	salvo, libertado, remido							13/04/2026	
1953	inorudodurewu	inoɾudːodːɯˈɾew	S	o salvo, o remido, o libertado							13/04/2026	
1954	inorudowu	inoɾudowu	LEX	o que salva, o que liberta, o que redime							13/04/2026	
1955	io (jo)	io	LEX	inclinação, dobramento, pressão; inclinar, empurrar							13/04/2026	
1956	iocoru	iotʃoɾu	LEX	ombro, região escápulumeral							13/04/2026	
1957	iodo (jodo)	iodo	LEX	encostar, inclinar, encurvar, dobrar, empurrar							13/04/2026	
1958	iodo (joto)	iodo	LEX	bastão, bengala							13/04/2026	
1959	iogae	iogae	LEX	remédio, tratamento, mistura, tempero							13/04/2026	
1960	iogi	iogi	POSP	sobre, por sobre							13/04/2026	
1961	iogo	iogo	LEX	cura, tratamento; curar, tratar							13/04/2026	
1962	iogodo	ioˈgodːʌ	VC	fazer curar, fazer tratar, fazer medicar							13/04/2026	
1963	iogodu	ioˈgodːɯ	LEX	estar para encostar em, estar para entrar dentro de algo							13/04/2026	
1964	iogodurewu	iogoduˈɾew	S	o tratado, o curado							13/04/2026	
1965	iogorewu	iogoˈɾew	S	curandeiro, enfermeiro; o que está para entrar dentro de algo							13/04/2026	
1966	ioguduba	iogudːɯba	PRON	quem?							13/04/2026	
1967	iogwa	iogwa	LEX	lavramento, lavrar							13/04/2026	
1968	iogwado	iogwado	LEX	lavrar							13/04/2026	
1969	iogwarido	iogwaɾidːʌ	LEX	aclamar							13/04/2026	
1970	ioi	ioi	INTJ	indica, admiração, espanto							13/04/2026	
1971	ioku	ioku	LEX	pedinchice, ato de pedir demais							13/04/2026	
1972	iokudo (jokudo)	iokudo	LEX	clarear							13/04/2026	
1973	ipagadu (jipagadu)	ipagadu	LEX	esperteza, valentia; de têmperas pintada							13/04/2026	
1974	ipageje (jipageje)	ipagedʒːe	POSP	junto, com, a margem de							13/04/2026	
1975	ipagogu (jipagogu)	ipagogu	LEX	amarradura da margem dos cabelo   LEX							13/04/2026	
1976	ipare (pl. de iparedu)	ipaɾe	LEX	jovens, moços, rapazes, meninos, homen							13/04/2026	
1977	ipare eimejerago	ipaɾe eimedʒeɾago	LEX	mulher chefe							13/04/2026	
1978	ipare eregodu	ipaɾe eɾegodu	LEX	corrida dos rapaze   LEX							13/04/2026	
1979	ipare ereru	ipaɾe eɾeɾu	LEX	dança dos Bororo Denominse também jure ou jure Tawujedu							13/04/2026	
1980	ipare ewia porodo	ipaɾe ewia poɾodo	LEX	furação das orelha							13/04/2026	
1981	iparedu (pl. ipare)	ipaɾedu	LEX	jovem, moço, rapaz, menino, homem							13/04/2026	
1982	ipie (pl. ipie)	ipie	LEX	ariranha		Pteronura brasiliensis	https://pt.wikipedia.org/wiki/Ariranha	https://upload.wikimedia.org/wikipedia/commons/thumb/e/e2/Giantotter.jpg/960px-Giantotter.jpg			13/04/2026	
1983	ipo	ipo	LEX	pau, esteio, cerne, árvore, especialmente do cerrado							13/04/2026	
1984	ipo bigodu	ipo bigodu	LEX	caibro							13/04/2026	
1985	ipo bure tugudu	ipo buɾe tugudːɯ	LEX	mourão, estaca, esteio							13/04/2026	
1986	ipo pa	ipo pa	LEX	esteio							13/04/2026	
1987	ipocerewu	ipotʃeˈɾew	S	irara ou papa-mel		Eira barbara	https://pt.wikipedia.org/wiki/Iraɾa	https://upload.wikimedia.org/wikipedia/commons/thumb/a/a9/Irara_%28Papa-mel%29.jpg/960px-Irara_%28Papa-mel%29.jpg			13/04/2026	
1988	ipori (kaibori)	ipoɾi	LEX	mão de pilão; cacete							13/04/2026	true
1989	irá epa	iˈɾa epa	LEX	carpinteiro, marceneiro							13/04/2026	
1990	iradu (jiradu)	iˈɾadːɯ	LEX	passear, ir de um lado para outro							13/04/2026	
1991	iraga	iɾaga	LEX	bagaço							13/04/2026	
1992	iragi	iɾagi	LEX	fatia seca ao sol de qualquer coisa comestível							13/04/2026	
1993	iragido	iɾagidːʌ	VC	fazer fatias, fazer secar ao sol fatias de vegetais comestíveis							13/04/2026	
1994	iragidodu	iɾagiˈdːodːɯ	LEX	fatia de alimento seco ao sol							13/04/2026	
1995	iragigodurewu	iɾagigoduˈɾew	S	vegetal alimentício em fatias secas ao sol							13/04/2026	
1996	ire	iɾe	LEX	trilha, cardume, lugar onde costumam passar animais							13/04/2026	
1997	iro	iɾo	LEX	arroz							13/04/2026	
1998	irogodu	iɾoˈgodːɯ	LEX	pecíolo de cacho de acuri carbonizado							13/04/2026	
1999	iroiarewu	iɾoiaˈɾew	S	indivíduo recoberto de pintura a base de carvão							13/04/2026	
2000	iru 1	iɾu	LEX	arrastamento, arrastar-se, gatinhar							13/04/2026	
2001	iru 2	iɾu	LEX	flor de ipê amarelo							13/04/2026	
2002	iru 3	iɾu	LEX	seda ou fibra de folíolos de broto de palmeira							13/04/2026	
2003	iru i	iɾu i	LEX	peúva, ipê amarelo							13/04/2026	
2004	irudodu (oucirudodu)	iɾuˈdːodːɯ	PPASS	arrastado, gatinhado							13/04/2026	
2005	irugi	iɾugi	LEX	extremidade estragada de uma folha ou de uma pena							13/04/2026	
2006	irui	iɾui	LEX	sinimbu							13/04/2026	
2007	itadu	itadːɯ	LEX	socar							13/04/2026	
2008	itaga	itaga	LEX	cabelo funeral, luto							13/04/2026	true
2009	itagao	itagao	LEX	ágave, piteira							13/04/2026	
2010	itaguru	itaguɾu	LEX	seda de broto de palmeira							13/04/2026	
2011	ito 1	ito	LEX	estipe, palmeira, vegetal de caule ereto como estipe; braço, perna anterior dos mamíferos; flechada							13/04/2026	
2012	ito 2	ito	LEX	flecha, borbulho; flechar, borbulhar, brotar com ímpeto							13/04/2026	
2013	ito 3	ito	LEX	urutau		"Género:	Nyctibius"	https://pt.wikipedia.org/wiki/Urutau	https://upload.wikimedia.org/wikipedia/commons/thumb/f/fb/Mãe-da-lua-gigante_%28Nyctibius_grandis%29.jpg/960px-Mãe-da-lua-gigante_%28Nyctibius_grandis%29.jpg			13/04/2026	
2014	itobo	itobo	LEX	parte basilar do pecíolo das folhas de palmeira							13/04/2026	
2015	itodu	itodːɯ	LEX	aumento, multiplicação							13/04/2026	
2016	itogao	itogao	LEX	ágave, piteira							13/04/2026	
2017	itogi	itogi	POSP	ao meu encontro, em minha ajuda, contra mim (cf togi    POSP							13/04/2026	
2018	itogodu	itoˈgodːɯ	LEX	flechada, flechar							13/04/2026	
2019	itoguru	itoguɾu	LEX	palmeiral							13/04/2026	
2020	itogwa	itogwa	LEX	pecíolo seco de folha de palmeira							13/04/2026	
2021	itogwa joia	itogwa dʒoia	LEX	cicatriz circular deixada no estipe pelos pecíolos depois de caído							13/04/2026	
2022	itogwarewu	itogwaˈɾew	S	tipo de bracelete e de pulseira bororo, formado por um cordel de fibra de tucum do cerrado ao qual se[p[ɾendem muitas penas de cauda de							13/04/2026	
2023	itoia	itoia	LEX	alvo, centro							13/04/2026	
2024	itoia kodu	itoia kodu	LEX	polpa da estipe de qualquer palmeira							13/04/2026	
2025	itoraka	itoɾaka	LEX	variedade de coroatá com folhas eriçadas e espinhos muito duro							13/04/2026	
2026	itorare	itoɾaɾe	LEX	parte externa da estipe de uma palmeira							13/04/2026	
2027	itorewu	itoˈɾew	S	arqueiro, flechador							13/04/2026	
2028	itorogodu	itoɾoˈgodːɯ	LEX	bráctea, espata, parte da palmeira que está para produzir um cacho							13/04/2026	
2029	itoru bo	itoɾu bo	LEX	plumas que cobrem o pescoço das ave							13/04/2026	
2030	itowuia	itowuia	LEX	ombro Ver kanao kanaora;							13/04/2026	
2031	itowuia ra	itowuia ɾa	LEX	úmero, músculo do braço							13/04/2026	
2032	itua	itua	LEX	bondade, esmero, calma							13/04/2026	
2033	ituarewu	ituaˈɾew	S	aquele que faz bem, que age com calma, que trabalha com esmero							13/04/2026	
2034	itudu	itudːɯ	LEX	sumo de genipapo							13/04/2026	
2035	ituguru	ituguɾu	LEX	cabeceira							13/04/2026	
2036	iuka	iuka	LEX	ângulo externo							13/04/2026	
2037	iwa	iwa	LEX	briga, esperteza, capacidade, possibilidade, atividade							13/04/2026	
2038	iwado	iwadːʌ	LEX	brigar, zangar, dar jeito							13/04/2026	
2039	iwae (cf. iwoae)	iwae	LEX	sofrimento, ferida							13/04/2026	
2040	iwagu	iwagu	LEX	variedade centopéia (chamada também ekóe							13/04/2026	
2041	iwagudo (vrt. de iwagudu)	iwagudo	LEX	gralha azul							13/04/2026	
2042	iwagudu (vrt. de iwagudo)	iwagudːɯ	LEX	gralha azul							13/04/2026	
2043	iwai	iwai	LEX	paciência, perseverança, constância; ter paciência, perseverar, ser constante							13/04/2026	
2044	iwairewu	iwaiˈɾew	S	o constante, o perseverante							13/04/2026	
2045	iwara	iwaɾa	LEX	vara, arbusto							13/04/2026	
2046	Iwara Arege	Iwaɾa Aɾege	PROPN	constelação correspondente ao Cinto de Orion; nome de certo espírito							13/04/2026	
2047	iwaripo	iwaɾipo	LEX	melhor, estar melhor							13/04/2026	
2048	iwo (jiwo)	iwo	LEX	sofrimento, sorte, destino, entrega							13/04/2026	
2049	iwo 1	iwo	LEX	cana, taquara, cano							13/04/2026	
2050	iwo 2	iwo	LEX	peixe cascudo das cachoeira							13/04/2026	
2051	iwoae (jiwoae)	iwoae	LEX	sofrimento, ferida							13/04/2026	
2052	iwodo (jiwodo)	iwodo	LEX	sofrer, fazer sofrer							13/04/2026	
2053	iwodu	iwodːɯ	LEX	folha (não de palmeira); variedade de árvore de folhas grandes usado para na representação de iwodu aroe							13/04/2026	
2054	iwogu	iwogu	LEX	roubo, roubar	barae eiwogumode tai = os brancos vão roubar vocês.						13/04/2026	true
2055	iwogudo	iwogudːʌ	VC	fazer roubar							13/04/2026	
2056	iwogurewu	iwoguˈɾew	S	aquele que rouba							13/04/2026	
2057	iwoi 1	iwoi	LEX	bagaço de cana, de arroz							13/04/2026	
2058	iwoi 2	iwoi	LEX	árvore que produz embira; embira							13/04/2026	
2059	iwoigu	iwoigu	LEX	cintcordel de embira							13/04/2026	
2060	iwoigudo	iwoigudːʌ	LEX	colocar o cordão de embira, aliviar							13/04/2026	
2061	iwoigudorewu	iwoigudoˈɾew	S	o que usa o cordel de embira							13/04/2026	
2062	iworeboe	iwoɾeboe	LEX	tipo de instrumento musical de sopro feito de taquarinha							13/04/2026	
2063	iworewu	iwoˈɾew	S	artefato que tem peças de taquara							13/04/2026	
2064	iwori	iwoɾi	LEX	caniço resistente							13/04/2026	
2065	iworidodu	iwoɾiˈdːodːɯ	PPASS	economizado, guardado, poupado							13/04/2026	
2066	iworidodurewu	iwoɾiˈdːodːɯˈɾew	S	aquilo que foi economizado, guardado, poupado							13/04/2026	
2067	iworigi	iwoɾigi	LEX	zelo, cuidado, desvelo							13/04/2026	
2068	iworigidu	iwoɾigidːɯ	LEX	cuidar, zelar, criar							13/04/2026	
2069	iworirewu	iwoɾiˈɾew	S	o que sabe economizar							13/04/2026	
2070	iworo	iwoɾo	LEX	bebida de acuri; palha de milho; certo espírito e seu xamã							13/04/2026	
2071	iworo (kuiada iworo)	iwoɾo	LEX	palha de milho (a palha que envolve a espiga do milho							13/04/2026	
2072	iwugeje	iwugedʒːe	POSP	sobre mim, por cima de mim							13/04/2026	
2073	iwurewu	iwuˈɾew	LEX	inteiro: kuiada iwurewu (semente inteira de milho							13/04/2026	
2074	iwuru	iwuɾu	LEX	canhotice							13/04/2026	
2075	iwururewu	iwuɾuˈɾew	S	o canhoto							13/04/2026	
2076	ja (ia)	dʒa	LEX	boca abertura, bainha, recipiente, lugar que contém algo							13/04/2026	
2077	ja kuri	dʒa kuɾi	LEX	de boca larga							13/04/2026	
2078	ja kurido (ia kurido)	dʒa kuɾido	VC	abrir muito a boca							13/04/2026	
2079	ja kurirewu	dʒa kuɾiɾew	S	objeto com grande abertura, indivíduo gritalhão							13/04/2026	
2080	ja mega	dʒa mega	LEX	rachadura (dos pés)							13/04/2026	
2081	ja pararewu	dʒa paɾaɾew	S	de boca mal feita							13/04/2026	
2082	ja peri	dʒa peɾi	LEX	voz bonita							13/04/2026	
2083	ja perirewu	dʒa peɾiɾew	S	o que tem voz bonita							13/04/2026	
2084	jado	dʒadːʌ	LEX	abrir							13/04/2026	
2085	jadodu (jadodureu)	dʒadodu	PPASS	aberto, o que está aberto							13/04/2026	
2086	jadurigi	dʒaduɾigi	LEX	bocejo							13/04/2026	
2087	jadurigido	dʒaduɾigidːʌ	VC	fazer bocejar							13/04/2026	
2088	jadurigirewu	dʒaduɾigiˈɾew	S	o que boceja							13/04/2026	
2089	jae (iae)	dʒae	ADV	longe							13/04/2026	
2090	jaedo (iaedo)	dʒaedo	LEX	afastar, afastar-se							13/04/2026	
2091	jaegiri	dʒaeˈgiɾi	ADV	muito longe							13/04/2026	
2092	jaegirirewu	dʒaegiɾiˈɾew	S	o que está muito longe							13/04/2026	
2093	jaepo	dʒaepo	ADV	a pequena distância							13/04/2026	
2094	jaerewu 1	dʒaeˈɾew	LEX	o de longe, o que está longe							13/04/2026	
2095	jaerewu 2	dʒaeˈɾew	LEX	o que é de longe							13/04/2026	
2096	jagajaga	dʒagadʒaga	LEX	ondulação, instabilidade							13/04/2026	
2097	jagajagado	dʒagadʒagadːʌ	VC	fazer ondular							13/04/2026	
2098	jagajagarewu	dʒagadʒagaˈɾew	LEX	ondulante, instável							13/04/2026	
2099	jagi (iagi)	dʒagi	POSP	dentro da boca							13/04/2026	
2100	jagu	dʒagu	ADV	absolutamente, completamente, mesmo, muito							13/04/2026	
2101	jai	dʒai	LEX	armação para esticar couro							13/04/2026	
2102	jaido	dʒaidːʌ	LEX	esticar couro na armação							13/04/2026	
2103	jaidodu	dʒaiˈdːodːɯ	PPASS	esticado							13/04/2026	
2104	jaidodureurewu	dʒaidoduɾeuˈɾew	S	o que está esticado							13/04/2026	
2105	jairu	dʒaiɾu	LEX	gula							13/04/2026	
2106	jaiwo (iaiwo)	dʒaiwo	LEX	casulo							13/04/2026	
2107	jaiwodo	dʒaiwodːʌ	VC	fazer casulo							13/04/2026	
2108	jaiworewu	dʒaiwoˈɾew	S	o que tem casulo							13/04/2026	
2109	jajadoge 1	dʒadʒadoge	LEX	antraz, doença infecciosa							13/04/2026	
2110	jajadoge 2	dʒadʒadoge	LEX	variedade de abelhas silvestre							13/04/2026	
2111	jaka	dʒaka	LEX	fenda, abertura, sinal							13/04/2026	
2112	jakado	dʒakadːʌ	LEX	entalhar, fazer sinal							13/04/2026	
2113	jakajakarewu	dʒakadʒakaˈɾew	LEX	pau cheio de nó							13/04/2026	
2114	jakarewu	dʒakaˈɾew	LEX	entalhado							13/04/2026	
2115	jakirido (jeakirido)	dʒakiɾido	LEX	fazer mofar							13/04/2026	
2116	jakiridoda (jeakiridoda)	dʒakiɾidoda	LEX	lugar onde mofou algo							13/04/2026	
2117	jakiridodu (jeakiridodu)	dʒakiɾidodu	PPASS	mofado							13/04/2026	
2118	jakiridodurewu (jeakiridodureu)	dʒakiɾidoduɾew	PPASS	aquilo que está mofado							13/04/2026	
2119	jakorewu	dʒakoˈɾew	S	boto, variedade de mamífero d'água							13/04/2026	
2120	jaku	dʒaku	LEX	jeito, boas maneiras, paciência							13/04/2026	
2121	jakudu (iakudu)	dʒakudu	LEX	grito, brado; chamar a grito							13/04/2026	
2122	jakududo	dʒakudːudːʌ	VC	fazer gritar							13/04/2026	
2123	jakudurewu	dʒakuduˈɾew	S	gritalhão							13/04/2026	
2124	jakurewu	dʒakuˈɾew	LEX	cortês, educado							13/04/2026	
2125	jakuru	dʒakuɾu	LEX	lama, lamaçal							13/04/2026	
2126	jamedu (iamedu)	dʒamedu	ADV	também, tudo							13/04/2026	
2127	jao (iao)	dʒao	LEX	lugar de, depósito							13/04/2026	
2128	jao (jawu)	dʒao	LEX	anterior, antigo, primeiro; antes, por um pouco de tempo, ontem							13/04/2026	
2129	jaoboe	dʒaoboe	LEX	pessoas antigas, coisas antiga							13/04/2026	
2130	jaogwai (iaogwai)	dʒaogwai	POSP	ao lado de, do lado de							13/04/2026	
2131	jaogwaiwu	dʒaogwaiwu	LEX	o que está do lado de, do partido de							13/04/2026	
2132	jaore	dʒaoɾe	ADV	antigamente							13/04/2026	
2133	jaoro (iaoro)	dʒaoɾo	LEX	cesta funerária							13/04/2026	
2134	jaowu	dʒaowu	LEX	antigo, anterior							13/04/2026	
2135	jara	dʒaɾa	LEX	nervura principal das folha							13/04/2026	
2136	jarado	dʒaɾadːʌ	LEX	riscar							13/04/2026	
2137	jararewu	dʒaɾaˈɾew	LEX	riscado							13/04/2026	
2138	jarido (iaˈrido)	dʒaɾido	LEX	fazer toca, fazer casa							13/04/2026	
2139	jarirewu	dʒaɾiˈɾew	S	o que tem toca							13/04/2026	
2140	jaro 1	ˈdʒaɾo	LEX	depósito							13/04/2026	
2141	jaro 2	ˈdʒaɾo	LEX	vaia, zombaria, vingança							13/04/2026	
2142	jaro 3	ˈdʒaɾo	LEX	vegetação dos brejos; variedade de ave das lagoa							13/04/2026	
2143	jarodo	dʒaɾodːʌ	LEX	vaiar, zombar de							13/04/2026	
2144	jarododurewu	dʒaɾoˈdːodːɯˈɾew	S	o que foi vaiado, zombado							13/04/2026	
2145	jarorewu	dʒaɾoˈɾew	S	vingador, zombador, vaiador							13/04/2026	
2146	jarudo	dʒaˈɾudːʌ	LEX	bagre, mandi (peixe							13/04/2026	
2147	jaruru (iaˈruru)	dʒaɾuɾu	LEX	estrondo, trovão, trovoada, voz grossa, rugido de algumas fera							13/04/2026	
2148	jarurudo	dʒaɾuɾudːʌ	VC	fazer barulho							13/04/2026	
2149	jarurureboe	dʒaɾuɾuɾeboe	LEX	coisa que faz barulho							13/04/2026	
2150	jatowu meriri	dʒatowu meɾiɾi	LEX	freio dos cavalos (neol)							13/04/2026	
2151	jatugo i	dʒatugo i	LEX	cajazeiro							13/04/2026	
2152	jaware	dʒawaɾe	LEX	grito, gritar							13/04/2026	
2153	jawarerewu	dʒawaɾeˈɾew	S	o que grita, gritalhão							13/04/2026	
2154	jawu	dʒawu	LEX	tempo passado; o que é do tempo passado, antigo							13/04/2026	
2155	jawu otodaiwu	dʒawu otodaiwu	ADV	três dia depois							13/04/2026	
2156	jawu ji	dʒaˈwudʒːi	ADV	ontem							13/04/2026	true
2157	je bu	dʒe bu	LEX	pêlos do rosto							13/04/2026	
2158	je bu (ebú)	dʒe bu	LEX	pêlos que revestem o rosto indistintamente							13/04/2026	
2159	je bukejewu(ebukeˈjewu)	dʒe bukedʒewu(ebukeˈdʒewu)	LEX	viseira							13/04/2026	
2160	je jo (ejó)	dʒe dʒo	LEX	humildade, inclinação, descida, ladeira, dobra							13/04/2026	
2161	je kejewu (ekeˈjewu)	dʒe kedʒewu	LEX	tampa, aquilo que está sobre algo							13/04/2026	
2162	je kejewu(ekeˈjewu)	dʒe kedʒewu(ekeˈdʒewu)	LEX	tampa, aquilo que está sobre algo							13/04/2026	
2163	je kujagurewu	dʒe kudʒaguɾew	S	piau de cabeça vermelha (peixe)							13/04/2026	
2164	je pegarewu	dʒe pegaɾew	S	o zangado, o carrancudo, o aborrecido							13/04/2026	
2165	je tadawu	dʒe tadawu	LEX	tampa, rolha							13/04/2026	true
2166	jeakiri (jakiri)	dʒeakiɾi	LEX	mofo, mofar							13/04/2026	
2167	jeakirido (jakirido)	dʒeakiɾido	VC	fazer mofar							13/04/2026	
2168	jeakiridoda (jakiridoda)	dʒeakiɾidoda	LEX	lugar onde mofou algo							13/04/2026	
2169	jeakiridodu (jakiridodu)	dʒeakiɾidodu	PPASS	mofado							13/04/2026	
2170	jeakiridodurewu (jakiridodureu)	dʒeakiɾidoduɾew	PPASS	aquilo que é mofado							13/04/2026	
2171	jebaerewu	dʒebaeɾew	LEX	o ferido							13/04/2026	
2172	jebato	dʒebato	LEX	destinar, comparar							13/04/2026	
2173	jebirigi	dʒebiɾigi	LEX	ruga do rosto							13/04/2026	
2174	jebirigido	dʒebiɾigidːʌ	LEX	piscar o olho							13/04/2026	
2175	jebogodu	dʒeboˈgodːɯ	LEX	maravilha, admiração, admirar, admirar-se, maravilhar-se							13/04/2026	
2176	jebu	dʒebu	LEX	saída, sair							13/04/2026	
2177	jebuda	dʒebudːa	LEX	lugar de saída: ceebuda pa? 'onde é o lugar de nossa saída?'							13/04/2026	
2178	jeburewu	dʒebuˈɾew	LEX	o que é bordado							13/04/2026	
2179	jece	dʒetʃːe	ADV	lá longe							13/04/2026	
2180	jedurudo	dʒeduɾudːʌ	LEX	ofender-se, estar carrancudo							13/04/2026	
2181	jegogudo	dʒegogudo	LEX	amarrar a boca de algo							13/04/2026	
2182	jejiwu	dʒedʒiwu	LEX	pintura facial							13/04/2026	
2183	jejiwudo	dʒedʒiwudo	LEX	pintar a face							13/04/2026	
2184	jejó	dʒedʒó	LEX	humildade, inclinação, descida							13/04/2026	
2185	jejodo 1	dʒedʒodo 1	VC	inclinar o rosto, abaixar, virar, humilhar							13/04/2026	
2186	jejodo 2	dʒedʒodo 2	LEX	inclinar a rosto, dobrar, abaixar							13/04/2026	
2187	jejorewu	dʒedʒoˈɾew	S	o humilde, o dobrado, o inclinado							13/04/2026	
2188	jekaga	dʒekaga	LEX	saudade, espera por alguém que vem; ter saudade							13/04/2026	
2189	jekai	dʒekai	POSP	na frente de, na presença de							13/04/2026	
2190	jekare	dʒekaɾe	LEX	alegria, alegrar-se							13/04/2026	
2191	jekaredo	dʒekaɾedo	VC	alegrar, agradar							13/04/2026	
2192	jeke	dʒeke	LEX	frente, face							13/04/2026	
2193	jekeje	dʒekedʒːe	ADV	sobre, na boca (de um objeto)							13/04/2026	
2194	jekejewu	dʒekedʒewu	S	o que está sobre							13/04/2026	
2195	jekí	dʒekí	LEX	variedade de pássaro, vulgarmente chamado &quot;peixassado&quot;							13/04/2026	
2196	jekirimidu	dʒekiɾimidːɯ	LEX	volta, regresso, virada							13/04/2026	
2197	jekiripaga	dʒekiɾipaga	LEX	engano, fraude							13/04/2026	
2198	jekiripaga	dʒekiɾipaga	S	engano, fraude							13/04/2026	
2199	jekodu	dʒekodu	LEX	bochecha, maçã do rosto							13/04/2026	
2200	jekodu ra	dʒekodu ɾa	LEX	osso malar							13/04/2026	
2201	jekori	dʒekoɾi	LEX	severidade; ser severo							13/04/2026	
2202	jekorirewu	dʒekoɾiˈɾew	LEX	severo							13/04/2026	
2203	jekudu	dʒekudːɯ	LEX	admiração, paixão, amor, amar							13/04/2026	
2204	jekududo	dʒekudːodːɯ	LEX	fazer admirar, fazer apaixonar, fazer amar							13/04/2026	
2205	jekudugodu (ekudugodu)	dʒekudugodu	LEX	admiração, paixão, amor; amar							13/04/2026	
2206	jekugigi (ekugigi)	dʒekugigi	LEX	sorriso, sorrir							13/04/2026	
2207	jekugudu (ekugudu)	dʒekugudːɯ	LEX	espanto, medo; ter medo, ficar espantado							13/04/2026	
2208	jekurea ou jokurea (egurea)	dʒekuɾea ou dʒokuɾea	LEX	listras de plumas que certas aves apresentam perto dos olho							13/04/2026	
2209	jekurido	dʒekuɾidːʌ	LEX	(cf tuiekurido gostar)							13/04/2026	
2210	jekuru	dʒekuɾɯ	LEX	lágrima							13/04/2026	
2211	jekurugudu	dʒekuɾugudːɯ	LEX	empalidecer							13/04/2026	
2212	jekurugududo	dʒekuɾugudːudːʌ	LEX	empalidecer							13/04/2026	
2213	jemaere	dʒemaeɾe	LEX	luto							13/04/2026	
2214	jemaerewu	dʒemaeɾewɯ	LEX	o enlutado							13/04/2026	
2215	jemaguda	dʒemagudːa	LEX	lugar de exploração							13/04/2026	
2216	jemagudurewu	dʒemagudːɯˈɾew	S	o que foi explorado, examinado							13/04/2026	
2217	jemaru (emaru)	dʒemaɾu	LEX	explorar, verificar, procurar, investigar							13/04/2026	
2218	jemarudo	dʒemaɾudːʌ	LEX	fazer procurar, fazer verificar, fazer verificar							13/04/2026	
2219	jemarurewu	dʒemaɾuˈɾew	S	o que investiga, o que procura, o que explora							13/04/2026	
2220	jemetudu	dʒemetudːɯ	LEX	luto;ponto de união							13/04/2026	
2221	jemetudurewu	dʒemetɯdːɯˈɾew	S	o enlutado							13/04/2026	
2222	jemido	dʒemidːʌ	LEX	sobrbarriga dos animai							13/04/2026	
2223	jemodudu	dʒemodudːɯ	LEX	alimento semi cru							13/04/2026	
2224	jemodudu	dʒemodudu	LEX	alimento semcru							13/04/2026	
2225	jemodududo	dʒemodudːudːʌ	LEX	cozinhar mal							13/04/2026	
2226	jemodudurewu	dʒemoduduˈɾew	S	o que foi mal cozido, semicru							13/04/2026	
2227	jemodudurewu	dʒemoduduɾew	S	o que foi mal cozinhado							13/04/2026	
2228	jemorido	dʒemoɾido	LEX	tornar obtusa uma ponta, estragar uma ponta							13/04/2026	
2229	jemoridodu	dʒemoɾiˈdːodːɯ	PPASS	de ponta obtusa, de ponta estragada							13/04/2026	
2230	jepadu	dʒepadu	LEX	aparecer, assomar							13/04/2026	
2231	jepaga	dʒepaga	LEX	engano							13/04/2026	
2232	jepagado	dʒepagado	LEX	enganar							13/04/2026	
2233	jepagadodu	dʒepagaˈdːodːɯ	PPASS	enganado							13/04/2026	
2234	jepagadodurewu	dʒepagaˈdːodːɯˈɾew	S	aquele que foi enganado, aquele que agiu escondidamente							13/04/2026	
2235	jepagarewu	dʒepagaˈɾew	S	enganador, o que age escondidamente							13/04/2026	
2236	jepara	dʒepaɾa	LEX	foice							13/04/2026	
2237	jeparari	dʒepaɾaɾi	LEX	espera paciente, esperar com paciência							13/04/2026	
2238	jepararido	dʒepaɾaɾido	VC	fazer esperar com paciência							13/04/2026	
2239	jepararirewu	dʒepaɾaɾiˈɾew	S	aquele que espera com paciência							13/04/2026	
2240	jeparogwa	dʒepaɾogwa	LEX	pintura facial: cf parogwa							13/04/2026	
2241	jeparogwa	dʒepaɾogwa	LEX	tipo de pintura facial							13/04/2026	
2242	jepedobo 1	dʒepedobo 1	LEX	articulação dos dedos das mãos e dos pés, emenda dos gomos das taquara							13/04/2026	
2243	jepedobo 2	dʒepedobo 2	LEX	nó de qualquer cana ou taquara; articulação dos dedos							13/04/2026	
2244	jepega	dʒepega	LEX	rosto aborrecido, pessoa aborrecida							13/04/2026	
2245	jepega je	dʒepega dʒːe	LEX	rosto feio assim; forma usada para injuriar							13/04/2026	
2246	jepegarewu	dʒepegaɾew	S	zangado, aborrecido, carrancudo							13/04/2026	
2247	jeporo	dʒepoɾo	LEX	ariticum do cerrado (fruta grande de casca grossa)							13/04/2026	
2248	jeporo i	dʒepoɾo i	LEX	ariticum (árvore)							13/04/2026	
2249	jera	dʒeɾa	LEX	risco							13/04/2026	
2250	jerado	dʒeɾadːʌ	VC	riscar							13/04/2026	
2251	jeragudu	dʒeɾagudːɯ	LEX	relâmpago, cor viva, brilho, resplendor							13/04/2026	
2252	jerajera	dʒeɾadʒeɾa	LEX	listras, risco							13/04/2026	
2253	jerajerarewu	dʒeɾadʒeɾaˈɾew	LEX	o listrado, o riscado							13/04/2026	
2254	jere	dʒeɾe		estar vivo							13/04/2026	
2255	jere jii jeboe	dʒeɾe dʒii dʒeboe	LEX	imortal, eterno, que vive sempre							13/04/2026	
2256	jerebari (erebari)	dʒeɾebaɾi	LEX	namoro, galanteio, namorar							13/04/2026	
2257	jerebarido	dʒeɾebaɾidːʌ	LEX	namorar, galantear							13/04/2026	
2258	jerebarido	dʒeɾebaɾido	LEX	galantear, namorar							13/04/2026	
2259	jerebarireu	dʒeɾebaɾiɾeu	S	o que galanteia, namorado							13/04/2026	
2260	jerebarirewu	dʒeɾebaɾiˈɾew	S	aquele que namora, namorado, o que galanteia							13/04/2026	
2261	jereboe	dʒeɾeboe	LEX	vida, ser vivo							13/04/2026	
2262	jeredudodurewu	dʒeɾedːodːɯduɾew	S	o perdido, o embriagado							13/04/2026	
2263	jerego	dʒeɾego	LEX	tatliso							13/04/2026	
2264	jerego jerego	dʒeɾego dʒeɾego	LEX	variedade de pequeno pássaro do cerrado							13/04/2026	
2265	jereru	dʒeɾeɾu	LEX	perda, erro, embriaguez							13/04/2026	
2266	jererudo	dʒeɾeɾudo	LEX	fazer perder, fazer embriagar							13/04/2026	
2267	jererurewu	dʒeɾeɾuɾew	S	o perdido, o embriagado							13/04/2026	
2268	jerewu	dʒeˈɾew	S	o vivo, o que vive, vivo							13/04/2026	
2269	jeri kurirewu	dʒeɾi kuɾiɾew	S	(testa grande): abelha mumbuca							13/04/2026	
2270	jeri ra	dʒeɾi ɾa	LEX	arcada orbitária							13/04/2026	
2271	jeri ra oto bu	dʒeɾi ɾa oto bu	S	sobrancelha							13/04/2026	
2272	jerigi bari	dʒeɾigi baɾi	LEX	lenha podre							13/04/2026	
2273	jerigi bia	dʒeɾigi bia	LEX	orelha de pau (árvore							13/04/2026	
2274	jerigi bora	dʒeɾigi boɾa	LEX	balsa							13/04/2026	
2275	jerigi kiarigodu	dʒeɾigi kiaɾigodu	LEX	cor Jorigue Quiarigodo, afluente esquerdo do Jerigi coreu							13/04/2026	
2276	jerigi otojiwu	dʒeɾigi otodʒiwu	LEX	primeiro chefe dos Boro Ec (primeiro em dignidade de todo o clã							13/04/2026	
2277	jerigi ou jorigi (erigi)	dʒeɾigi ou dʒoɾigi	LEX	acha, lenha seca, cerne, travesseiro de madeira							13/04/2026	
2278	jerigi po tadawu	dʒeɾigi po tadawu	LEX	(parecido com pau seco na água): órfão, infeliz							13/04/2026	
2279	jerigiare (vrt. jorigiare)	dʒeɾigiaɾe	LEX	(rit) nome ritual do gavião caracaraí, ou de qualquer animal, peixe ou ave que costuma pousar sobre lenha seca							13/04/2026	
2280	jerigiga	dʒeɾigiga	LEX	cerne, tronco; tipo de prego ornamental							13/04/2026	
2281	jerigiga cerewu	dʒeɾigiga tʃeɾew	S	tipo de prego ornamental pertencente aos Baadojebage Cebegiwuge							13/04/2026	
2282	jerigiga ekurewu	dʒeɾigiga ekuɾew	S	tipo de prego ornamental pertencente aos Baadojebage Cebegiwuge							13/04/2026	
2283	jerigiga ekurewu	dʒeɾigiga ekuɾew	S	tipo de prego ornamental pertencente aos Bak							13/04/2026	
2284	jerigigarewu	dʒeɾigigaˈɾew	S	variedade de besouro; tipo de doença, tratada pelo bari (xamã							13/04/2026	
2285	jerigigarewu corewu	dʒeɾigigaɾew tʃoɾew	S	besouro preto							13/04/2026	
2286	jerigigarewu kujagurewu	dʒeɾigigaɾew kudʒaguɾew	S	besouro avermelhado							13/04/2026	
2287	jerigige (pl. de jerigigi)	dʒeɾigige	LEX	cágados, tartaruga de água doce, tartaruga terrestre							13/04/2026	
2288	jerigige ewarewu	dʒeɾigige ewaɾew	S	árvore da mata cujas frutas comestíveis assemelhar-se a ovos de cágado							13/04/2026	
2289	jerigigi	dʒeɾigigi	LEX	constelação Corvo (Corvus)							13/04/2026	
2290	jerigigi (pl. jerigige)	dʒeɾigigi	LEX	variedade de cágado, jabuti; nome de uma constelação							13/04/2026	
2291	jerigigi bo	dʒeɾigigi bo	LEX	carapaça da cágado; tipo de pintura facial dos Bororo							13/04/2026	
2292	jerigigi ra	dʒeɾigigi ɾa	LEX	osso de cágado							13/04/2026	
2293	jerimagado	dʒeɾimagadːʌ	LEX	perfumar, cheirar, falecer, ser severo							13/04/2026	
2294	jerimagado	dʒeɾimagado	LEX	ser severo, ser enérgico, falecer, morrer, cheirar, perfumar							13/04/2026	
2295	jerimagarewu	dʒeɾimagaˈɾew	S	o severo, o enérgico, o morto, o perfumado, o que cheira							13/04/2026	
2296	jerira	dʒeɾiɾa	LEX	arcada orbital							13/04/2026	
2297	jeriri	dʒeɾiɾi	LEX	calor, secura							13/04/2026	
2298	jerirido	dʒeɾiɾidːʌ	VC	fazer secar algo ao fogo							13/04/2026	
2299	jeririgigiri	dʒeɾiɾigiˈgiɾi	LEX	morro Jabuti							13/04/2026	
2300	jeririrewu	dʒeɾiɾiˈɾew	S	aquilo que foi secado ao fogo							13/04/2026	
2301	jero	dʒeɾo	LEX	esperteza, atividade, ser esperto							13/04/2026	
2302	jerodo	dʒeɾodːʌ	LEX	tornar esperto, tornar ativo, tornar prático							13/04/2026	
2303	jeta	dʒeta	S	morada, casa, lugar (ieda aeda jeta							13/04/2026	
2304	jeta	dʒeta	LEX	morada, casa, lugar							13/04/2026	
2305	jeta meri	dʒeta meɾi	LEX	gume							13/04/2026	
2306	jetadawu	dʒetadawu	LEX	tampa, rolha							13/04/2026	
2307	jetadu	dʒetadːɯ	LEX	ato de acordar							13/04/2026	true
2308	jetadu	dʒetadu	LEX	acordar, despertar							13/04/2026	
2309	jetadudo	dʒetadːudːʌ	LEX	acordar alguém, despertar alguém							13/04/2026	
2310	jetadudo	dʒetadːodːɯ	LEX	despertar alguém, fazer acordar							13/04/2026	
2311	jetadurewu	dʒetaduˈɾew	S	o que acordou							13/04/2026	
2312	jetameri	dʒetameɾi	LEX	gume							13/04/2026	
2313	jetara	dʒetaɾa	LEX	broto, rebento, especialmente das taquaras e cana							13/04/2026	
2314	jetara	dʒetaɾa	LEX	broto, rebento, especialmente de taquaras e cana							13/04/2026	
2315	jetarajiwu	dʒetaɾadʒiwu	LEX	pequeno adorno cilíndrico recoberto de peninhas vermelhas usado na coroinha da pessoa a quem se faz a cerimônia de oieigo							13/04/2026	
2316	jetarigi	dʒetaɾigi	S	parte culminante da aresta, quebradura							13/04/2026	
2317	jetarigi	dʒetaɾigi	LEX	parte culminante da aresta, quebradura							13/04/2026	
2318	jetawu	dʒetawu	LEX	cadeiras, região lombar							13/04/2026	
2319	jetawu kobo	dʒetawu	LEX	lumbago, dores lombare							13/04/2026	
2320	jetawu oto	dʒetawu	LEX	lombinho, ponta das cadeira							13/04/2026	
2321	jetawu ra	dʒetawu	LEX	vértebras lombare							13/04/2026	
2322	jetawu ra	dʒetawu	LEX	vértebras lombares							13/04/2026	
2323	jeto	dʒeto	VT	pôr, clocar; do lado de cá, para cá							13/04/2026	
2324	jeto pui	dʒeto	LEX	traição, engano, enganar, trair							13/04/2026	
2325	jetobo	dʒetobo	LEX	variedade de peixe das lagoa							13/04/2026	
2326	jetoboe	dʒetoboe	LEX	coisa do lado de cá							13/04/2026	
2327	jetori	dʒetoɾi	LEX	avareza, ser avaro							13/04/2026	
2328	jetorirewu	dʒetoɾiˈɾew	S	o avaro, o mesquinho							13/04/2026	
2329	jetorirewu	dʒetoɾiɾew	S	avarento							13/04/2026	
2330	jetoro 1	dʒetoɾo	LEX	alinhamento, justiça, estar alinhado, ser justo							13/04/2026	
2331	jetoro 2	dʒetoɾo	LEX	direitura alinhamento, aprumo, ser direito, agir direito							13/04/2026	
2332	jetoro 3	dʒetoɾo	LEX	variedade de piau (peixe)							13/04/2026	
2333	jetorodo	dʒetoˈɾodːʌ	LEX	endireitar, alinhar, aprumar, corrigir, converter							13/04/2026	
2334	jetorododurewu	dʒetoɾoˈdːodːɯˈɾew	S	o direito, o alinhado							13/04/2026	
2335	jetorogodu	dʒetoɾoˈgodːɯ	LEX	direitura, aprumo, alinhamento; corrigise, endireitar-se, tornar-se direito							13/04/2026	
2336	jetororeboe	dʒetoɾoˈɾeboe	LEX	retidão, decoro							13/04/2026	
2337	jetororewu	dʒetoɾoˈɾew	LEX	o direito, o alinhado, o aprumado							13/04/2026	
2338	jetu	dʒetu	LEX	existência, morada, colocação, estada, assistência, presença; estar, ficar							13/04/2026	
2339	jetu 1	ˈdʒetu	LEX	estar, assistir, presidir, dirigir, auxiliar							13/04/2026	
2340	jetu 2	ˈdʒetu	LEX	existência, morada, colocação, estada, assistência, presença							13/04/2026	
2341	jetu 3	ˈdʒetu	LEX	presença; estar, ficar, assistir presidir, dirigir, vigiar, cuidar, auxiliar, consolar							13/04/2026	
2342	jetu otorogado	dʒetu otoɾogado	VT	guardar							13/04/2026	
2343	jetu pemega	dʒetu pemega	LEX	cuidar							13/04/2026	
2344	jetua	dʒetua	LEX	indignação, zanga, raiva							13/04/2026	
2345	jetua	dʒetua	LEX	indignação, zanga, raiva							13/04/2026	
2346	jetuado	dʒetuˈadːʌ	VC	fazer indignar, fazer zangar, fazer ter raiva							13/04/2026	
2347	jetuado	dʒetuado	LEX	fazer indignar, fazer zangar							13/04/2026	
2348	jetudo 1	dʒeˈtudːʌ	VC	fazer estar, colocar, pôr, deixar, assistir							13/04/2026	
2349	jetudo 2	dʒetudo 2	LEX	colocar, assistir, cuidar							13/04/2026	
2350	jeturewu	dʒetuˈɾew	S	o que assiste, o que cuida, o que está presente							13/04/2026	
2351	jeturu	dʒetuɾu	LEX	carranca, ofensa, cara dura; estar carrancudo, fazer cara dura							13/04/2026	
2352	jeturudo (cf. returudo)	dʒetuɾudo	LEX	mandar recado, mandar convite							13/04/2026	
2353	jeturudo returudo	dʒetuɾudo ɾetuɾudo	LEX	mandar recado, convidar							13/04/2026	
2354	jeturudodurewu	dʒetːɯɾɯdːodːɯˈɾewɯ	S	o (que foi) convidado							13/04/2026	
2355	jetururewu1	dʒetuɾuˈɾew	LEX	carrancudo, de cara dura							13/04/2026	
2356	jetururewu2	dʒewaduiewo	LEX	buracão, abismo							13/04/2026	
2357	jewi	dʒewi	LEX	têmporas, cabelos das têmporas; radículas das árvores; raizames das palmeira							13/04/2026	
2358	jewodu	dʒewodu	LEX	ressurreição, reanimação, ressuscitar, reanimar-se: jewodure (ressuscitou							13/04/2026	
2359	jewodudo	dʒewodːodːɯ	LEX	fazer ressuscitar, reanimar							13/04/2026	
2360	jewodudo	dʒewodːodːɯ	LEX	fazer ressuscitar, reanimar							13/04/2026	
2361	jewoduio (cf. jewaduiewo)	dʒewoduio	LEX	abismo, buracão muio fundo							13/04/2026	
2362	jewodureu	dʒewoduˈɾew	S	o ressuscitado, o que se reanimou							13/04/2026	
2363	ji (.i)	dʒi	POSP	nele, nela, o, a, lhe, a ele, a ela (cf i    POSP							13/04/2026	
2364	jii	dʒii	ADV	até, por muito tempo (quanto mais longa for a distância ou o tempo, mais se prolonga o i							13/04/2026	
2365	jii je	dʒii dʒːe	ADV	sempre, durante muito tempo							13/04/2026	
2366	jipa	dʒipa	LEX	margem, lado, têmpora							13/04/2026	
2367	jipá	dʒipá	LEX	lugar arbitrário de reunião fora da aldeia onde os pescadores ou caçadores se reúnem antes da caçada ou da pescaria para evocar os espíritos e distribuir tarefa							13/04/2026	
2368	jipa kejewu	dʒipa kedʒewu	LEX	tipo de enfeite de plumas para as têmpera							13/04/2026	
2369	jipageje	dʒipagedʒːe	ADV	junto com, na margem							13/04/2026	
2370	jipagi	dʒipagi	POSP	atrás, em troca, de volta							13/04/2026	
2371	jipagiwu	dʒipagiwu	LEX	o que se dá em troca, o que vai do lado contrário							13/04/2026	
2372	jipagogu	dʒipagogu	LEX	virote das têmperas, amarradura na margem dos cabelo   LEX							13/04/2026	
2373	jipagudu	dʒipagudːɯ	LEX	esperteza, valentia, ser esperto, valente							13/04/2026	
2374	jipagudurewu	dʒipagudːɯˈɾew	S	o que é esperto, valente							13/04/2026	
2375	jiparara	dʒipaɾaɾa	LEX	região temporal, opérculo dos brônquios de um peixe							13/04/2026	
2376	jiparara ra	dʒipaɾaɾa ɾa	LEX	ossos das têmperas; parte mais resistente dos brônquios de um peixe							13/04/2026	
2377	jiri	dʒiɾi	LEX	dor, amargura; doer, ser amargo	jirire = é amargo						13/04/2026	true
2378	jirido	dʒiɾidːʌ	LEX	tornar dolorido, tornar amargo							13/04/2026	
2379	jirie	dʒiɾie	LEX	abelhas iraxins (produzem mel amargo)							13/04/2026	
2380	jirie aroe	dʒiɾie aɾoe	LEX	designação de uma representação e dos seus atore							13/04/2026	
2381	jirigo	dʒiɾigo	LEX	renovar uma ferida							13/04/2026	
2382	jirigodu	dʒiɾiˈgodːɯ	LEX	forma usada para a mulher que dá sinais de parto kuri jirigodure (está dando sinais de parto							13/04/2026	
2383	jirireboe	dʒiɾiɾeboe	LEX	substância amarga							13/04/2026	
2384	jirirewu	dʒiɾiˈɾew	LEX	o que é dolorido, o que é amargo							13/04/2026	
2385	jiwijiwi	dʒiwidʒiwi	LEX	passarinho (de mau augúrio							13/04/2026	
2386	jiwoae	dʒiwoae	LEX	sofrimento, infelicidade							13/04/2026	
2387	jiworewu	dʒiwoˈɾew	S	o sofredor, o doente, o paciente							13/04/2026	
2388	jiwuda (jipá)	dʒiwuda	LEX	lugar de reunião, ao sair para pescaria ou caçada							13/04/2026	
2389	jodo	dʒodo	LEX	inclinar, encurvar, dobrar, empurrar, espremer, aprovar							13/04/2026	
2390	jododurewu	dʒoˈdːodːɯˈɾew	S	o inclinado, o dobrado, o pisado, o exprimido							13/04/2026	
2391	jogwa (joga)	dʒogwa	LEX	inacabado, ação de lavrar; baiga joga (arco inacabado, mal feito)							13/04/2026	
2392	jogwado	dʒogwadːʌ	LEX	lavrar							13/04/2026	
2393	jogwadodurewu	dʒogwaˈdːodːɯˈɾew	S	o que foi lavrado							13/04/2026	
2394	joia	dʒoia	LEX	lugar onde algo se apoia							13/04/2026	
2395	jokae	dʒokae	LEX	esmola							13/04/2026	
2396	joki	dʒoki	POSP	sobre, por cima de							13/04/2026	
2397	jokorogo	dʒokoɾogo	LEX	joão-bobo		Nystalus chacuru					13/04/2026	
2398	joku baibai	dʒoku baibai	LEX	bêbado							13/04/2026	
2399	joku biri	dʒoku biɾi	LEX	pálpebra							13/04/2026	
2400	joku bokwarewu	dʒoku bokwaɾew	S	cego, o que não tem olho							13/04/2026	
2401	joku bu	dʒoku bu	LEX	pestana							13/04/2026	
2402	joku iru	dʒoku iɾu	LEX	desprezo, escolha, observação							13/04/2026	
2403	joku irudo	dʒoku iɾudo	VC	fazer desprezar, fazer escolher, fazer observar							13/04/2026	
2404	joku jodo	dʒoku dʒodo	VC	olhar benignamente							13/04/2026	
2405	joku kigadu	dʒoku kigadu	LEX	visão, fraca, visão nublada, distração							13/04/2026	
2406	joku kurirewu	dʒoku kuɾiɾew	S	variedade de peixe cachorro (olho grande)							13/04/2026	
2407	joku meriri	dʒoku meɾiɾi	LEX	óculos							13/04/2026	
2408	joku pega	dʒoku pega	LEX	olho doente, olhada maliciosa							13/04/2026	
2409	joku pegado	dʒoku pegado	VC	fazer olhar mal, ferir o olho							13/04/2026	
2410	joku pigipigi	dʒoku pigipigi	LEX	pirilampo							13/04/2026	
2411	joku tadawu	dʒoku tadawu	LEX	botão							13/04/2026	
2412	joku tadawu meta	dʒoku tadawu meta	LEX	lugar onde coloca botão							13/04/2026	
2413	joku1	dʒoku	LEX	olho							13/04/2026	
2414	joku2	dʒoku	LEX	pedinchice, pedir continuamente, esmolar							13/04/2026	
2415	jokubiri	dʒokubiɾi	LEX	pálpebra							13/04/2026	
2416	jokudo	dʒokudːʌ	LEX	clarear, limpar							13/04/2026	
2417	jokudu	dʒokudu	LEX	admiração, paixão, amor; admirar, ter paixão por, amar							13/04/2026	
2418	jokugigi	dʒokugigi	LEX	sorriso: aekugigire (você sorriu							13/04/2026	
2419	jokugigi1	dʒokugigi	LEX	sorriso, sorrir							13/04/2026	
2420	jokugigi2	dʒokugo	LEX	gafanhoto							13/04/2026	
2421	jokugudu	dʒokugudːɯ	LEX	ter medo, ter receio, espanto							13/04/2026	
2422	jokugudu	dʒokugudːɯ	LEX	medo, espanto, ter medo							13/04/2026	
2423	jokuguru	dʒokuguɾu	LEX	lágrima							13/04/2026	
2424	jokujokurewu	dʒokudʒokuˈɾew	LEX	aquilo que é recoberto de pintas arredondada							13/04/2026	
2425	jokukidu	dʒokukidu	LEX	olhada fixa, curiosidade; olhar fixamente							13/04/2026	
2426	jokukuietai	dʒokukuietai	LEX	guabiroba							13/04/2026	
2427	jokumeki	dʒokumeki	LEX	estrabismo, ódio, rancor, raiva, olhadela maliciosa; odiar							13/04/2026	
2428	jokupio	dʒokupio	LEX	nó das árvore							13/04/2026	
2429	jokurara	dʒokuɾaɾa	LEX	malar							13/04/2026	
2430	jokurea	dʒokuɾea	LEX	tênues listras de peninhas que certas aves apresentam perto dos olho							13/04/2026	
2431	jokuru	dʒokuɾu	LEX	lágrima							13/04/2026	
2432	jokurugudu	dʒokuɾugudːɯ	LEX	limpeza, transparência							13/04/2026	
2433	jokurugududo	dʒokuɾugudːudːʌ	VC	limpar, clarear							13/04/2026	
2434	jokururewu	dʒokuɾuˈɾew	LEX	lagrimejante							13/04/2026	
2435	jomo	dʒomːo	LEX	variedade de lontra							13/04/2026	
2436	jomo biri	dʒomːo	LEX	pele de lontra; tapete feito de pele de lontra							13/04/2026	
2437	jomo uiorubo	dʒomːo	LEX	cipó da mata cujas folhas são esfregadas na rede de pescar para pegar com facilidade o peixe (como a lontra							13/04/2026	
2438	jomorido (omorido)	dʒomoɾido	LEX	estragar a ponta, tornar a ponta obtusa							13/04/2026	
2439	jona	dʒonːa	ADV	logo, imediatamente							13/04/2026	
2440	jora	dʒoɾa	LEX	canto de alegria							13/04/2026	
2441	joradu uru	dʒoɾadːɯ	LEX	brasa quente							13/04/2026	
2442	jorigi (vrt. de jerigi)	dʒoɾigi	LEX	acha, lenha seca, cerne							13/04/2026	
2443	jorodu	dʒoɾodːɯ	LEX	demora, demorar							13/04/2026	
2444	jorodurewu	dʒoɾoduˈɾew	S	o que demora							13/04/2026	
2445	jorogwa gori	dʒoɾogwa goɾi	LEX	fuligem							13/04/2026	
2446	joru cira	ˈdʒoɾu	S	fósforo							13/04/2026	
2447	joru irarewu	ˈdʒoɾu	S	fósforo							13/04/2026	
2448	joru kuodu	ˈdʒoɾu	LEX	reavivamento do fogo; certa técnica de adivinhação pelo fogo							13/04/2026	
2449	jorubadare	ˈdʒoɾu	LEX	cunhado, membro de um outro clã com o qual existem direitos matrimoniais							13/04/2026	
2450	jorubea paru	dʒoɾubea paɾu	LEX	tição							13/04/2026	
2451	jorubo amagadurewu	dʒoɾubo	S	malária							13/04/2026	
2452	jorubo kuru	dʒoɾubo	S	bebida medicinal, veneno líquido, xarope							13/04/2026	
2453	jorubo kuru epa	dʒoɾubo	S	médico, enfermeiro							13/04/2026	
2454	jorubo kuru epa	dʒoɾubo	LEX	médico, enfermeiro, curandeiro				https://upload.wikimedia.org/wikipedia/commons/thumb/a/ab/Physical_examination.jpg/500px-Physical_examination.jpg			13/04/2026	
2455	jorubo pegarewu	dʒoɾubo	S	veneno							13/04/2026	
2456	jorubodare	dʒoɾubo	LEX	cunhado padrinho de um rapaz na cerimônia da iniciação; afilhado na mesma cerimônia	ure iorubodaregedu = ele me fez ter parentes						13/04/2026	
2457	jorubodo	dʒoɾubo	LEX	fazer feitiço, enfeitiçar							13/04/2026	
2458	jorubododu epa	dʒoɾubo	VC	feiticeiro							13/04/2026	
2459	jorubutu1	dʒoɾubutu	LEX	estação das queimadas, estação da seca, ano, aniversário							13/04/2026	
2460	jorubutu2	dʒoɾubutu2	LEX	estação das queimadas, estação da seca							13/04/2026	
2461	jorucira	dʒoɾutʃiɾa	LEX	fósforo							13/04/2026	
2462	joruduiwadowu	dʒoɾuduiwadowu	LEX	discípulo							13/04/2026	
2463	joruduiwagodu	dʒoɾuduiwagodu	LEX	começar a entender; começar a saber	ioruduiwagodu tawadaru ji = eu comecei a entender a língua de vocês						13/04/2026	
2464	jorudurewu	dʒoɾuduˈɾew	S	o que viu							13/04/2026	
2465	joruduwado	dʒoɾuduwadːʌ	LEX	ensinar, fazer conhecer, fazer saber, instruir	tare ioruduiwado ikerogu boe ji = vocês me ensinaram ( quais são ) os meus alimentos						13/04/2026	
2466	joruduwadoda	dʒoɾuduwadodːa	LEX	lugar onde se ensina							13/04/2026	
2467	joruduwadodurewu	dʒoɾuduwaˈdːodːɯˈɾew	S	aquele que foi ensinado, aluno							13/04/2026	
2468	joruduwadowu	dʒoɾuduwadowu	PPASS	o ensinado, o discípulo, o que aprende							13/04/2026	
2469	joruduwagodu (erduwagodu)	dʒoɾuduwagodu	LEX	estar para conhecer, começar a conheces, a saber, a entender							13/04/2026	
2470	joruduwarewu	dʒoɾuduwaˈɾew	S	o que sabe, que conhece, o sábio, o instruído							13/04/2026	
2471	jorugagori (jorugwagori)	dʒoɾugagoɾi	S	fuligem							13/04/2026	
2472	jorugo1	dʒoɾugo	VC	acender fogo							13/04/2026	
2473	jorugo2	dʒoɾugo	VC	fazer fogo, acender fogo							13/04/2026	
2474	jorugoda	dʒoɾugoda	LEX	lugar de fogo, queimada							13/04/2026	
2475	jorugoda gori	dʒoɾugoda goɾi	LEX	queimada recente							13/04/2026	
2476	jorugodu	dʒoɾugodu	LEX	acender-se do fogo							13/04/2026	
2477	jorugu	dʒoɾugu	LEX	chama, luz, resplendor, raio de luz							13/04/2026	
2478	jorugudo	dʒoɾugudo	LEX	produzir chama, iluminar, produzir luz							13/04/2026	
2479	jorugudoda	dʒoɾugudodːa	LEX	lugar onde se produz uma chama, onde se acende uma luz, onde se fez fogo							13/04/2026	
2480	jorukuru	dʒoɾukuɾu	LEX	querosene, gasolina, qualquer combustível líquido							13/04/2026	
2481	joto	dʒoto	LEX	bastão							13/04/2026	
2482	jowai	dʒowai	LEX	paciência, calma							13/04/2026	
2483	jowairewu	dʒowaiˈɾew	LEX	paciente, calmo							13/04/2026	
2484	joware	dʒowaɾe	LEX	designação de certo espírito							13/04/2026	
2485	jowe	dʒowe	LEX	abelhas caga-fogo, tataíra		Oxytrigona tataira	https://pt.wikipedia.org/wiki/Tataíra	https://upload.wikimedia.org/wikipedia/commons/thumb/7/7c/Oxytrigona_tataira.jpg/560px-Oxytrigona_tataira.jpg			13/04/2026	
2486	jowu	dʒowu	S	enguia-d'água-doce, muçum		gênero Synbranchus	https://pt.wikipedia.org/wiki/Synbranchus_marmoratus	https://upload.wikimedia.org/wikipedia/commons/thumb/c/cb/F_de_Castelnau-poissonsPl44.jpg/250px-F_de_Castelnau-poissonsPl44.jpg			13/04/2026	
2487	jugo kigadurewu	dʒugo kigaduɾew	S	taiaçu		Dicotyles tajacu		https://upload.wikimedia.org/wikipedia/commons/thumb/a/a0/Collared_peccary02_-_melbourne_zoo.jpg/500px-Collared_peccary02_-_melbourne_zoo.jpg			13/04/2026	
2488	jugodoge eimejera	dʒugodoge eimedʒeɾa	LEX	queixada macho, guia da manada de porcos silvestre							13/04/2026	
2489	jui (pl. juie)	dʒui	LEX	caititu, catete							13/04/2026	
2490	juirewu	dʒuiɾew	LEX	abotoado		Pterodoras granulosus	https://pt.wikipedia.org/wiki/Abotoado	https://upload.wikimedia.org/wikipedia/commons/thumb/e/e7/Johann_Natterer_-_Abotoado_%28Pterodoras_granulosus%29.jpg/960px-Johann_Natterer_-_Abotoado_%28Pterodoras_granulosus%29.jpg			13/04/2026	
2491	juko (pl. jukoe)	dʒuko	LEX	macaco							13/04/2026	
2492	juko perapororewuge	dʒuko peɾapoɾoɾewge	LEX	abelhas moça-branca							13/04/2026	
2493	jukodo	dʒukodːʌ	LEX	abanar; tipo de colar bororo							13/04/2026	
2494	juku	dʒuku	LEX	corte, fio; cortar, ter fio							13/04/2026	
2495	jukuado	dʒukuadːʌ	LEX	cercar, cortar na frente							13/04/2026	
2496	jukwa	dʒukwa	LEX	entalha							13/04/2026	
2497	jura (iura)	dʒuɾa	LEX	costela							13/04/2026	
2498	jura ra	dʒuɾa ɾa	S	caixa toráxica							13/04/2026	
2499	jurado	dʒuɾadːʌ	VC	puxar, esticar							13/04/2026	
2500	jure1	dʒuɾe	LEX	sucuri		Eunectes murinus	https://pt.wikipedia.org/wiki/Sucuri	https://upload.wikimedia.org/wikipedia/commons/b/b4/Sucuri_verde.jpg			13/04/2026	
2501	jure2	dʒuɾe	LEX	arco íris; dança, fila							13/04/2026	
2502	jurea	dʒuɾea	LEX	pindaíba							13/04/2026	
2503	jurea	dʒuɾea	LEX	rastro de sucuri							13/04/2026	
2504	jurewu	dʒuˈɾew	S	mandioca (chamada assim pela semelhança com a planta denominada ju)							13/04/2026	
2505	jurewu ika	dʒuˈɾew ˈika	LEX	planta de mandioca, rama de mandioca							13/04/2026	
2506	ka aturuarewu	ka atuɾuaɾew	S	grande tambor, feito de cerâmica Pertence aos Kie							13/04/2026	
2507	ka awadu	ka awadu	LEX	muito gordo							13/04/2026	
2508	ka i	kaˈi	LEX	variedade de cedro							13/04/2026	
2509	ka okogerewu	ka okogeɾew	S	tipo de tambor bororo							13/04/2026	
2510	kaba jiba	kaba dʒiba	PRON	o que (quando depende de um verbo intransitivo)							13/04/2026	
2511	kabaguru	kabaguɾu	LEX	qualidade muito esguio, delgado; jazer no chão chão							13/04/2026	
2512	kabagururewu	kabaguɾuˈɾew	S	aquilo que é muito delgado							13/04/2026	
2513	kabi	kabi	VT	limpar, lavar							13/04/2026	true
2514	kabida	kabidːa	LEX	banheiro							13/04/2026	
2515	kabijire	kabidʒiɾe	CONJ	porque							13/04/2026	
2516	kabo1	kabo	LEX	cucurbitácea do cerrado; a casca da fruta é usada para guardar pena							13/04/2026	
2517	kabo2	kabo	LEX	variedade de peixe (espécie não identificada)							13/04/2026	
2518	kaboba	kaboba	PRON	o que (é)?	kaboba ji ba amagore = oque você está falando?						13/04/2026	
2519	kadagare (ou kadogare)	kadagaɾe	LEX	variedade de pequeno martim-pescador/guarda-rios (gênero Chloroceryle)		Chloroceryle	https://pt.wikipedia.org/wiki/Chloroceryle				13/04/2026	
2520	kadago	kadago	LEX	saracura (ave							13/04/2026	
2521	kadamo (ou kadomo)	kadamo	LEX	variedade de grande martim-pescador/guarda-rios		gênero Megaceryle	https://pt.wikipedia.org/wiki/Megaceryle				13/04/2026	
2522	kado enoguru	kado enoguɾu	LEX	seiva de taquara nova							13/04/2026	
2523	kado rairewu aroe	kado ɾaiɾew aɾoe	LEX	representação bororo e autores da mesma							13/04/2026	
2524	kadobora	kadoboɾa	LEX	balsa feita com taquara							13/04/2026	
2525	kadodu	kaˈdːodːɯ	PPASS	cortado, dividido, partido							13/04/2026	
2526	kadodurewu	kaˈdːodːɯˈɾew	S	o cortado, o dividido, o partido							13/04/2026	
2527	kadogare (ou kadagare)	kadogaɾe	LEX	variedade de pequeno martipescador (ave							13/04/2026	
2528	kadogare marege	kadogaɾe maɾege	LEX	membros de uma tribo atualmente desconhecida							13/04/2026	
2529	kadogare uiorubo	kadogaɾe uioɾubo	LEX	árvore cujas folhas são esfregadas nas mãos dos pescadores para terem sorte na pescaria							13/04/2026	
2530	kadogarewu	kadogaˈɾew	S	muçurana, muquirana, caninana		Clelia clelia	https://pt.wikipedia.org/wiki/Muçuranːa				13/04/2026	
2531	kadogubo bororo	kadogubo boɾoɾo	LEX	antiga aldeia bororo nas margens do Kadogubo							13/04/2026	
2532	kadoguru	kadoguɾu	LEX	taquaral	barae ere kadoguru akedudo = os não indígenas acabaram com os taquaral						13/04/2026	
2533	kadomo	kadomːo	LEX	variedade de grande martipescador							13/04/2026	
2534	kadomogo	kadomogo	LEX	região rica em taquarais, nas margens do rio Taquari							13/04/2026	
2535	kadomogo iwo	kadomogo iwo	LEX	bambu imperial							13/04/2026	
2536	kadori	kadoɾi	LEX	morro situado nos arredores da atual cidade de Guiratinga; morro situado nos arredores da cidade de Rondonópolis: morro Cadopare							13/04/2026	
2537	kadurewu (kadu kadurewu)	kaduɾew	LEX	listrado, pintado, de várias cores							13/04/2026	
2538	kaduru	kaduɾu	LEX	sabor, gosto							13/04/2026	
2539	kadurudo	kaduɾudːʌ	LEX	deixar saboroso							13/04/2026	
2540	kadururewu	kaduɾuˈɾew	LEX	o gostoso, saboroso	awu boe kugu kadururewu pemeganure rugadu = essa sopa tradicional esta saboroso						13/04/2026	
2541	kae (vrt. de ae)	kae	POSP	no rumo de algum lugar ou coisa							13/04/2026	
2542	kaeweredu (kaido)	kaeweɾedu	LEX	palmeira acumã		Syagrus flexuosa					13/04/2026	
2543	kaga	kaga	LEX	gavião caracará, denominado também kituireu		Caracara plancus	https://pt.wikipedia.org/wiki/Carcar%C3%A1	https://upload.wikimedia.org/wikipedia/commons/thumb/a/ad/Schopfkarakara.jpg/960px-Schopfkarakara.jpg			13/04/2026	
2544	kagado	kagadːʌ	LEX	explicar, falar, recitar							13/04/2026	
2545	kagara	kagaɾa	LEX	tipo de enfeite nasal bororo; tipo de prego ornamental (para a descrição destes enfeites e dos dois seguintes cf EBI pg 332s							13/04/2026	
2546	kagara je ekurewu	kagaɾa dʒe ekuɾew	S	tipo de enfeite nasal; tipo de prego ornamental							13/04/2026	
2547	kagara je kujagurewu	kagaɾa dʒe kudʒaguɾew	S	tipo de enfeite nasal; tipo de prego ornamental							13/04/2026	
2548	kagarari	kagaɾaɾi	LEX	morro nos arredores de Cuiabá							13/04/2026	
2549	kagiri (akagiri)	kagiɾi	LEX	esquartejamento							13/04/2026	
2550	kagirido (akagirido)	kagiɾido	LEX	esquartejar							13/04/2026	
2551	kagiridoda	kagiɾidodːa	LEX	lugar de esquartejamento							13/04/2026	
2552	kago	kago	LEX	armadilha para pegar peixe, pari							13/04/2026	
2553	kagori	kagoɾi	LEX	roxidão, roxo							13/04/2026	
2554	kagorirewu	kagoɾiˈɾew	S	que é roxo							13/04/2026	
2555	kaguda	kagudːa	LEX	lugar onde se peneira algo; resíduos que ficam na peneira							13/04/2026	
2556	kagudurewu	kagudːɯˈɾew	S	o que foi peneirado							13/04/2026	
2557	kaguru	kaguɾu	LEX	gordura líquida, azeite, banha							13/04/2026	
2558	kagurudo	kaguɾudːʌ	LEX	engordurar, untar							13/04/2026	
2559	kagurudodu	kaguɾudːodːɯ	PPASS	engordurado, untado							13/04/2026	
2560	kagurudodurewu	kaguɾudːodːɯˈɾew	S	o engordado, o untado							13/04/2026	
2561	kagururewu	kaguɾuˈɾew	S	o que é gorduroso							13/04/2026	
2562	kai	kai	ADV	sem (negação no modo gerúndio)							13/04/2026	
2563	kai (vrt. de ai)	kai	POSP	para, a							13/04/2026	
2564	kaia	kaia	LEX	pilão; nome ritual do tambor bororo; nome de uma mancha de estrela							13/04/2026	true
2565	kaiamo	kaiamːo	LEX	designação genérica de qualquer tribo inimiga; caiapó, nome atualmente dado aos Xavante							13/04/2026	
2566	kaiamo biagarewu	kaiamo biagaɾew	S	rib Taboca, afluente esquerdo do Kaiamo Kurireu, rib Bandeira							13/04/2026	
2567	kaiamori	kaiamoɾi	LEX	morro da Providência, na atual reserva de Meruri							13/04/2026	
2568	kaibori to	kaiboɾi to	LEX	socar, pilar	Muga ure kaibori to kuiada ji = mamãe socou milho com o mão de pilão						13/04/2026	
2569	kaiborigoda	kaiboɾigodːa	LEX	lugar onde se apiloa algo							13/04/2026	
2570	kaiborigodu	kaiboɾiˈgodːɯ	LEX	socadura, apiloamento; socar, apiloar, pilar							13/04/2026	
2571	kaiborigodurewu	kaiboɾigoduˈɾew	S	o socado, o apiloado							13/04/2026	
2572	kaidaga (kaido)	kaidaga	LEX	palmeirinha acumã; folha da palmeirinha acumã							13/04/2026	
2573	kaidaga oto akirirewu	kaidaga oto akiɾiɾew	S	colar feito com broto de palha de palmeira acumã, enfeitada de penugem branca Pertence aos Paiwoe Cebegiwuge							13/04/2026	
2574	kaidaga oto koborewu	kaidaga oto koboɾew	S	colar feito com broto de palha de acumã recortado Pertence aos PCob							13/04/2026	
2575	kaido (ou kaidaga)	kaido	LEX	palmeira acumã							13/04/2026	
2576	kaidopara	kaidopaɾa	LEX	lendário veadinho das capoeiras							13/04/2026	
2577	kaikai	kaikai	LEX	espécie coruja							13/04/2026	
2578	kaiwara	kaiwaɾa	LEX	baqueta para o tambor							13/04/2026	
2579	kajeje	kadʒedʒːe	POSP	através de, ao redor de							13/04/2026	true
2580	kajejewu	kadʒedʒewu	LEX	que está ao redor, que atravessa							13/04/2026	
2581	kama	kamːa	ADV	bem, mesmo							13/04/2026	
2582	kamarari	kamaɾaɾi	LEX	morro nas cabeceiras do rio Tadarimana							13/04/2026	
2583	kamida	kamidːa	LEX	costura; lugar onde se costura algo							13/04/2026	
2584	kamidurewu	kamiduˈɾew	LEX	o costurado							13/04/2026	
2585	kamo	kamːo	LEX	jirau, moquém: armação para moquera carnes e peixe							13/04/2026	
2586	kamorewu	kamoˈɾew	S	jirau para dormir, cama	iregoduwo ia ipoguru bagai camoreuwu epace = Vou buscar umas madeiras para fazer um jirau						13/04/2026	
2587	kana	kanːa	LEX	braço, antebraço, asa, barbatana peitoral, perna anterior dos quadrúpede							13/04/2026	
2588	kana bu	kana bu	LEX	cobertura das asas de uma ave, pelo dos braço							13/04/2026	
2589	kana jiwu (aroia kana)	kana dʒiwu	LEX	camisa							13/04/2026	
2590	kana koborewu	kana koboɾew	LEX	braço esquerdo							13/04/2026	
2591	kana okea	kana okea	LEX	região interna do braço e antebraço							13/04/2026	
2592	kana paru	kana paɾu	LEX	região escapulumeral; base da asa de uma ave							13/04/2026	
2593	kana pegarewu	kana pegaɾew	S	braço ruim, braço esquerdo							13/04/2026	
2594	kana pemegarewu jaogwai	kana pemegaɾew	S	lado de braço direito							13/04/2026	true
2595	kana uiamugu	kana uiamugu	LEX	região interna do cotovelo							13/04/2026	
2596	kanado	kanadːʌ	LEX	lavrar, apontar, indicar com o braço							13/04/2026	
2597	kanadobijiwu	kanadobidʒiwu	LEX	afluente							13/04/2026	
2598	kanadoda	kanadodːa	LEX	lugar onde se lavra algo							13/04/2026	
2599	kanadodu	kanaˈdːodːɯ	PPASS	lavrado							13/04/2026	
2600	kanadodurewu	kanaˈdːodːɯˈɾew	LEX	o lavrado							13/04/2026	
2601	kanao	kanao	LEX	ombro; espinha do rosto							13/04/2026	
2602	kanaodo	kanaodːʌ	LEX	arredondar							13/04/2026	
2603	kanaododu	kanaoˈdːodːɯ	PPASS	arredondado							13/04/2026	
2604	kanaododurewu	kanaoˈdːodːɯˈɾew	LEX	o arredondado							13/04/2026	
2605	kanaora	kanaoɾa	LEX	cabeça do úmero; parte da asa de uma ave							13/04/2026	
2606	kao	kao	POSP	por, entre							13/04/2026	
2607	kaokao	kaokao	LEX	variedade de choca (ave							13/04/2026	
2608	karadega	kaɾadega	ADV	eis que não, não na verdade							13/04/2026	
2609	karega	kaɾaega	ADV	talvez							13/04/2026	
2610	karai	kaɾai	ADV	indica rapidez, tortuosidade							13/04/2026	
2611	karairewu	kaɾaiˈɾew	LEX	o torto, o rápido							13/04/2026	
2612	karaiwadoge	kaɾaiwadoge	LEX	designação de certos espírito							13/04/2026	
2613	karao (pl. karaoe)	kaɾao	LEX	papagaio verdadeiro		Amazona aestiva	https://pt.wikipedia.org/wiki/Papagaio-verdadeiro	https://upload.wikimedia.org/wikipedia/commons/thumb/9/99/Papagaio-verdadeiro.jpg/960px-Papagaio-verdadeiro.jpg			13/04/2026	
2614	karao bari	kaɾao baɾi	LEX	cabacinha apito No corpo da cabacinha abrem-se dois grupos simétricos de 4 janelinhas e a ponta da taquarinha-apito leva tufos de cabelo humano Pertence aos Iw							13/04/2026	
2615	karaoe aroe	kaɾaoe aɾoe	LEX	designação de uma representação e dos seus atore							13/04/2026	
2616	karaoe edugo	kaɾaoe edugo	LEX	tipo de pintura corporal bororo							13/04/2026	
2617	karaoe epori	kaɾaoe epoɾi	LEX	tipo de pote bororo							13/04/2026	
2618	kare eceba (oucareceba)	kaɾe etʃeba	LEX	pescador							13/04/2026	
2619	kare ekojarewu	kaɾe ekodʒaɾew	LEX	brinquedo feito de folhas de palmeira							13/04/2026	
2620	kare eparu	kaɾe epaɾu	LEX	canto de preparação para pesca							13/04/2026	
2621	kare ewa	kaɾe ewa	LEX	ova, ovo de peixe							13/04/2026	
2622	kare ewarewu	kaɾe ewaɾew	LEX	verruga							13/04/2026	
2623	karega	kaɾega	ADV	não	Boenure tagi, imi karega = vocês são bororo, eu não!						13/04/2026	
2624	karegano	kaɾeganːo	ADV	aquele não							13/04/2026	
2625	karegao	kaɾegao	ADV	este não							13/04/2026	
2626	karo (pl. kare)	kaɾo	LEX	peixe							13/04/2026	
2627	karo birikedorewu	kaɾo biɾikedoɾew	S	peixe sem escama	imodukare karo birikedorewu kowuje =  Não como peixe sem escama						13/04/2026	
2628	karo botorewu	kaɾo botoɾew	S	peixe com escama							13/04/2026	
2629	karo kigadurewu	kaɾo kigaduɾew	S	voadeira (peixe)							13/04/2026	
2630	karodu	kaɾodːɯ	LEX	vapor aquoso							13/04/2026	
2631	karodurewu	kaɾoduˈɾew	LEX	o que é recoberto de vapor aquoso							13/04/2026	
2632	karore marege	kaɾoɾe maɾege	LEX	designação de uma tribo amiga, atualmente desconhecida							13/04/2026	
2633	karori (pl. karore)	kaɾoɾi	LEX	libélula		"Subordem:	Anisoptera"	https://pt.wikipedia.org/wiki/Libélula	https://upload.wikimedia.org/wikipedia/commons/thumb/9/92/Darter_August_2007-22_edit.jpg/960px-Darter_August_2007-22_edit.jpg			13/04/2026	
2634	karodu	ˈkaɾu	LEX	suor							13/04/2026	
2635	kawaru	kaˈwaɾu	LEX	cavalo		Equus ferus caballus	https://pt.wikipedia.org/wiki/Cavalo	https://upload.wikimedia.org/wikipedia/commons/d/de/Nokota_Horses_cropped.jpg			13/04/2026	
2636	kaweeredu	kaweeɾedːɯ	LEX	coco de palmeira acumã							13/04/2026	
2637	kawoi	kaˈwoi	LEX	bebida alcoólica							13/04/2026	
2638	kawoi kuru	kawoi kuɾu	LEX	bebida de acuri com espinhos de pequi citada numa lenda bororo							13/04/2026	
2639	kaworu tudurewu	kawoɾu tuduɾew	LEX	verde como fruta verde (não madura)							13/04/2026	
2640	kaworurewu	kawoɾuˈɾew	S	o azul, o verde							13/04/2026	
2641	ke eno biri	ke eno biɾi	LEX	pele do nariz do morcego (expressão usada para indicar coisa horrível)							13/04/2026	
2642	ke marugodu	ke maɾugodu	LEX	larva lendária							13/04/2026	
2643	ke1	ke	LEX	alimento, comida							13/04/2026	
2644	ke2	ke	LEX	morcego							13/04/2026	
2645	ke3	ke	LEX	rede ritual							13/04/2026	
2646	keadu	keadːɯ	LEX	ruindade; brincar (sentido pejorativo)							13/04/2026	
2647	keagu	keagu	LEX	gavião-fumaça castanho							13/04/2026	
2648	keakorogo	keakoɾogo	S	papagaio anaçã		Deroptyus accipitrinus	https://pt.wikipedia.org/wiki/Anacã#:~:text=Os%20anacãs%20medem%20em%20torno,larga%20faixa%20azul%20nas%20pontas.	https://upload.wikimedia.org/wikipedia/commons/f/f5/Deroptyus_accipitrinus_or_Red-fan_Parrot_on_ground.jpg			13/04/2026	
2649	keakorogo oto corewu	keakoɾogo oto tʃoɾew	S	araçã de bico preto							13/04/2026	
2650	keaokeao	keaokeao	LEX	variedade de gralha							13/04/2026	
2651	kedaro	kedaɾo	LEX	variedade de morcego							13/04/2026	
2652	kedo	kedːʌ	LEX	alimentar, preparar alimento							13/04/2026	
2653	kedo	kedːʌ	LEX	limpo, vazio, nudez	ere boe kedodo cai je = deixaram tudo vazio						13/04/2026	
2654	kedodo	kedodːʌ	VC	limpar, esvaziar, acabar							13/04/2026	
2655	kedodu	keˈdːodːɯ	PPASS	limpo, vazio							13/04/2026	
2656	kedorewu	kedoˈɾew	S	o limpo, o vazio							13/04/2026	
2657	kejari	kedʒaɾi	LEX	nome de uma antiga aldeia Bororo perto da cidade de Rondonópolis							13/04/2026	
2658	kejari bororo	kedʒaɾi boɾoɾo	LEX	antiga aldeia bororo na localidade de Kejari							13/04/2026	
2659	kerekere	keɾekeɾe	LEX	variedade de papagaio, ararinha							13/04/2026	
2660	kerekeredoge etaro	keɾekeɾedoge etaɾo	LEX	tipo de adorno nasal bororo; tipo de prego ornamental							13/04/2026	
2661	kewiarewu (kie ewiareu)	kewiaɾew	LEX	murici							13/04/2026	
2662	ki	ki	LEX	anta		Tapirus terrestris	https://pt.wikipedia.org/wiki/Anta-brasileira				13/04/2026	
2663	ki	ki	LEX	secura; cume, ponta; mau cheiro, seco, fino, magro							13/04/2026	
2664	ki	ki	POSP	no rumo de cima: pobo ki (rio acima)							13/04/2026	
2665	ki aredu	ki aɾedu	LEX	designação de um ator da representação Kie Aroe							13/04/2026	
2666	ki bakororo	ki bakoɾoɾo	LEX	antepassado dos Kie Cebegiwuge (o mais importante chefe de todo o clã dos Kie							13/04/2026	
2667	ki imedu	ki imedu	LEX	designação de anta macho; de um certo espírito; de um ator da representação Aroe Guboro							13/04/2026	
2668	ki uiorubo	ki uioɾubo	LEX	douradão							13/04/2026	
2669	kia	kia	LEX	barulho suave, som produzido por maracás, folhas ou coisa semelhante							13/04/2026	
2670	kiado	kiadːʌ	VC	fazer soar, bater (o maracá)							13/04/2026	
2671	kiadodu	kiaˈdːodːɯ	PPASS	soado, batido							13/04/2026	
2672	kiagodu	kiaˈgodːɯ	LEX	som incipiente, som fraco de maracá							13/04/2026	
2673	kiareboe	kiaɾeboe	LEX	qualquer coisa que produz som de chocalho ou semelhante							13/04/2026	
2674	kiarewu	kiaˈɾew	S	semente de cana índica silvestre usada no chocalho							13/04/2026	
2675	kiargodurewu	kiaɾgoduˈɾew	S	o triste, o que está com saudade							13/04/2026	
2676	kiari	kiaɾi	LEX	não querença; não querer							13/04/2026	
2677	kiarido	kiaɾidːʌ	VC	fazer não querer							13/04/2026	
2678	kiarigo	kiaɾigo	VC	ofensa, tristeza, entristecer alguém	Akiarigodu kaba boe ewogai = Não fique triste atras daquelas pessoas						13/04/2026	
2679	kiarigodu	kiaɾiˈgodːɯ	LEX	tristeza, saudade; estar triste, estar com saudade							13/04/2026	
2680	kiarirewu	kiaɾiˈɾew	S	o que não quer, o preguiçoso, o desobediente							13/04/2026	
2681	kibiritowu	kibiɾitowu	S	carrapato da anta; variedade de epifita da floresta, usada como remédio contra cáries e dor de dente	kibiritowu ure tododo pogora ji 0 o carrapato picou a perna						13/04/2026	
2682	kibito	kibito	LEX	taquarinha							13/04/2026	
2683	kibito kaworurewu	kibito kawoɾuɾew	S	taquarinha esverdeada							13/04/2026	
2684	kibito kurirewu	kibito kuɾiɾew	S	variedade de grande taquarinha							13/04/2026	
2685	kibito rogu	kibito ɾogu	LEX	variedade de pequena taquarinha		Proscopiidae	https://pt.wikipedia.org/wiki/Proscopiidae				13/04/2026	
2686	kicagigi	kitʃagigi	LEX	muito seco, muito frágil							13/04/2026	
2687	kicarugogo	kitʃaɾugogo	LEX	muito seco							13/04/2026	
2688	kida	kidːa	LEX	calma							13/04/2026	
2689	kidado	kidadːʌ	VC	acalmar							13/04/2026	
2690	kidarewu	kidaˈɾew	S	o calmo							13/04/2026	
2691	kido i	kido i	LEX	almacegueira							13/04/2026	
2692	kido kuru (kidoguru)	kido kuɾu	LEX	variedade de resina segregada pelo kido kuru i							13/04/2026	
2693	kido1	kidːʌ	LEX	periquito vassourinha; certo espírito		Forpus xanthopterygius	https://pt.wikipedia.org/wiki/Forpus_xanthopterygius				13/04/2026	
2694	kido2	kidːʌ	LEX	aparecer, surgir, apontar							13/04/2026	
2695	kido3	kidːʌ	LEX	fruta de uma variedade de almacegueira, resina de esta planta							13/04/2026	
2696	kido4	kidːʌ	LEX	secar, moquear							13/04/2026	
2697	kidoda	kidodːa	LEX	lugar onde se moquea							13/04/2026	
2698	kidodu	kiˈdːodːɯ	PPASS	moqueado							13/04/2026	
2699	kidodurewu	kiˈdːodːɯˈɾew	S	aquilo que foi moqueado							13/04/2026	
2700	kidoe etumana	kidoe etumana	LEX	periquito-d'asa-azul / tuim-de-asa-azul / periquito vassourinha ( Forpus xanthopterygius)		Forpus xanthopterygius	https://pt.wikipedia.org/wiki/Forpus_xanthopterygius	https://upload.wikimedia.org/wikipedia/commons/thumb/5/54/Forpus_xanthopterygius_-Brazil-6-4c.jpg/560px-Forpus_xanthopterygius_-Brazil-6-4c.jpg			13/04/2026	
2701	kidoguroe	kidoguɾoe	LEX	abelhas borá		Tetragona clavipes	https://pt.wikipedia.org/wiki/Vorá	https://encrypted-tbn0.gstatic.com/images?q=tbn:ANd9GcSB-zTdiB5NpnlOgNNU2A2sMUwVwy599ZLxZoknbMqtr8aqT_2-K6FiYN_mHFHk2zI-fzsj&s=10			13/04/2026	
2702	kidoguroerewu	kidoguɾoeɾew	LEX	variedade de abelhas borá ou vorá							13/04/2026	
2703	kidoguru	kidoguɾu	LEX	resina mole, usada para grudar penugem no corpo							13/04/2026	
2704	kidoguru boa kurirewu	kidoguɾu boa kuɾiɾew	S	tipo de pintura facial dos bororo							13/04/2026	
2705	kidoguru boarewu	kidoguɾu boaɾaɾew	S	tipo de pintura facial dos bororo							13/04/2026	
2706	kidoguru i	kidoguɾu i	LEX	almacegueira que fornece ótima resina							13/04/2026	
2707	kidoguru jaiworewu	kidoguɾu dʒaiwoɾew	S	arbusto do cerrado, usado como remédio externo							13/04/2026	
2708	kidoguru jaka	kidoguɾu dʒaka	LEX	tipo de pintura facial							13/04/2026	
2709	kidoguru jirirewu	kidoguɾu dʒiɾiɾew	S	arbusto do cerrado de raiz muito amarga usada como remédio							13/04/2026	
2710	kidokia	kidokia	LEX	pirarara		Pseudacanthicus pirarara	https://en.wikipedia.org/wiki/Pseudacanthicus_piraraɾa				13/04/2026	
2711	kidorewu	kidoˈɾew	S	sanhaço		gênero Thraupis	https://pt.wikipedia.org/wiki/Thraupis	https://upload.wikimedia.org/wikipedia/commons/8/83/Thraupis_episcopus_cropped.jpg			13/04/2026	
2712	kie etoborewu	kie etoboɾew	S	redemoinho d'água							13/04/2026	
2713	kie ewiarewu	kie ewiaɾew	S	fruta de murici							13/04/2026	
2714	kiege etarorewu	kiege etaɾoɾew	S	variedade de cipó com cujas folhas aquecidas os bororo fazem aplicações contra oftalmia							13/04/2026	
2715	kiege etore	kiege etoɾe	LEX	tipo de adorno nasal dos bororo							13/04/2026	
2716	kiegeri	kiegeɾi	LEX	morro nas nascentes do Noidori, afluente esquerdo do Pobo Kurirewu (rio das Mortes)							13/04/2026	
2717	kiegeri bororo	kiegeɾi boɾoɾo	LEX	antiga aldeia ao sopé do Kiegeri							13/04/2026	
2718	kiegewo	kiegewo	LEX	tipo de bracelete; tipo de pulseira; tipo de coroa bororo Fabricados com fitas de couro ou de tecido de fibras e tufos de penas coloridas							13/04/2026	
2719	kiegewo eku makarewu	kiegewo eku makaɾew	S	tipo de kiegewo com penas só amarela							13/04/2026	
2720	kiegewo ekurewu	kiegewo ekuɾew	S	tipo de kiegewo com prevalência de penas amarela							13/04/2026	
2721	kiegewo enawu ekurewu	kiegewo enawu ekuɾew	S	tipo de kiegewo com penas só amarela							13/04/2026	
2722	kiegewo enawu urugurewu	kiegewo enawu uɾuguɾew	S	tipo de kiegewo com penas vermelha							13/04/2026	
2723	kiegewo urugurewu	kiegewo uɾuguɾew	S	tipo de kiegewo com penas só vermelha							13/04/2026	
2724	kigadu	kigadːɯ	LEX	brancura, alvura, palidez, limpeza; ser ou ficar branco, pálido, limpo							13/04/2026	
2725	kigadudo	kigadːudːʌ	LEX	embranquecer, limpar							13/04/2026	
2726	kigadudodu	kigadudːodːɯ	PPASS	embranquecido							13/04/2026	
2727	kigadugodurewu	kigadugoduˈɾew	S	aquele que começa a embranquecer							13/04/2026	
2728	kigarewu (ukigareu)	kigaˈɾew	LEX	o chifrudo, o enfeitado com pregos ornamentai							13/04/2026	
2729	kigi	ˈkigi	LEX	riso, sorriso, cócegas; sentir cócega							13/04/2026	
2730	kigido	kiˈgidːʌ	VC	fazer rir, fazer cócega							13/04/2026	
2731	kigigodu	kigiˈgodːɯ	LEX	riso incipiente, sorriso, cócega							13/04/2026	
2732	kigireboe	kigiˈɾeboe	LEX	coisa ridícula, piada							13/04/2026	
2733	kigirewu	kigiˈɾew	S	sorridente, risonho							13/04/2026	
2734	kigo	kigo	LEX	mofo, mofar							13/04/2026	
2735	kigodo	kiˈgodːʌ	VC	fazer mofar, deixar mofar							13/04/2026	
2736	kigodu	kiˈgodːɯ	ADV	freqüentemente, com freqüência, amiúdo							13/04/2026	
2737	kigogodu	kigoˈgodːɯ	LEX	mofo incipiente, estar para mofar							13/04/2026	
2738	kigogodurewu	kigogoduˈɾew	S	o que começa a mofar							13/04/2026	
2739	kigorewu	kigoˈɾew	S	o mofado							13/04/2026	
2740	kigori	kiˈgoɾi	LEX	micose, prurido, coceira, coçar							13/04/2026	
2741	kigorido	kigoˈɾidːʌ	LEX	provocar prurido							13/04/2026	
2742	kigoridoge	kigoɾiˈdoge	LEX	birigüis (insetos que causam prurido)							13/04/2026	
2743	kigoridoge eerubo	kigoɾidoge eeɾubo	LEX	arbusto do cerrado de folhas finas e talo branco, ótimo remédio contra coceira							13/04/2026	
2744	kigorigodu	kigoɾiˈgodːɯ	LEX	coceira incipiente							13/04/2026	
2745	kigorireboe	kigoɾiɾeboe	LEX	coisa que provoca coceira							13/04/2026	
2746	kigorirewu	kigoɾiˈɾew	S	o que causa coceira							13/04/2026	
2747	kigowuia	kigowuia	LEX	mau cheiro, catinga, fedor							13/04/2026	
2748	kigowuiarewu	kigowuiaˈɾew	LEX	o que cheira mal, o que desprende mau cheiro							13/04/2026	
2749	kigudu	kigudːɯ	LEX	fragmento, resto, cisco, farrapo, migalha, lixo							13/04/2026	
2750	kigudurewu	kigudːɯˈɾew	S	aquilo que tem fragmentos; o esfarrapado							13/04/2026	
2751	kikuru	kikuɾu	LEX	juruva, tesoureiro		Momotidae	https://pt.wikipedia.org/wiki/Juruva	https://upload.wikimedia.org/wikipedia/commons/thumb/d/d5/Blue-crowned_Motmot_back_2.jpg/560px-Blue-crowned_Motmot_back_2.jpg			13/04/2026	
2752	kima	kimːa	LEX	insipidez, insípido							13/04/2026	
2753	kimagodu	kimaˈgodːɯ	LEX	insipidez, estar insípido							13/04/2026	
2754	kimagodudo	kimagodːudːʌ	LEX	tornar insípido							13/04/2026	
2755	kimagodurewu	kimagoduˈɾew	LEX	o insípido							13/04/2026	
2756	kimao	kimao	LEX	fruta de algodãozinho							13/04/2026	
2757	kimao i	kimao i	LEX	algodãozinho do cerrado							13/04/2026	
2758	kimareboe	kimaɾeboe	LEX	coisa insípida							13/04/2026	
2759	kimarewu	kimaˈɾew	LEX	insípido							13/04/2026	
2760	kimicira	kimitʃiɾa	LEX	peneira							13/04/2026	
2761	kimo	kimːo	ADV	ainda							13/04/2026	
2762	kina?	kina	INTJ	será possível? indica dúvida, maravilha							13/04/2026	
2763	kioga (kiogwa)	kioga	LEX	bem, bom, estar bem, estar com saúde							13/04/2026	
2764	kiogakare (kiogwakare)	kiogakaɾe	LEX	está estragado, não está bom, não presta							13/04/2026	
2765	kiogo	kiogo	LEX	passar remédio							13/04/2026	
2766	kiogo barogo	kiogo baɾogo	LEX	indivíduo pobre, desamparado							13/04/2026	
2767	kiogoagiri	kiogoaˈgiɾi	LEX	penugem branca							13/04/2026	
2768	kiogoaro	kiogoaɾo	LEX	enfeite de penas que atado na cabeça, pende do occipício sobre as costa É usado principalmente por crianças e mulheres; em certas representações é usado também como bracelete e como adorno de objetos rituais tais como ke (rede ritual), mano (roda de talos de caeté), marido (roda de talos de folha de buriti), kado rairewu (taquara comprida) e de arco							13/04/2026	
2769	kiogoaro Boe etaobaru	kiogoaɾo Boe etaobaɾu	LEX	tipo de kiogoaro que do occipício pende sobre as costa							13/04/2026	
2770	kiogodo	kioˈgodːʌ	LEX	vareta para atiçar o fogo; tipo de bengala enfeitada; tipo de prego ornamental; tipo de coroa bororo							13/04/2026	
2771	kiogori	kiogoɾi	LEX	elevação no c do Pogubo Cerewu, rio São Lourenço							13/04/2026	
2772	kiogori bororo	kiogoɾi boɾoɾo	LEX	antiga aldeia ao sopé do Kiogori							13/04/2026	
2773	kiogwa (kioga)	kiogwa	LEX	saúde, bem estar; prestar, servir							13/04/2026	
2774	kiogwado (kiogado)	kiogwado	LEX	fazer sarar, ser propício							13/04/2026	
2775	kiogwarewu (kiogareu)	kiogwaɾew	LEX	o são, bom, que presta							13/04/2026	
2776	kioro	kioɾo	LEX	mansidão, sossego, calma, quietude							13/04/2026	
2777	kiorodo	kioɾodːʌ	LEX	acalmar, sossegar							13/04/2026	
2778	kiorogodu	kioɾoˈgodːɯ	LEX	calma iminente, sossego iminente, quietude iminente							13/04/2026	
2779	kiorogodurewu	kioɾogoduˈɾew	S	o calmo, o quieto, o sossegado							13/04/2026	
2780	kiororewu	kioɾoˈɾew	LEX	o calmo, o quieto, o sossegado							13/04/2026	
2781	kireru	kiɾeɾu	LEX	cheiro	jorugudu kireru = cheiro de cinza.						13/04/2026	
2782	kirerudo	kiɾeɾudːʌ	VC	fazer catingar	Iwe kirerure woe 0 o ouriço está catingando						13/04/2026	
2783	kirerurewu	kiɾeɾuˈɾew	S	o que catinga, o que desprende mau cheiro							13/04/2026	
2784	kirewu	kiˈɾew	LEX	o seco							13/04/2026	
2785	kiri	kiɾi	LEX	variedade de cará comestível							13/04/2026	
2786	kirimida	kiɾimidːa	LEX	lugar de regresso; troco de dinheiro; oto kirimida estribilho de algum canto							13/04/2026	
2787	kirimidurewu	kiɾimiduˈɾew	S	o que foi virado							13/04/2026	
2788	kirodu	kiɾodːɯ	LEX	sujeira, estar sujo							13/04/2026	
2789	kirodudo	kiɾodːudːʌ	LEX	sujar							13/04/2026	
2790	kirodugodu	kiɾoduˈgodːɯ	LEX	sujeira iminente							13/04/2026	
2791	kirodurewu	kiɾoduˈɾew	S	o que é sujo							13/04/2026	
2792	kirogo	kiɾogo	LEX	designação de certo espírito							13/04/2026	
2793	kirori (girori)	kiɾoɾi	LEX	cheiro bom, perfume, gosto agradável, exalar bom cheiro							13/04/2026	
2794	kirorido	kiɾoɾidːʌ	LEX	perfumar, fazer cheirar bem							13/04/2026	
2795	kirorirewu	kiɾoɾiˈɾew	LEX	o cheiroso, o perfumado, o gostoso							13/04/2026	
2796	kitoriga	kitoɾiga	LEX	variedade de grande gafanhoto							13/04/2026	
2797	kitui	kitui	LEX	magreza extrema							13/04/2026	
2798	kituido	kituidːʌ	LEX	emagrecer muito							13/04/2026	
2799	kituirewu	kituiˈɾew	LEX	muito magro							13/04/2026	
2800	kituirewu	kituiˈɾew	S	variedade de gavião chamado também kaga; variedade de cará comestível							13/04/2026	
2801	kiwa (okiwa)	kiwa	LEX	capivara							13/04/2026	
2802	kiwarewu (okiwareu)	kiwaɾew	LEX	rato							13/04/2026	
2803	kiwori	kiwoɾi	LEX	ponta							13/04/2026	
2804	kiworido	kiwoɾidːʌ	VC	apontar							13/04/2026	
2805	kiworo	kiwoɾo	LEX	capia de praia							13/04/2026	
2806	kiwujedurewu	kiwudʒeduˈɾew	S	o desatada o solto, o desligado							13/04/2026	
2807	ko1	kɔ	LEX	mau cheiro, fedor; cheirar mal							13/04/2026	
2808	ko2	ko	LEX	pedra de alisar flecha							13/04/2026	
2809	ko3	ko	LEX	pescoço, parte alta de algo; altura; profundidade							13/04/2026	
2810	ko4	ko	LEX	profundidade; ser profundo							13/04/2026	
2811	ko6	ko	VT	comer Ver kowuje;							13/04/2026	
2812	ko7	ko	ADV	forma que indica rapidez, iminência							13/04/2026	
2813	koadu	koadːɯ	LEX	limpeza, simplicidade, celibato; simples, limpo, solteiro							13/04/2026	
2814	koadurewu	koaduˈɾew	S	o limpo, o desprovido de adornos; o solteiro, o viúvo							13/04/2026	
2815	koai (kowai)	koai	LEX	embaúba		Gênero Cecropia	https://pt.wikipedia.org/wiki/Embaúba_(árvore)				13/04/2026	
2816	kobo	kobo	LEX	pedaço, resto, sobra, canhotice, quebradura; quebrar-se							13/04/2026	
2817	koboa	koboa	LEX	pescoço							13/04/2026	
2818	koboarewu	koboaˈɾew	S	variedade de peixe cascudo							13/04/2026	
2819	kobodo	kobodːʌ	LEX	encurtar, reduzir, despontar							13/04/2026	
2820	kobori	koboɾi	LEX	curteza, qualidade do que é curto							13/04/2026	
2821	koborido	koboɾidːʌ	LEX	encurtar, diminuir, reduzir							13/04/2026	
2822	koboridodu	koboɾiˈdːodːɯ	PPASS	encurtado, diminuído, reduzido							13/04/2026	
2823	koboridodurewu	koboɾiˈdːodːɯˈɾew	S	o encurtado, o reduzido, o diminuído							13/04/2026	
2824	koborigodu	koboɾiˈgodːɯ	LEX	curto							13/04/2026	
2825	koborigodurewu	koboɾigoduˈɾew	S	o curto							13/04/2026	
2826	koborirewu	koboɾiˈɾew	LEX	o curto							13/04/2026	
2827	koca	kotʃːa	LEX	sinome de Arigao Koca							13/04/2026	
2828	kocaga	kotʃaga	LEX	saracura (ave							13/04/2026	
2829	kocaga uiorubo	kotʃaga uioɾubo	LEX	arbusto cujas raízes são mastigadas para obter bela e robusta voz como a da saracura							13/04/2026	
2830	kociwa	kotʃiwa	LEX	variedade de peixe							13/04/2026	
2831	koco	kotʃːo	LEX	caju							13/04/2026	
2832	koco i	kotʃo i	LEX	cajueiro							13/04/2026	
2833	koco iwararewu	kotʃo iwaɾaɾew	S	caju rasteiro							13/04/2026	
2834	koda (kóda)	koda	LEX	caminho, batida, trilho, rasto de cobra; pista para corrida							13/04/2026	
2835	kode	kode	ADV	então, porque							13/04/2026	
2836	kodi (kódi)	kodi	CONJ	porque, por							13/04/2026	
2837	kodia	kodia	INTJ	então! por isso!							13/04/2026	
2838	kodiboe	kodiboe	LEX	motivo, causa, razão, porquê, ocasião, tempo							13/04/2026	
2839	kodo	ˈkɔdɔ	LEX	fazer emanar mau cheiro							13/04/2026	true
2840	kodo	kɔˈdɔ	LEX	cesto, esteira							13/04/2026	
2841	kodo ira	kodo iɾa	LEX	beirada reforçada do cesto							13/04/2026	
2842	kodo jawu	kodo dʒawu	LEX	aquele que vai na frente durante uma marcha, guia							13/04/2026	
2843	kodo unugia	kodo unugia	LEX	faixa para carregar a cesta funerária							13/04/2026	
2844	kodobie	kodobie	LEX	faixa de entrecasca usada para carregar o cesto; faixa íntima das mulheres normalmente chamada ruguri							13/04/2026	
2845	kodobie bace epegagururewu	kodobie batʃe epegaguɾuɾew	S	variedade de entrecasca embranquecida usada para fabricar faixa							13/04/2026	
2846	kodobie ena kigadurewu	kodobie ena kigaduɾew	S	variedade de entrecasca de fibras embranquecidas, usada para fabricar faixa							13/04/2026	
2847	kodobie ena kujagurewu	kodobie ena kudʒaguɾew	S	variedade de entrecasca de fibras avermelhadas, usada para fabricar faixa							13/04/2026	
2848	kodobie i	kodobie i	LEX	variedade de tiliácea, árvore cuja embira produz ótimas faixa							13/04/2026	
2849	kodobo (kódóbo)	kodobo	LEX	tipo de cesta, mala							13/04/2026	
2850	kodobo parai	kodobo paɾai	LEX	tipo de cesta alongada							13/04/2026	
2851	kododu	koˈdːodːɯ	LEX	altura, avanço, aumento, aumentar, avançar							13/04/2026	
2852	kododudo	kododːudːʌ	VC	fazer aumentar							13/04/2026	
2853	kododurewu	koˈdːodːɯˈɾew	S	o que foi feito cheirar mal							13/04/2026	
2854	kododurewu	koˈdːodːɯˈɾew	S	o que subiu, o que foi feito aumentar							13/04/2026	
2855	kodokodo	kodokodːʌ	LEX	caxinguelê (bicho							13/04/2026	
2856	kodomai (kodo mai)	kodomai	ADV	ainda um pouco, em breve; estar verde							13/04/2026	
2857	kodorabo	kodoɾabo	LEX	cesto redondo, tamanho médio, feito ordinariamente de broto de babaçu							13/04/2026	
2858	kodorabo okora	kodoɾabo okoɾa	LEX	boca de certo tipo de cesta; tipo de abanico, tipo de bandeja; região supra-clavicular do corpo							13/04/2026	
2859	kodu akagiri (kódu kagiri)	kodu akagiɾi	LEX	ódio, odiar							13/04/2026	
2860	kodu akagirido	ˈkɔdːɯ kagiɾido	VC	fazer odiar							13/04/2026	
2861	kodu akagirirewu	ˈkɔdːɯ akagiɾiɾew	LEX	aquele que odeia							13/04/2026	
2862	kodu i	kodu i	LEX	variedade de figueira, merindiva da mata							13/04/2026	
2863	kodu kagiri	kodu kagiɾi	LEX	ódio; odiar							13/04/2026	
2864	kodu kagirido	kodu kagiɾido	VC	fazer odiar	Ure kodo kagirido tumedagei =  Fez ter odio dos outros						13/04/2026	
2865	kodu kagirirewu	kodu kagiɾiɾew	S	o que odeia	nowu kodokarirewu imedu  0 aquele homem que odeia						13/04/2026	
2866	kodudo (kódudo)	kodːodːɯ	LEX	cozinhar	Ire aroe kugu kodudo =  Eu cozinho o arroz						13/04/2026	
2867	kodudo (kôdudo)	kodːodːɯ	LEX	fazer voar, fazer andar, fazer sair, fazer partir, fazer marchar							13/04/2026	
2868	kodudu (kódudu)	kodudu	LEX	embira preparada para carregar uma cesta							13/04/2026	
2869	kodugobo (kódugobo)	kodugobo	LEX	rancor, raiva, ódio, odiar, ter rancor							13/04/2026	
2870	koduraka (kóduraka)	koduɾaka	LEX	variedade de lambari de carne dura							13/04/2026	
2871	koduri (kóduri)	koduɾi	LEX	morféia, lepra							13/04/2026	
2872	kodurirewu (kódurireu)	koduɾiɾew	LEX	morfético, leproso							13/04/2026	
2873	koe (kóe)	koe	LEX	tipo de cintcordão; tipo de colar							13/04/2026	
2874	koe aro ekurewu	koe aɾo ekuɾew	S	colar tipo koe enfeitado por plumas de tipo aro de arara amarela							13/04/2026	
2875	koe aro urugurewu	koe aɾo uɾuguɾew	S	colar parecido com o anterior, adornado, porém, de plumas de arara vermelha							13/04/2026	
2876	koe cerewu	koe tʃeɾew	S	colar tipo koe com predominância de discozinhos pretos de tucum Pertence aos Kie							13/04/2026	
2877	koerewu	koeˈɾew	S	tipo de colar; tipo de labrete; tipo de cinto cordão: enfeites construídos com o mesmo material que os koe onde sobressaem alguns segmentos formados só por discoszinos brancos de madrepérola							13/04/2026	
2878	koerewu aro ekurewu	koeɾew aɾo ekuɾew	S	tipo de colar koerewu enfeitado com peninhas do interior da asa de arara amarela							13/04/2026	
2879	koerewu enawu urugurewu	koeɾew enawu uɾuguɾew	S	cinto de tipo koerewu, enfeitado com três tufozinhos de penas de arara vermelha							13/04/2026	
2880	koerewu upogu ekurewu	koeɾew upogu ekuɾew	S	labrete de tipo koerewu tendo na extremidade inferior tufos de plumas de arara amarela; tipo de brinco do mesmo material							13/04/2026	
2881	koerewu upogu kujagurewu	koeɾew upogu kudʒaguɾew	S	labrete de tipo koereu, com tufos de plumas de arara vermelha na extremidade inferior; tipo de brinco do mesmo material							13/04/2026	
2882	koga	ˈkoga	LEX	fruta pau jangada							13/04/2026	
2883	koga	ˈkɔga	LEX	caco, pedaço de cerâmica							13/04/2026	
2884	koga	koga	LEX	sangue coagulado							13/04/2026	
2885	koga (kóga)	koga	LEX	amarradura, atadura, nó; julgamento							13/04/2026	
2886	koga i (kóga i)	koga	LEX	variedade de pau jangada							13/04/2026	
2887	koga umana	koga	LEX	variedade de pau jangada					Fornece ótima embira.		13/04/2026	
2888	kogadodu	kogaˈdːodːɯ	PPASS	enumerado, julgado, repartido, experimentado							13/04/2026	
2889	kogadodurewu	kogaˈdːodːɯˈɾew	S	o julgado, o repartido, o enumerado, o experimentado							13/04/2026	
2890	kogaekogaedoge	kogaekogaedoge	LEX	designação de certos espírito							13/04/2026	
2891	kogaekogaedoge aroe	kogaekogaedoge aɾoe	LEX	designação de uma representação e de seus atores							13/04/2026	
2892	kogaekogaedoge eerubo	kogaekogaedoge eeɾubo	LEX	arbusto do cerrado cujas folhas são usadas como remédio mágico para ter boa sorte nas caçada							13/04/2026	
2893	kogaekogaedoge ewari	kogaekogaedoge ewaɾi	LEX	tipo de cabacinhapito, com janelinhas e pirogravuras; a extremidade inferior da taquarinha é ornada com tufos de cabelos humanos e plumas de arara Pertence aos Baad							13/04/2026	
2894	koge (kóge okóge)	koge	LEX	peixe dourado							13/04/2026	
2895	koge (kóge)	koge	LEX	amarradura; marido							13/04/2026	
2896	koge eerubo	koge eeɾubo	LEX	douradinha (planta medicinal							13/04/2026	
2897	kogedo (kógedó)	kogedo	LEX	casar-se, tomar marido							13/04/2026	
2898	kogedodu	kogeˈdːodːɯ	PPASS	mulher casada							13/04/2026	
2899	kogedodurewudo	kogedoduɾewdːʌ	PPASS	mulher casada							13/04/2026	
2900	kogegodu	kogeˈgodːɯ	LEX	casamento iminente							13/04/2026	
2901	kogerewudo	kogeɾewdːʌ	LEX	mulher casada							13/04/2026	
2902	kogodae	kogodae	LEX	doença							13/04/2026	
2903	kogodu	kogodu	LEX	mau cheiro, doença; estar doente							13/04/2026	true
2904	kogodudo	kogodːudːʌ	LEX	fazer adoecer							13/04/2026	
2905	kogodudo	kogodːudːʌ	VC	fazer adoecer							13/04/2026	
2906	kogodurewu	kogoduˈɾew	S	o doente							13/04/2026	
2907	kogojipa	kogodʒipa	LEX	cardume de pequira							13/04/2026	
2908	kogopara	kogopaɾa	LEX	var de lambari							13/04/2026	
2909	kogorege	kogoɾege	LEX	variedade de pequeno cascudo							13/04/2026	
2910	kogoriga aredu	kogoɾiga aɾedu	LEX	galinha							13/04/2026	
2911	kogoriga imedu	kogoɾiga imedu	LEX	galo							13/04/2026	
2912	kogoriga oiaga	kogoɾiga oiaga	LEX	tipo de prego ornamental							13/04/2026	
2913	kogu (kógu vrt. de koga)	kogu	LEX	cinto, amarradura, nó, cinto feminino							13/04/2026	
2914	kogudo (kógudó)	kogudo	LEX	amarrar, atar, colocar o cinto feminino							13/04/2026	
2915	kogudoda	kogudodːa	LEX	lugar onde se amarra algo							13/04/2026	
2916	kogudodu	kogudːodːɯ	PPASS	amarrado, atado							13/04/2026	
2917	koguia (kóguia)	koguia	LEX	corda, atilho, cordel, embira							13/04/2026	
2918	koguio	koguio	LEX	o amarrado							13/04/2026	
2919	koguio (bace koguio)	koguio	LEX	tuiuiu							13/04/2026	
2920	kogure	koguɾe	LEX	variedade de formigas saúva	koguredoge ewudure ju pa to 0 as formigas carregadeiras invadiram a roça de mandioca						13/04/2026	
2921	kogure eerubo	koguɾe eeɾubo	LEX	arbusto do cerrado usado como remédio							13/04/2026	
2922	kogure eirirewu iwara	koguɾe eiɾiɾew iwaɾa	LEX	limão de campo							13/04/2026	
2923	kogure enogwa	koguɾe enogwa	LEX	abertura do ninho das saúva	Iwure jore kogure enogwa keje 0 eu pisei na casa do formigueiro						13/04/2026	
2924	kogurerewu	koguɾeˈɾew	S	variedade de saúva pequena							13/04/2026	
2925	koi (kói)	koi	LEX	variedade de árvore de mau cheiro							13/04/2026	
2926	koi (kôi)	koi	LEX	bagaço							13/04/2026	
2927	koi bororo	koi boɾoɾo	LEX	antiga aldeia na foz do Okoge Eiao, rio Areia							13/04/2026	
2928	koiwo (kóiwo)	koiwo	LEX	termiteiro de cupins do chão, denominado também kumo (kumo é o inseto; koiwo é o montículo formado)							13/04/2026	
2929	koiwo bari	koiwo baɾi	LEX	termiteiro das árvore							13/04/2026	
2930	koja (kôja)	kodʒa	LEX	fenda bronquial dos peixe							13/04/2026	
2931	kojapo (kôjapo)	kodʒapo	LEX	região externa de um animal correspondente à artéria da garganta							13/04/2026	
2932	kojarido	kodʒaɾidːʌ	LEX	fazer tossir							13/04/2026	
2933	kojarido	kodʒaɾidːʌ	VC	fazer tossir							13/04/2026	
2934	kojarireboe	kodʒaɾiɾeboe	LEX	tuberculose, tosse							13/04/2026	
2935	kojarirewu	kodʒaɾiˈɾew	S	o que tem tosse, o tuberculoso							13/04/2026	
2936	kojera	kodʒeɾa	LEX	variedade de cipó que, assado, é comestível							13/04/2026	
2937	kojipa	kodʒipa	LEX	base do pescoço							13/04/2026	
2938	koka	koka	LEX	raso, não fundo							13/04/2026	
2939	koma	komːa	LEX	jurupoca ou jeripoca (peixe),	pawoguwo koma bagai = Vamos pescar jirirpoca						13/04/2026	
2940	komemarewu	komemaˈɾew	S	variedade de larva eriçada de pêlos urticantes, chamada também marugodu okorirewu							13/04/2026	
2941	konorigi	konoɾigi	LEX	variedade de cigarra	Konorigi akore meri rekodu tabo 0 a cigarra canta ao atardecer						13/04/2026	
2942	konorigi riorio	konoɾigi ɾioɾio	LEX	variedade de cigarra							13/04/2026	
2943	korao utugo	koɾao utugo	LEX	flecha que apresenta entre as asas pequenos anéis de penas verdes e vermelhas alternadoPertence aos PCob							13/04/2026	
2944	korao utugo iworewu	koɾao utugo iwoɾew	S	flecha cujo distintivo é semelhante ao anterior koraoe (pl de korao) papagaioverdadeiro							13/04/2026	
2945	koraori	koɾaoɾi	LEX	morro Grande, situado a 25 km ao sul de Meruri							13/04/2026	
2946	koredu	koɾedːɯ	LEX	crosta de comida assada							13/04/2026	
2947	korewu (kórewu)	koɾew	LEX	de mau cheiro o que cheira mal							13/04/2026	
2948	korewu (kôrewu)	koɾew	LEX	profundo							13/04/2026	
2949	kori (kóri)	koɾi	LEX	dor, zanga, inveja, queixa, capricho, fortidão, fora, doer, zangar, ter inveja	Aora kori ba re nowu imedorogu ji 0 aquele menino está passando por dor de cabeça						13/04/2026	
2950	kori (kôri)	koɾi	POSP	além, por cima, mais do que							13/04/2026	
2951	korido (okorido)	koɾido	LEX	fazer doer, machucar, ferir, fazer zangar, fazer invejar, fazer queixar, fazer forte							13/04/2026	
2952	koridodu (okoridodu)	koɾidodu	PPASS	ferido, machucado, feito zangar, feito invejar, feito queixar, feito forte							13/04/2026	
2953	koridodurewu (okoridodureu)	koɾidoduɾew	PPASS	o ferido, o machucado, o ofendido							13/04/2026	
2954	korigiri	koɾiˈgiɾi	LEX	grande, bastante							13/04/2026	
2955	korigirika	koɾigiɾika	LEX	miúdo, pouco							13/04/2026	
2956	korigo	koɾigo	LEX	ofender, fazer zangar, irritar							13/04/2026	
2957	korigodae	koɾigodae	LEX	aquilo que ofende, que irrita							13/04/2026	
2958	korigodu	koɾiˈgodːɯ	LEX	zanga, irritação, impaciência, zangar, irritar-se							13/04/2026	
2959	korigodudo	koɾigodːudːʌ	VC	fazer zangar, fazer irritar, fazer impacientar							13/04/2026	
2960	korigodurewu	koɾigoduˈɾew	S	o irritado, o zangado, o impaciente							13/04/2026	
2961	korireboe	koɾiɾeboe	LEX	aquilo que causa dor, zanga, ofensa, capricho; pinga, qualquer bebida fortemente alcoólica; cobras venenosas							13/04/2026	
2962	koriwo	koɾiwo	LEX	vegetal do brejo, usado pelos bororo como purgativo							13/04/2026	
2963	korobadudo	koɾobadːudːʌ	LEX	encher							13/04/2026	
2964	korobadurewu	koɾobaduˈɾew	S	aquilo que é cheio							13/04/2026	
2965	korodu	koɾodːɯ	LEX	maduro, madurar, estar maduro							13/04/2026	
2966	korodu (okorodu)	koɾodu	LEX	alimentos misturado							13/04/2026	
2967	korodudo	koɾodːudːʌ	LEX	deixar madurar							13/04/2026	
2968	korodudo (okorodudo)	koɾodːodːɯ	LEX	fazer comer alimentos misturado							13/04/2026	
2969	korodureboe	koɾoduɾeboe	LEX	alimentos que se podem comer junto							13/04/2026	
2970	korodureboe	koɾoduɾeboe	LEX	fruta, o que está maduro							13/04/2026	
2971	korodurewu	koɾoduˈɾew	S	alimento misturado							13/04/2026	
2972	koroge (pl. de korogedu)	koɾoge	LEX	designação de uma tribo inimiga, vencida e incorporada ao clã dos PaiweCobugiwuge							13/04/2026	
2973	korogedu (sing. de koroge)	koɾogedu	LEX	indivíduo da tribo dos koroge							13/04/2026	
2974	koroia	koɾoia	LEX	colônia	Boe eture koroia pi ji = o povo foi embora da colônia						13/04/2026	
2975	korokoro	koɾokoɾo	LEX	curicaca (ave); frango d'água (BM)							13/04/2026	
2976	korora	koɾoɾa	LEX	pescoço de ave							13/04/2026	
2977	kororo	kɔɾɔɾɔ	LEX	escorregamento, deslizamento, alisamento, fome							13/04/2026	
2978	kororogo	kɔɾɔɾɔgɔ	LEX	alisamento, escorregamento							13/04/2026	
2979	kororogodu	koɾoɾoˈgodːɯ	LEX	alisamento, escorregamente							13/04/2026	
2980	kororogodudo	koɾoɾogodːudːʌ	LEX	alisar, deslizar, escorregar							13/04/2026	
2981	kororogodurewu	koɾoɾogodːuˈɾew	S	o liso, o que escorregou, o que é escorregadio							13/04/2026	
2982	korugiri	kɔɾugiɾi	LEX	abundância, grandeza							13/04/2026	
2983	korugirido	koɾugiɾidːʌ	LEX	engrandecer, ampliar							13/04/2026	
2984	korugirikarewu	koɾugiɾikaˈɾew	LEX	miúdo, pouco							13/04/2026	
2985	korugirirewu	koɾugiɾiˈɾew	S	o grande, o ampliado							13/04/2026	
2986	kowai (koai)	kowai	LEX	embaúba							13/04/2026	
2987	kowodu	kówódu	LEX	esforço, contínuo							13/04/2026	
2988	kowodudo	kowodːudːʌ	LEX	esforçar; fazer continuar							13/04/2026	
2989	kowodurewu	kowoduˈɾew	S	esforçado, o que faz esforço, o que continua							13/04/2026	
2990	kowu	kowu	VT	assar, queimar							13/04/2026	true
2991	kowuda	kowudːa	LEX	lugar onde se assa ou se queima algo							13/04/2026	
2992	kowudurewu	kowuduˈɾew	S	o assado, o queimado							13/04/2026	
2993	kowuje	ko	VT	comer Ver kowuje							13/04/2026	
2994	kowujeda	kowudʒedːa	LEX	lugar onde se come, refeitório							13/04/2026	
2995	kowujedu	kowudʒedu	PPART	comido							13/04/2026	
2996	krao kurirewu bari	kɾao kuɾiɾew baɾi	LEX	tipo de cabacinhapito							13/04/2026	
2997	ku kuri	ku kuɾi	LEX	barrigudo							13/04/2026	
2998	ku1	ku	LEX	sangue, líquido, bebida, vermelho, brilho, flor, fibra, moleza, pastosidade, abdômen, ventre Também Boe eku;							13/04/2026	
2999	ku2	ku	LEX	grandeza, abundância	motu kurewu = o (que é) mais bonito.						13/04/2026	
3000	kuai	kuai	LEX	folha de palmeira piaçaba							13/04/2026	
3001	kuaru (kawaru)	kuaɾu	LEX	cavalo							13/04/2026	
3002	kubaru	kubaɾu	LEX	barriga, parte baixa do estômago							13/04/2026	
3003	kubi	kubi	LEX	regaço							13/04/2026	
3004	kubiri	kubiɾi	LEX	estômago							13/04/2026	
3005	kuboa	kuboa	LEX	variedade de barata							13/04/2026	
3006	kuborodo	kuboɾodo	VC	fazer apodrecer, fazer azedar							13/04/2026	
3007	kuborodu	kuboɾodu	PPASS	feito apodrecer, feito azedar							13/04/2026	
3008	kubororewu	kuboɾoɾew	S	o pútrido, o apodrecido, azedo							13/04/2026	
3009	kuda	kudːa	POSP	debaixo de, em baixo, sob							13/04/2026	
3010	kudawu	kudawu	LEX	o que está embaixo, esteira, tapete, couro de dormir ou de sentar; roupa em geral	Nowu kudawu imo adugo biri ure turugadu 0 o couro de onça está pronto				O couro e como uma roupa com muito valor  cultural sentimental		13/04/2026	
3011	kudo i	kudo i	LEX	timbó do cerrado							13/04/2026	
3012	kudo1 [kuˈdɔ]	kudo1 [kuˈdɔ]	LEX	ferir, fazer verter sangue, sangrar							13/04/2026	
3013	kudo2 [kuˈdɔ]	kudo2 [kuˈdɔ]	LEX	variedade de marimbondo							13/04/2026	
3014	kudo3 [kuˈdɔ]	kudo3 [kuˈdɔ]	LEX	variedade de rato; variedade de tubérculo comestível							13/04/2026	
3015	kudo4	ˈkudːʌ	LEX	timbó do cerrado							13/04/2026	
3016	kudo5	kudo5	S	variedade de batata do mato							13/04/2026	
3017	kudobo	kudobo	S	quati/coati	kudobu kodu kaere rugadu = o quati está gordo mesmo						13/04/2026	
3018	kudoBoe eerubo	kudoBoe eeɾubo	LEX	casca branca							13/04/2026	
3020	kudobu ô	kudobu ô	LEX	cauda de quati; tipo de coroa dos Bororo feita de cauda de coati Pertence aos Aroroe							13/04/2026	
3021	kudoe (pl. de kudo)	kudoe	LEX	variedade de rato							13/04/2026	
3022	kudoge (pl. de kudogo)	kudoge	LEX	botoados de cabeça menor							13/04/2026	
3023	kudogo (kudógó) (pl. kudoge)	kudogo	LEX	botoado (peixe Tem a cabeça pequena, enquanto juirewu (botoado) tem a cabeça comprida							13/04/2026	
3024	kudora (vrt. de kudoro pl. kudoroe)	kudoɾa	LEX	araraúna ou arara azul ou arara preta; tipo de prego ornamental; qualquer objeto ou adorno que leva plumas azui							13/04/2026	
3025	kudora bari	kudoɾa baɾi	LEX	tipo de cabacinha, apito							13/04/2026	
3026	kudora ika	kudoɾa ika	LEX	arco todo revestido de anéis vermelhos e azuis alternados de plumas de arara De sua face convexa pendem longas penas de cauda de arara Pertence aos P							13/04/2026	
3027	kudoro	kudoɾo	LEX	algol; beta persei (estrela da constelação de Perseus)							13/04/2026	
3028	kudoro	kudoɾo	LEX	antepassado dos kie (Toro Akadu BaadCob)							13/04/2026	
3029	kudoro (vrt. de kudora. pl. kudoroe)	kudoɾo	LEX	arara preta, ou arara azul; nome de uma constelação							13/04/2026	
3030	kudoro oburugo	kudoɾo obuɾugo	LEX	pena central da asa de arara preta							13/04/2026	
3031	kudoroe (pl. de kudoro)	kudoɾoe	LEX	araraúna							13/04/2026	
3032	kudoroe eiari	kudoɾoe eiaɾi	LEX	morro na margem esquerda do Pocereu, nos arredores da atual cidade de Poxoréo; morro nas proximidades da atual Meruri							13/04/2026	
3033	kudoroe etoiagarewu	kudoɾoe etoiagaɾew	S	feixos de luz projetados no horizonte em forma de pariko, chamados também: meri urugu							13/04/2026	
3034	kudorori	kudoɾoɾi	LEX	morro nas redondezas da atual cidade de Poxoréo							13/04/2026	
3035	kudorowo	kudoɾowo	LEX	variedade de peixe das lagoas, variedade de cascudo							13/04/2026	
3036	kudoru	kudoɾu	LEX	tubérculo comestível							13/04/2026	
3037	kudu	kudːɯ	LEX	fronte, sumidade, parte alta de qualquer coisa							13/04/2026	
3038	kudu	kudːɯ	LEX	grito, som, toque							13/04/2026	
3039	kudu meriri	kudu meɾiɾi	LEX	piaçoca, jaçanã		Jacana jacana	https://pt.wikipedia.org/wiki/Jaçanã				13/04/2026	
3040	kududo	kudːudːʌ	VC	fazer beber; fazer farinha							13/04/2026	
3041	kududo	kudːudːʌ	VC	fazer gritar, tocar instrumentos de metal							13/04/2026	
3042	kududodu	kududːodːɯ	PPASS	feito beber; farinha feita							13/04/2026	
3043	kududodu	kududːodːɯ	PPASS	feito gritar							13/04/2026	
3044	kudugi (pl. kuduge)	kudugi	LEX	variedade de macaco							13/04/2026	
3045	kudugi bari	kudugi baɾi	LEX	tipo de cabacinha-apito Pertence aos Ar							13/04/2026	
3046	kudugoda	kudugodːa	LEX	lugar do grito							13/04/2026	
3047	kudugodu	kuduˈgodːɯ	LEX	altercação, grito; gritar							13/04/2026	
3048	kudukudu	kudukudːɯ	LEX	esmigalhamento, esmigalhar, virar pó							13/04/2026	
3049	kudukududo	kudukudːudːʌ	LEX	esmigalhar, fazer virar pó							13/04/2026	
3050	kudureboe	kuduɾeboe	LEX	farinha							13/04/2026	
3051	kudurewu	kuduˈɾew	S	o esmigalhado, o esfarelado, farinha							13/04/2026	
3052	kudurewu	kuduˈɾew	S	o que grita, o que produz som forte							13/04/2026	
3053	kudururu	kuduɾuɾu	LEX	barulho, gritaria, voze							13/04/2026	
3054	kue (pl. de kuo)	kue	LEX	jaó							13/04/2026	
3055	kue emokodurewu	kue emokoduɾew	S	lombinho dos mamífero							13/04/2026	
3056	kuga	kuga	LEX	rede de dormir							13/04/2026	
3057	kugajeje	kugadʒedʒːe	LEX	parte superior interna da casa							13/04/2026	
3058	kugaru borewu	kugaɾu boɾew	S	rib Anhumas ou Kugaruboreu, afluente esquerdo do Akinabo, rib Peixe de Couro							13/04/2026	
3059	kugarubo bororo	kugaɾubo boɾoɾo	LEX	antiga aldeia nas margens do Kugarubo							13/04/2026	
3060	kugarure	kugaɾuɾe	LEX	batuíra, ave que prefere a areia							13/04/2026	
3061	kugo (kugo pl. kugoe)	kugo	LEX	gavião quiriquiri; variedade de pequeno gafanhoto							13/04/2026	
3062	kugo corewu	kugo tʃoɾew	S	gavião quiriquiri macho							13/04/2026	
3063	kugo jokurea	kugo dʒokuɾea	LEX	tipo de pintura facial							13/04/2026	
3064	kugo kigadurewu	kugo kigaduɾew	S	gavião quiriquiri fêmea							13/04/2026	
3065	kugoe aroe	kugoe aɾoe	LEX	designação de um tipo de representação e de seus atore							13/04/2026	
3066	kugu	kugu	LEX	mingau, moleza, pastosidade							13/04/2026	
3067	kugu	kugu	LEX	variedade de coruja							13/04/2026	
3068	kugu corewu	kugu tʃoɾew	S	variedade de coruja preta							13/04/2026	
3069	kugu joku	kugu dʒoku	LEX	olho de coruja; brinquedo parecido com armadura de óculo							13/04/2026	
3070	kuguco	kugutʃːo	LEX	sangue coagulado; medula espinhal escura de peixe							13/04/2026	
3071	kugucorewu	kugutʃoˈɾew	S	aquele que tem o sangue coagulado							13/04/2026	
3072	kugudo	kugudːʌ	LEX	preparar um mingau							13/04/2026	
3073	kugudodu	kugudːodːɯ	PPASS	mingau preparado							13/04/2026	
3074	kugudu	kugudːɯ	LEX	mingau, moleza, maciez, fraqueza, frouxidão, nojo, enjôo, estar mole							13/04/2026	
3075	kugududo	kugudːudːʌ	LEX	afrouxar, enfraquecer, amolecer, enjoar							13/04/2026	
3076	kugudurewu	kugudːɯˈɾew	S	o mole, o fraco, o afrouxado							13/04/2026	
3077	kugure (pl. de kuguri)	kuguɾe	LEX	pequenezes, pequeno							13/04/2026	
3078	kugureboe	kuguɾeboe	LEX	mingau							13/04/2026	
3079	kuguri	kuguɾi	LEX	pequenez, pequeno							13/04/2026	
3080	kugurigodu	kuguɾiˈgodːɯ	LEX	pequenez, pequeno							13/04/2026	
3081	kugurigodurewu	kuguɾigoduˈɾew	S	o que é pequeno							13/04/2026	
3082	kugurirewu	kuguɾiˈɾew	LEX	o pequeno							13/04/2026	
3083	kugurirewuge	kuguɾiɾewge	LEX	variedade de pequenas formiga							13/04/2026	
3084	kuiada	kuiadːa	LEX	milho		Zea mays	https://pt.wikipedia.org/wiki/Milho	https://upload.wikimedia.org/wikipedia/commons/thumb/f/fe/GEM_corn.jpg/960px-GEM_corn.jpg			13/04/2026	
3085	kuiadá (kuiada a)	kuiadá	LEX	grão de milho							13/04/2026	
3086	kuiada a gori kugu	kuiada a goɾi kugu	LEX	farinha de milho torrado							13/04/2026	
3087	kuiada a kie eperewu 3	kuiada a kie epeɾew 3	LEX	bolo de farinha de milho							13/04/2026	
3088	kuiada a toru	kuiada a toɾu	S	bolo de farinha de milho							13/04/2026	
3089	kuiada aga	kuiada aga	S	barbas de milho							13/04/2026	
3090	kuiada amirewu	kuiada amiɾew	S	bolo de milho							13/04/2026	
3091	kuiada ao	kuiada ao	LEX	pendão de milho							13/04/2026	
3092	kuiada ao ku tori	kuiada ao ku toɾi	LEX	bolo de farinha de milho							13/04/2026	
3093	kuiada bere	kuiada beɾe	LEX	sopa de milho							13/04/2026	
3094	kuiada epa	kuiada epa	LEX	arbusto do cerrado usado como remédio para poder comer o milho que não foi exorcizado pelo bari							13/04/2026	
3095	kuiada gori	kuiada goɾi	LEX	milho assado							13/04/2026	
3096	kuiada ira	kuiada iɾa	LEX	espiga de milho, sabugo							13/04/2026	
3097	kuiada iwo	kuiada iwo	LEX	cana do milho							13/04/2026	
3098	kuiada iworo	kuiada iwoɾo	LEX	palha de milho							13/04/2026	
3099	kuiadoe	kuiadoe	LEX	variedade de aves do pantanal; certos espírito   LEX							13/04/2026	
3100	kuiadoe ewari	kuiadoe ewaɾi	LEX	cabacinhapito, pertencente aos Iw							13/04/2026	
3101	kuiaga	kuiaga	LEX	soberba, vanglória, altivez							13/04/2026	
3102	kuiagado	kuiagadːʌ	LEX	ensoberbecer							13/04/2026	
3103	kuiagarewu	kuiagaˈɾew	LEX	o soberbo, o altivo							13/04/2026	
3104	kuiagu	kuiagu	LEX	gavião fumaça (ou gavião cabolco) (Heterospizias meridionalis		Heterospizias meridionalis	https://pt.wikipedia.org/wiki/Gavião-caboclo	https://upload.wikimedia.org/wikipedia/commons/thumb/e/ec/Savanna_hawk_%28Buteogallus_meridionalis%29.JPG/960px-Savanna_hawk_%28Buteogallus_meridionalis%29.JPG			13/04/2026	
3105	kuiaori	kuiaoɾi	LEX	morro situado no curso do Pogubo Cereu (rio São Lourenço)		São Lourenço	https://pt.wikipedia.org/wiki/Rio_São_Lourenço_(Mato_Grosso)				13/04/2026	
3106	kuiara	kuiaɾa	LEX	espátula de madeira destinada a remexer os alimentos líquidos durante o cozimento							13/04/2026	
3107	kuiaru	kuiaɾu	LEX	gravidez, engravidar							13/04/2026	
3108	kuiarudo	kuiaɾudːʌ	VC	fecundar, engravidar							13/04/2026	
3109	kuiarudodu	kuiaɾudːodːɯ	PPASS	engravidada							13/04/2026	
3110	kuiaterewu	kuiateˈɾew	S	variedade de gavião de fumaça							13/04/2026	
3111	kuibokwa ra	kuibokwa ɾa	LEX	apêndice xifóide							13/04/2026	
3112	kuido (kuidó)	kuido	LEX	arara amarela							13/04/2026	
3113	kuido ao	kuido ao	LEX	peninha da cabeça da arara amarela; tipo de brinco							13/04/2026	
3114	kuido aro	kuido aɾo	LEX	peninhas interiores da raiz da asa da arara amarela; tipo de enfeite de nariz							13/04/2026	
3115	kuido bari	kuido baɾi	LEX	tipo de cabacinhapito, pertencente aos P							13/04/2026	
3116	kuido ikawa	kuido ikawa	LEX	penas primárias da asa da arara amarela; tipo de prego ornamental							13/04/2026	
3117	kuido oburugo	kuido obuɾugo	LEX	as duas retrizes centrais da arara amarela; tipo de enfeite de nariz							13/04/2026	
3118	kuido orea kudawu	kuido oɾea kudawu	LEX	peninhas interiores das asas de arara amarela; tipo de enfeite de nariz							13/04/2026	
3119	kuidoe (pl. de kuido)	kuidoe	LEX	araras amarela							13/04/2026	
3120	kuidori biagarewu	kuidoɾi biagaɾew	S	morro situado perto do Kuidori Kurireu							13/04/2026	
3121	kuidori kurirewu	kuidoɾi kuɾiɾew	S	morro Cuidore, situado a 45 Km a oeste da atual cidade de Guiratinga							13/04/2026	
3122	kuie	kuie	LEX	colar							13/04/2026	
3123	kuieje kurirewu	kuiedʒe kuɾiɾew	S	nome do planeta Vênu							13/04/2026	
3124	kuieje ukigarewu	kuiedʒe ukigaɾew	S	cometa							13/04/2026	
3125	kuiejedoge eerugudu	kuiedʒedoge eeɾugudːɯ	LEX	(cinza de estrelas) galáxia							13/04/2026	
3126	kuigareurewu	kuigaɾeuˈɾew	LEX	aquele que apresenta refego							13/04/2026	
3127	kuigarewu	kuigaˈɾew	S	refego que se forma sobre o cinto da pessoa; lingüiça							13/04/2026	
3128	kuimare	kuimaɾe	LEX	variedade de bocaiúva							13/04/2026	
3129	kuimare kugu	kuimaɾe kugu	LEX	mingau de polpa de kuimare							13/04/2026	
3130	kuimare toru	kuimaɾe toɾu	LEX	bolo de cocos de kuimare							13/04/2026	
3131	kuio	kuio	LEX	jequi, cesto alongado usado para pescar							13/04/2026	
3132	kuio mugudo	kuio mugudo	VC	pescar com jequi							13/04/2026	
3133	kuiricigo	kuiɾitʃigo	ADV	muito							13/04/2026	
3134	kujagu	kudʒagu	LEX	vermelhidão, vermelho, estar vermelho							13/04/2026	
3135	kujagudo	kudʒagudːʌ	LEX	pintar de vermelho, avermelhar							13/04/2026	
3136	kujagurewu	kudʒaguˈɾew	LEX	o vermelho, o pintado de vermelho							13/04/2026	
3137	kuje	kudʒːe	LEX	mutum		Família Cracidae	https://pt.wikipedia.org/wiki/Cracídeos	https://upload.wikimedia.org/wikipedia/commons/thumb/c/c6/Crax_daubentoni_-Philadelphia_Zoo_-female-8a-4c.jpg/500px-Crax_daubentoni_-Philadelphia_Zoo_-female-8a-4c.jpg			13/04/2026	
3138	kujé (vrt. de kujei)	kudʒé	POSP	atrá							13/04/2026	
3139	kuje akadurewu (kadureu) ao	kudʒe akaduɾew ao	LEX	tectrizes da cabeça do motufêmea; tipo de brinco							13/04/2026	
3140	kuje bo	kudʒːe bo	LEX	plumagem de mutum; tipo de doença causada pelas plumas de mutum							13/04/2026	
3141	kuje cerewu	kudʒe tʃeɾew	S	mutum macho, mutum preto							13/04/2026	
3142	kuje cerewu ao	kudʒe tʃeɾew ao	LEX	tectrizes da cabeça de motumacho; tipo de brinco							13/04/2026	
3143	kujeagi (kudʒiagi)	kudʒeagi	POSP	atrás das costas; um sobre o outro ikujeagi akujeagi kujeagi cegujiagi pagujeagi tagujeagi ekujeagi tugujeagi pugujeagi (atrás das minhas costas, etc); je akadurewu (kadureu) mutufêmea							13/04/2026	
3144	kujebiji	kudʒebidʒːi	LEX	para trás	ikujebiji = (para) trás de mim.						13/04/2026	
3145	kujei (vrt de kujé)	kudʒei	POSP	atrás	bakujei = fora da aldeia, atrás da casa.						13/04/2026	
3146	kujerewu	kudʒeˈɾew	S	designação de qualquer palmeira quando começa a ter estipe							13/04/2026	
3147	kujeto	kudʒeto	POSP	atrás							13/04/2026	
3148	kujiagi	kudʒiagi	POSP	um atrás do outro, um após o outro	arerudo kujiagi = dança atrás dela						13/04/2026	
3149	kujibo	kudʒibo	LEX	variedade de cardeal (pássaro); rib Coxipó, afluente esquerdo do rio Cuiabá							13/04/2026	
3150	kujibo jokurewu	kudʒibo dʒokuɾew	S	ribeirão Vinte, afluente esquerdo do ribeirão Barreiro							13/04/2026	
3151	kujiboe (pl. de kujibo)	kudʒiboe	LEX	variedade de cardeai							13/04/2026	
3152	kujiboe bororo	kudʒiboe boɾoɾo	LEX	antiga aldeia na foz do rib Coxipó							13/04/2026	
3153	kujibori	kudʒiboɾi	LEX	morro nas margens do rib Coxipó							13/04/2026	
3154	kukaga	kukaga	LEX	lagartixa cabeça d pau							13/04/2026	true
3155	kukuri	kukuɾi	LEX	carrapato do chão							13/04/2026	
3156	kumere	kumeɾe	LEX	margem do rio numa curva							13/04/2026	
3157	kumo	kumːo	LEX	variedade de cupim do cerrado, denominado também boku mogodoge							13/04/2026	
3158	kunaga	kunaga	LEX	fruta seca sem madurar bem; indivíduo defeituoso, pessoa baixa							13/04/2026	
3159	kuno	kunːo	LEX	papagaicampeiro							13/04/2026	
3160	kunorirewu	kunoɾiˈɾew	S	papagaicampeiro; nome de um astro							13/04/2026	
3161	kunowuio	kunowuio	LEX	variedade de papagaio verdescuro							13/04/2026	
3162	kunuda	kunudːa	LEX	alimento oferecido							13/04/2026	
3163	kuo	kuo	LEX	flor							13/04/2026	
3164	kuo	kuo	LEX	jaó (ave), denominada também nui							13/04/2026	
3165	kuó (kuo ó)	kuó	LEX	coco de piaçaba							13/04/2026	
3166	kuo (kuô)	kuo	LEX	piaçaba							13/04/2026	
3167	kuó bere	kuó beɾe	LEX	sopa de polpa de cocos de piaçaba							13/04/2026	
3168	kuo ito	kuo ito	LEX	palmeirinha piaçaba							13/04/2026	
3169	kuo kugu	kuo kugu	LEX	mingau de polpa de coco de piaçaba							13/04/2026	
3170	kuo kurirewu	kuo kuɾiɾew	S	macuco (espécie de grande jaó), galinnhangola, cocá							13/04/2026	
3171	kuo o jorubo	kuo o dʒoɾubo	LEX	vegetal usado em feitiço							13/04/2026	
3172	kuobo	kuobo	LEX	vegetal da floresta que fornece um tubérculo comestível							13/04/2026	
3173	kuobo kugu	kuobo kugu	LEX	mingau de kuobo							13/04/2026	
3174	kuoda (cf. kwoda)	kuoda	LEX	lugar de aparição; aquele a quem algo apareceu: dono, possuidor							13/04/2026	
3175	kuodo	kuodːʌ	LEX	aparecer, manifestar							13/04/2026	
3176	kuogo	kuogo	LEX	flor de partudo							13/04/2026	
3177	kuogo i	kuogo i	LEX	partudo, denominado também cegu i							13/04/2026	
3178	kuogorewu	kuogoˈɾew	LEX	amarelo							13/04/2026	
3179	kuogori	kuogoɾi	LEX	morro nas margens do Jerigi, afluente esquerdo do rio Vermelho							13/04/2026	
3180	kuorewu	kuoˈɾew	LEX	designação de qualquer pequena palmeira sem estipe							13/04/2026	
3181	kupio	kupio	LEX	qualquer saliência esferoidal; nós dos troncos das árvore							13/04/2026	
3182	kuporo	kupoɾo	LEX	boca estreita de uma vasilha							13/04/2026	
3183	kurea pedoboro	kuɾea pedoboɾo	LEX	vaso sangüíneo							13/04/2026	
3184	kureakurea	kuɾeakuɾea	LEX	variedade de picpau							13/04/2026	
3185	kureakurea	kuɾeakuɾea	LEX	variedade de pica-pau							13/04/2026	
3186	kuredu	kuɾedːɯ	LEX	fartura, abundância; ficar satisfeito de comida							13/04/2026	
3187	kuredudo	kuɾedːudːʌ	LEX	fartar, satisfazer							13/04/2026	
3188	kuredurewu	kuɾeduˈɾew	LEX	o farto, o satisfeito							13/04/2026	
3189	kurege	kuɾege	LEX	variedade de aves atualmente desconhecidas aos Bororo							13/04/2026	
3190	kurege ewari	kuɾege ewaɾi	LEX	tipo de cabacinhapito							13/04/2026	
3191	kuri bi	kuɾi bi	LEX	aborto							13/04/2026	
3192	kuri bido	kuɾi bido	VC	fazer abortar							13/04/2026	
3193	kuri bioro	kuɾi bioɾo	LEX	ventre vazio, fome							13/04/2026	
3194	kuri biororewu	kuɾi bioɾoɾew	S	de ventre vazio, faminto							13/04/2026	
3195	kuri birewudo	kuɾi biɾewdo	LEX	aquela que abortou							13/04/2026	
3196	kuri je	kuɾi dʒːe	ADV	logo, já, imediatamente, rápido							13/04/2026	true
3197	kuri kugududo	kuɾi kugudːodːɯ	VC	fazer vomitar							13/04/2026	
3198	kuriakuria	kuɾiakuɾia	LEX	amas barro (ave)							13/04/2026	
3199	kuribo okwa (kuibokwa)	kuɾibo okwa	LEX	boca do estômago							13/04/2026	
3200	kuributu	kuɾibutu	LEX	parto, dar à luz							13/04/2026	
3201	kuributudo	kuɾibutudːʌ	VC	fazer nascer assistir um parto							13/04/2026	
3202	kuributurewudo	kuɾibutuɾewdːʌ	LEX	puérpera, parturiente							13/04/2026	
3203	kurido	kuɾidːʌ	LEX	engrandecer, fazer grande, aumentar, socar, apiloar							13/04/2026	
3204	kuridoda	kuɾidodːa	LEX	lugar onde algo se fez maior, lugar onde se soca ou se apiloa algo							13/04/2026	
3205	kuridodu	kuɾiˈdːodːɯ	PPASS	feito maior, feito grande, aumentado, engrandecido, socado, apiloado							13/04/2026	
3206	kuridodurewu	kuɾiˈdːodːɯˈɾew	S	o engrandecido, o aumentado, o socado, o apiloado							13/04/2026	
3207	kuridoge	kuɾidoge	LEX	anciãos, anciãvelhos, velha							13/04/2026	
3208	kuridogedu (sing. de kuridoge)	kuɾidogedu	LEX	ancião, anciã, velho, velha, velhice							13/04/2026	
3209	kuridogedu aroe	kuɾidogedu aɾoe	LEX	designação de uma representação e do autor da mesma							13/04/2026	
3210	kuridogedugodu	kuɾidogeduˈgodːɯ	LEX	velhice incipiente							13/04/2026	
3211	kuridogedugodurewu	kuɾidogedugoduˈɾew	S	o que envelhece, velho, ancião							13/04/2026	
3212	kuridogedurewu	kuɾidogeduˈɾew	LEX	o que envelhece, velho, ancião							13/04/2026	
3213	kurige (pl. de kurigi)	kuɾige	LEX	peixeelétricos, poraquê							13/04/2026	
3214	kurigi	kuɾigi	LEX	peixelétrico, poraquê (peixe							13/04/2026	
3215	kurigodu	kuɾiˈgodːɯ	LEX	grandeza incipiente, crescimento incipiente							13/04/2026	
3216	kurigodurewu	kuɾigoduˈɾew	LEX	o que começa a crescer, o adulto							13/04/2026	
3217	kuripo	kuɾipo	LEX	abundância							13/04/2026	
3218	kuripodo	kuɾipodːʌ	LEX	aumentar, engrandecer							13/04/2026	
3219	kuriporewu	kuɾipoˈɾew	LEX	o aumentado, o abundante							13/04/2026	
3220	kurirewu	kuɾiˈɾew	LEX	grande							13/04/2026	
3221	kuritaga	kuɾitaga	LEX	papagaio-corneteiro							13/04/2026	
3222	kuro	kuɾo	LEX	timbó, tingui							13/04/2026	
3223	kuro (vrt de kuru)	kuɾo	LEX	líquido, caldo, bebida, natação, vôo							13/04/2026	
3224	kuro iku	kuɾo iku	LEX	cipó de timb							13/04/2026	
3225	kurobo	kuɾobo	LEX	variedade de fruta do cerrado							13/04/2026	
3226	kurobo i	kuɾobo i	LEX	embiruçu, árvore do cerrado							13/04/2026	
3227	kurodo	kuɾodːʌ	LEX	constelação de Delphinus (Delfim ou Golfinho)							13/04/2026	
3228	kurodo (kurodó)	kuɾodo	LEX	tinguijar, pôr timbó na água							13/04/2026	
3229	kurodo (kuródó)	kuɾodo	LEX	tinguijar, pôr timbó na água							13/04/2026	
3230	kurododa	kuɾododːa	LEX	lugar onde se tinguijou							13/04/2026	
3231	kurododu	kuɾoˈdːodːɯ	PPASS	tinguijado							13/04/2026	
3232	kurodu	kuɾodːɯ	LEX	acordar, ficar acordado							13/04/2026	
3233	kurodu (okurodu)	kuɾodu	LEX	maturação, amadurecimento, maduro							13/04/2026	
3234	kurodudo	kuɾodːudːʌ	VC	fazer acordar, fazer vigiar							13/04/2026	
3235	kurodudo (okurodudo)	kuɾodːodːɯ	LEX	fazer amadurecer, fazer madurar							13/04/2026	
3236	kurodurewu	kuɾoduˈɾew	LEX	o acordado							13/04/2026	
3237	kurodurewu (kurodureu)	kuɾoduɾew	LEX	o maduro							13/04/2026	
3238	kuroro	kuɾoɾo	LEX	fome, sede							13/04/2026	
3239	kurorodu	kuɾoɾodːɯ	LEX	pranto ritual de saudade							13/04/2026	
3240	kuru (vrt. kuro)	kuɾu	LEX	líqüido, caldo, bebida, natação, vôo							13/04/2026	
3241	kuru beguru	kuɾu beguɾu	LEX	caldo viscoso; variedade de raposa							13/04/2026	
3242	kuru cerewu	kuɾu tʃeɾew	S	jaboticaba do cerrado							13/04/2026	
3243	kuruca (kruca)	kuɾutʃa	LEX	marca, sinal							13/04/2026	
3244	kuruca epa	kuɾutʃa epa	LEX	aquele que faz sinais, que faz marcas; o que serve de sinal, de marca; o que serve para marcar							13/04/2026	
3245	kurucado (krucado)	kuɾutʃado	LEX	assinalar, marcar							13/04/2026	
3246	kurucerewu ekurewu	kuɾutʃeɾew ekuɾew	S	jabuticaba amarelo							13/04/2026	
3247	kurucerewu i	kuɾutʃeɾew i	LEX	jabuticabeira de cerrado							13/04/2026	
3248	kurudo	kuɾudːʌ	LEX	preparar uma bebida, preparar umcaldo, liquidificar							13/04/2026	
3249	kurudodu	kuɾudːodːɯ	PPASS	bebida preparada, caldo preparado							13/04/2026	
3250	kuruga	kuɾuga	LEX	lagoa							13/04/2026	
3251	kurugo	kuɾugo	LEX	natação, vôo; atravessa ralguém							13/04/2026	
3252	kurugo	kuɾugo	LEX	preá, coel							13/04/2026	
3253	kurugodu	kuɾuˈgodːɯ	LEX	natação; nadar							13/04/2026	
3254	kurugodudo	kuɾugodːudːʌ	VC	fazer nadar							13/04/2026	
3255	kurugodurewu	kuɾugoduˈɾew	S	nadador, aquele que nadou							13/04/2026	
3256	kurugugoe (pl. de kurugugwa)	kuɾugugoe	LEX	gaviõecaracaraí							13/04/2026	
3257	kurugugoe aroe	kuɾugugoe aɾoe	LEX	designação de uma representação e de seus atores							13/04/2026	
3258	kurugugoe edugo	kuɾugugoe edugo	LEX	tipo de pintura corporal							13/04/2026	
3259	kurugugoe eerubo	kuɾugugoe eeɾubo	LEX	cipó do cerrado com cujas folhas os Bororo preparam infusões como lenitivos da tosse							13/04/2026	
3260	kurugugoe eimejera	kuɾugugoe eimedʒeɾa	LEX	chefe dos atores da representação Kurugugoe Aroe							13/04/2026	
3261	kurugugoe ewuregirewu	kuɾugugoe ewuɾegiɾew	S	outro nome de kurugugoe eerubo							13/04/2026	
3262	kurugugoe kugure	kuɾugugoe kuguɾe	LEX	variedade de gavião							13/04/2026	
3263	kurugugwa (ou kuruguga)	kuɾugugwa	LEX	gavião caracaraí; nome de um antepassado chefe do suclã dos ApCob; tipo de coroa dos Bororo							13/04/2026	
3264	kurugugwa akurararewu	kuɾugugwa akuɾaɾaɾew	S	variedade de grande gavião (gavião escuro como peixe pacu							13/04/2026	
3265	kurugugwa ao porirewu	kuɾugugwa ao poɾiɾew	S	variedade de grande gavião (gavião redonda como um pote							13/04/2026	
3266	kurugugwa aredu	kuɾugugwa aɾedu	LEX	ator de uma representação							13/04/2026	
3267	kurugugwa aro	kuɾugugwa aɾo	LEX	peninhas interiores do antebraço do gaviãcaracaraí; tipo de enfeite de nariz							13/04/2026	
3268	kurugugwa atugo	kuɾugugwa atugo	LEX	tipo de enfeite facial							13/04/2026	
3269	kurugugwa bari	kuɾugugwa baɾi	LEX	tipo de cabacinhapito							13/04/2026	
3270	kurugugwa corewu	kuɾugugwa tʃoɾew	S	tipo de coroa bororo							13/04/2026	
3271	kurugugwa ekurewu	kuɾugugwa ekuɾew	S	tipo de coroa bororo							13/04/2026	
3272	kurugugwa ika	kuɾugugwa ika	LEX	tipo de arco bororo							13/04/2026	
3273	kurugugwa ikawa	kuɾugugwa ikawa	LEX	penas da asa primárias do gaviãcaracaraí; tipo de prego ornamental							13/04/2026	
3274	kurugugwa joropa	kuɾugugwa dʒoɾopa	LEX	variedade de grande gavião que aparece depois das queimadas, gavião de fumaça, chamado também keagu							13/04/2026	
3275	kurugugwa kanao kujagurewu	kuɾugugwa kanao kudʒaguɾew	S	variedade de grande gavião, com plumas avermelhadas na parte superior das asa							13/04/2026	
3276	kurugugwa kujagurewu	kuɾugugwa kudʒaguɾew	S	tipo de diadema bororo							13/04/2026	
3277	kurugugwa oburugu	kuɾugugwa obuɾugu	S	penas centrais da asa do gaviãcaracaraí; tipo de enfeite do nariz							13/04/2026	
3278	kurugugwa oiaga	kuɾugugwa oiaga	S	retrizes do gaviãcaracaraí; tipo de prego ornamental							13/04/2026	
3279	kurugugwa oiaga manorewu	kuɾugugwa oiaga manoɾew	S	tipo de enfeite do nariz, feito de penas de cauda de gavião caracaraí							13/04/2026	
3280	kurugugwa Tororewu	kuɾugugwa Toɾoɾew	S	ator de uma certa representação							13/04/2026	
3281	kurugugwa uiorubo	kuɾugugwa uioɾubo	S	variedade de cipó usado como remédio mágico para ter sorte nas caçada							13/04/2026	
3282	kurugugwa upebo	kuɾugugwa upebo	LEX	cordel ao qual são amarradas pela base muitas plumas abdominais de gavião caracarai, para servir de complemento ao enfeite Kuruguga Pertence aos Bok							13/04/2026	
3283	kurugugwa uwariga	kuɾugugwa uwaɾiga	S	gavião de penacho							13/04/2026	
3284	kurugugwari	kuɾugugwaɾi	LEX	morra de Mesa, na atual cidade de Poxoréo; Morra de Mesa no munic de Torixoréu a cerca de 50 Km ao sul de Meruri							13/04/2026	
3285	kurugutugu	kuɾugutugu	S	borboleta							13/04/2026	true
3286	kurugutugu orewu	kuɾugutugu oɾew	S	variedade de borboleta que, segundo a crença, tem dentes e morde à noite							13/04/2026	
3287	kurugutugu rugudu	kuɾugutugu ɾugudːɯ	S	variedade de borboleta cinzenta							13/04/2026	
3288	kurugutugu ukigarewu	kuɾugutugu ukigaɾew	S	variedade de borboleta com asas pontiaguda							13/04/2026	
3289	kuruie eimejera	kuɾuie eimedʒeɾa	LEX	feras atualmente desconhecidas aos Bororo, cujo nome é imposto aos indivíduos do suclã dos Baadojebage Cebegiwuge durante a cerimônia da imposição do ba							13/04/2026	
3290	kurupo	kuɾupo	LEX	fraqueza							13/04/2026	
3291	kuruporewu	kuɾupoˈɾew	LEX	fraco							13/04/2026	
3292	kurureboe	kuɾuɾeboe	LEX	caldo (alimento líquido							13/04/2026	
3293	kururewu	kuɾuˈɾew	S	nadador							13/04/2026	
3294	kurutui	kuɾutui	LEX	variedade de curiango grande							13/04/2026	
3295	kutori (kutóri)	kutoɾi	LEX	indivíduo baixote e gordo							13/04/2026	
3296	kutorido	kutoɾidːʌ	LEX	arredondar, diminuir arredondando							13/04/2026	
3297	kutorirewu	kutoɾiˈɾew	LEX	indivíduo baixote e gordo							13/04/2026	
3298	kuwororo (kuwôrôrô)	kuwoɾoɾo	LEX	antigo chefe do suclã dos Boro Ec (jerigi otojiwu							13/04/2026	
3299	kwa (vrt. de ka)	kwa	LEX	lasca, qualidade do que é esguio, resistência							13/04/2026	
3300	kwoda (cf. kuoda)	kwoda	LEX	dono, possuidor							13/04/2026	
3301	ma (vrt. de ba)	ma	LEX	folíolo de palmeira, aldeia							13/04/2026	
3302	mace	matʃːe	LEX	pernilongo		Família: Culicidae	https://pt.wikipedia.org/wiki/Culicídeos	https://upload.wikimedia.org/wikipedia/commons/thumb/d/dc/Mosquito_2007-2.jpg/960px-Mosquito_2007-2.jpg			13/04/2026	
3303	mace kigadurewu	matʃe kigaduɾew	S	pernilongo das vargens, de cor acinzentada							13/04/2026	
3304	mae	mae	LEX	extensão, duração ilimitada, imensidade, continuidade, indefectibilidade, comprimento, deserto	boe mae = faz tempo (tempo extendido)						13/04/2026	
3305	maedo	maedːʌ	LEX	alargar, estender, encompridar, prolongar, tardar, entristecer							13/04/2026	
3306	maedodu	maeˈdːodːɯ	PPASS	alargado, encompridado, entristecido							13/04/2026	
3307	maedodurewu	maeˈdːodːɯˈɾew	S	o alargado, o estendido, o entristecido							13/04/2026	
3308	maegodu (maekodu)	maegodu	LEX	continuidade							13/04/2026	true
3309	maekodu	maekodːɯ	LEX	continuidade, tristeza, arrependimento							13/04/2026	
3310	maekodudo	maekodːudːʌ	VC	fazer com continuidade, entristecer, arrepender-se							13/04/2026	
3311	maekodugo	maekodugo	LEX	entristecer, arrepender-se							13/04/2026	
3312	maekodugodu	maekoduˈgodːɯ	LEX	tristeza, arrependimento							13/04/2026	
3313	maekodurewu	maekoduˈɾew	S	o que tem continuidade, o triste, o arrependido							13/04/2026	
3314	maereboe	maeɾeboe	LEX	certa categoria de espíritos chefiados por Maereboedoge Etuo; inseto   LEX							13/04/2026	
3315	maereboedoge etuje	maeɾeboedoge etudʒːe	LEX	mãe dos espírito							13/04/2026	
3316	maereboedoge etuo	maeɾeboedoge etuo	LEX	pai dos espírito							13/04/2026	
3317	maerewu	maeˈɾew	LEX	o triste, o imenso							13/04/2026	
3318	maga (maka)	maga	LEX	abundância, como, muito, abundantemente							13/04/2026	
3319	magai	magai	ADV	como, igual a							13/04/2026	
3320	magakare	magakaɾe									13/04/2026	
3321	magigao	magigao	LEX	touro							13/04/2026	
3322	mago (mako)	mago	LEX	palavra, som, voz, fala; falar, chamar imagore amagore makore cemagore pamagore tamagore emagore tumagore (eu falei, etc); imago akago mako (minha palavra, etc							13/04/2026	
3323	magure (=bakuro)	maguɾe	LEX	barbatana							13/04/2026	
3324	magure (bakuro)	maguɾe	LEX	barbatana							13/04/2026	
3325	maguru	maguɾu	LEX	viagem coletiva, caçada coletiva					"O maguru , um elemento importante na vida social e econômica dos Bororo, consistia em uma excursão,
geralmente durante a estação da seca, a procura de alimento através de atividades de pesca, caça e coleta de frutos.
Um grupo de famílias ou a comunidade toda transladava-se para algum lugar já conhecido, sempre na beira
de algum córrego e ali faziam seu acampamento. Dormiam quase sempre ao relento. Participavam homens
mulheres e crianças e a vida continuava com a mesma organização que na aldeia: durante o dia os homens
e jovens iam na pescaria ou caçar bichos e pássaros de plumas ornamentais. As atividades culturais tais como cantos de caça e pesca eram intensas, de maneira que para as crianças e jovens eram momentos fortes de aprendizagem, tanto no conhecimento da natureza e técnicas de caça e pesca, como na aprendizagem de cantos, rituais e histórias."		13/04/2026	
3326	magurudo	maguɾudːʌ	VC	fazer maguru							13/04/2026	
3327	magururewu	maguɾuˈɾew	S	aquele que viaja muito							13/04/2026	
3328	mai	mai	ADV	recentemente, faz pouco tempo, ainda; novo							13/04/2026	
3329	mai (de mae)	mai	LEX	tristeza, extensão							13/04/2026	
3330	maiboe	maiboe	LEX	o novo, o recente							13/04/2026	
3331	maidudo	maidːudːʌ	LEX	renovar							13/04/2026	
3332	maigodu	maiˈgodːɯ	ADV	agora, faz pouco tempo, recentemente							13/04/2026	
3333	maiwu	maiwu	LEX	novo, recente							13/04/2026	
3334	maiwudo	maiwudːʌ	LEX	tornar novo							13/04/2026	
3335	makado	makadːʌ	LEX	aumentar, fazer muito							13/04/2026	
3336	makadodu	makaˈdːodːɯ	PPASS	aumentado, feito muito							13/04/2026	
3337	makago (pl. makagoe)	makago	LEX	designação de certo espírito							13/04/2026	
3338	makagoe (pl. de makago)	makagoe	LEX	certos espírito							13/04/2026	
3339	makagoe aroe	makagoe aɾoe	LEX	designação de uma representação e de seus atore							13/04/2026	
3340	makao	makao	LEX	macauã ou acauã Para os bororo, essa ave indica mau augúrio		Herpetotheres cachinnans	https://pt.wikipedia.org/wiki/Acauã	https://upload.wikimedia.org/wikipedia/commons/thumb/6/61/Lachfalke.jpg/960px-Lachfalke.jpg			13/04/2026	
3341	makigodu	makiˈgodːɯ	LEX	palidez, insipidez							13/04/2026	
3342	makigodudo	makigodːudːʌ	LEX	tornar pálido, tornar insípido							13/04/2026	
3343	makigodurewu	makigoduˈɾew	LEX	o pálido, o insípido							13/04/2026	
3344	mako	mako	LEX	fazer nascer, assistir um parto							13/04/2026	
3345	mako arodu	mako aɾodu	LEX	eco							13/04/2026	
3346	makodo	makodːʌ	VC	fazer falar, fazer pedir, fazer suplicar							13/04/2026	
3347	makodu	makodːɯ	LEX	silencioso, deserto, triste							13/04/2026	
3348	makogodu	makoˈgodːɯ	LEX	fala incipiente, petição incipiente, súplica incipiente, começar a falar, suplicar							13/04/2026	
3349	makogodurewu	makogoduˈɾew	S	aquele que suplica, que pede, que começa a falar							13/04/2026	
3350	makuda	makudːa	LEX	oferta, dádiva							13/04/2026	
3351	makudurewu	makuduˈɾew	S	o oferecido, o dado							13/04/2026	
3352	mamarewuge	mamaɾewge	LEX	feras atualmente desconhecidas aos Bororo							13/04/2026	
3353	mamori	mamoɾi	LEX	var de grande gafanhoto							13/04/2026	
3354	mamuiawu (pl. mamuiawuge)	mamuiawu	LEX	(rit) bonito, belo; gente bororo							13/04/2026	
3355	mana	manːa	LEX	solene banquete realizado na praça da aldeia, uma ou duas vezes por ano; praça, pátio: baimanagejewu (casa que fica no pátio							13/04/2026	
3356	mana i	mana i	LEX	variedade de lixeira							13/04/2026	
3357	mana1	manːa	LEX	fruta de lixeira							13/04/2026	
3358	mana2	manːa	LEX	maior, irmão mais velho							13/04/2026	
3359	manaeru	manaeɾu	LEX	folha de lixeira							13/04/2026	
3360	managadodu	managaˈdːodːɯ	LEX	redemoinho causado pelo vento							13/04/2026	
3361	managuru i	managuɾu i	LEX	aricá, cegmachado							13/04/2026	
3362	manao	manao	LEX	vento suave, brisa							13/04/2026	
3363	manarewu	manaˈɾew	S	o menor (o que tem irmão mais velho)							13/04/2026	
3364	mano imedu	mano imedu	LEX	grande cilindro de talos de caeté, pouco maior que mano aredu							13/04/2026	
3365	mano kurirewu	mano kuɾiɾew	S	grande roda feita de talos de caeté, para uma corrida ritual							13/04/2026	
3366	mano kuru	mano kuɾu	LEX	bebida de polpa de cocos de buriti							13/04/2026	
3367	mano o	mano o	LEX	coco de buriti							13/04/2026	
3368	mano1	manːo	LEX	coco de buriti							13/04/2026	
3369	mano2	manːo	LEX	variedade de gavião							13/04/2026	
3370	manopa	manopa	LEX	ararinha							13/04/2026	
3371	manorewu	manoˈɾew	LEX	o forte							13/04/2026	
3372	mao	mao	LEX	cupim dos animai							13/04/2026	
3373	mara	maɾa	ADV	pressa, rapidez: amara taba! (depressa, faça logo							13/04/2026	
3374	maragado (vrt. baragado)	maɾagado	LEX	variedade de mariposa							13/04/2026	
3375	maragatao (vrt. baragatao)	maɾagatao	LEX	variedade de ave dos pantanai							13/04/2026	
3376	maragoda	maɾagodːa	LEX	lugar onde se trabalha, lugar onde alguém se apressou							13/04/2026	
3377	maragodudo	maɾagodːudːʌ	VC	fazer trabalhar							13/04/2026	
3378	maragodurewu	maɾagoduˈɾew	S	o que trabalha, o trabalhador, o apressado							13/04/2026	
3379	marege	maɾege	LEX	animais silvestres, feras, índios de tribo não bororo, termo ofensivo, quando dado a uma pessoa bororo							13/04/2026	
3380	marege etaorewu	maɾege etaoɾew	S	ariticum do cerrado, de casca fina							13/04/2026	
3381	marenaru	maɾenaɾu	LEX	órfão, pobre, enlutado	marenaru nure imi = eu sou pobre						13/04/2026	
3382	marenarudo	maɾenaɾudːʌ	LEX	tornar pobre, enlutar							13/04/2026	
3383	marenaruie	maɾenaɾuie	LEX	(rit) os enlutados, os pobreDesignação de um canto fúnebre							13/04/2026	
3384	marenarurewu	maɾenaɾuˈɾew	S	o pobre, o enlutado, o órfão, o desamparado, o enlutado							13/04/2026	
3385	mari (vrt. de bari)	maɾi	LEX	grandeza							13/04/2026	
3386	marido	maɾidːʌ	LEX	buriti (palmeira), roda, cilindro							13/04/2026	
3387	marido (Marido aroe)	maɾido	LEX	grande cilindro feito com talos de folha de buriti							13/04/2026	
3388	marido aredu	maɾido aɾedu	LEX	coroa Austral (constelação)							13/04/2026	
3389	marido aredu	maɾido aɾedu	LEX	grande roda de talos de buriti							13/04/2026	
3390	marido imedu	maɾido imedu	LEX	coroa Boreal (constelação)							13/04/2026	
3391	marido imedu	maɾido imedu	LEX	grande roda de talos de buriti, pouco maior que o marido aredu							13/04/2026	
3392	marido kurirewu	maɾido kuɾiɾew	S	grande roda de talos de buriti usada numa representação							13/04/2026	
3393	marido kuru	maɾido kuɾu	LEX	bebida não fermentada tirada do estipe do buriti, vinho							13/04/2026	
3394	maridoguru	maɾidoguɾu	LEX	buritizal							13/04/2026	
3395	maridogwa	maɾidogwa	LEX	pecíolo da folha de buriti							13/04/2026	
3396	maridogwa arege	maɾidogwa aɾege	LEX	azulões (aves)							13/04/2026	
3397	maridogwarege corewu	maɾidogwaɾege tʃoɾew	S	chupim		Molothrus bonariensis	https://pt.wikipedia.org/wiki/Chupim	https://upload.wikimedia.org/wikipedia/commons/thumb/0/03/Shiny_cowbird_%28Molothrus_bonariensis%29_male.JPG/500px-Shiny_cowbird_%28Molothrus_bonariensis%29_male.JPG			13/04/2026	
3398	maridogwarege ekurewu	maɾidogwaɾege ekuɾew	S	chupim de brejo							13/04/2026	
3399	maridogwarege kujagurewu	maɾidogwaɾege kudʒaguɾew	S	capitão (ave)							13/04/2026	
3400	maridogwarewu	maɾidogwaˈɾew	S	telha							13/04/2026	
3401	maridorewu (imaridorewu)	maɾidoɾew	LEX	carro de boi, trator							13/04/2026	
3402	marigoregedu	maɾigoɾegedːɯ	LEX								13/04/2026	
3403	marigu	maɾigu	ADV	depressa (vamos!)							13/04/2026	
3404	marigudu	maɾigudːɯ	ADV	antigamente							13/04/2026	
3405	marigudurewu	maɾigudːɯˈɾew	ADV	o antigo, o antepassado							13/04/2026	
3406	mariguru	maɾiguɾu	LEX	buritizal; altura, grandeza							13/04/2026	
3407	marigururewu	maɾiguɾuˈɾew	LEX	o que é alto							13/04/2026	
3408	maro kuru	maɾo kuɾu	LEX	bebida destinada ao aroe maiwu, preparada com o tubérculo maro							13/04/2026	
3409	marogwa	maɾogwa	LEX	estojo, mala							13/04/2026	
3410	marugo (carugo)	maɾugo	LEX	madrinha, sogra, avó							13/04/2026	
3411	marugodu	maɾuˈgodːɯ	LEX	larva, lentidão, vagarosidade							13/04/2026	
3412	marugodu jaiworewu	maɾugodu dʒaiwoɾew	S	crisálida (larva em casulo							13/04/2026	
3413	marugori	maɾugoɾi	LEX	morro da larva; morro nas nascentes do Oroaribo Kurirewu, rio Araguaia							13/04/2026	
3414	maruie	maɾuie	LEX	certa categoria de espíritos chefiados por Maereboedoge Etuo; inseto							13/04/2026	
3415	matadu	matadːɯ	LEX	tolice, loucura, estupidez, ser tolo, estar louco							13/04/2026	
3416	matadudo	matadːudːʌ	LEX	tornar tolo, tornar louco							13/04/2026	
3417	matadurewu	mataduˈɾew	LEX	tolo, estúpido, louco							13/04/2026	
3418	me	mːe	LEX	lado, beira							13/04/2026	
3419	mea ika	mea ika	LEX	planta do tabaco							13/04/2026	
3420	mea paru	mea paɾu	LEX	toco de cigarro; causa de uma doença tratada pelo bari							13/04/2026	
3421	mea1	mea	LEX	cutia							13/04/2026	
3422	mea2	mea	LEX	oferta, oferenda, presente							13/04/2026	
3423	mea3	mea	LEX	tabaco, fumo, charuto, cigarro							13/04/2026	
3424	meaibo (meaiborewu)	meaibo	LEX	macaco barriga							13/04/2026	
3425	mearewu	meaˈɾew	LEX	o generoso							13/04/2026	
3426	mearogwa	meaɾogwa	LEX	charuto, cigarro							13/04/2026	
3427	mearu (mea aru)	meaɾu	LEX	folha de tabaco							13/04/2026	
3428	mearudae (meardae)	meaɾudae	LEX	pensamento, pensar							13/04/2026	
3429	mearudaerewu	meaɾudaeˈɾew	S	o que pensa							13/04/2026	
3430	mearudu kuri (meardu kuri)	meaɾudu kuɾi	LEX	amor, amar							13/04/2026	
3431	mearudu kuriae (meardu kuriae)	meaɾudu kuɾiae	LEX	amor							13/04/2026	
3432	mearudu kurirewu	meaɾudu kuɾiɾew	S	o que ama, amante, muito bondoso, o que sabe, o perito							13/04/2026	
3433	mearududo (meardudo)	meaɾudːodːɯ	LEX	fazer ouvir, fazer pensar, fazer amar							13/04/2026	
3434	mearuduwa	meaɾuduwa	LEX	animação							13/04/2026	
3435	mearuduwarewu	meaɾuduwaˈɾew	S	aquele que pensa							13/04/2026	
3436	mearutorudo	meaɾutoɾudo	LEX	fazer crer, fazer esperar, fazer confiar							13/04/2026	
3437	mearutorurewu (meartorurewu)	meaɾutoɾuɾew	S	aquele que crê, aquele que tem confiança							13/04/2026	
3438	mecege										13/04/2026	
3439	mederegedu	medeɾegedːɯ	LEX	irmão menor							13/04/2026	
3440	medubo	medubo	LEX	erro, falha							13/04/2026	
3441	medubodo	medubodːʌ	VC	fazer errar							13/04/2026	
3442	meduborewu	meduboˈɾew	S	aquele que erra							13/04/2026	
3443	mega	mega	LEX	fatia, parte, metade; rasgadura, rasgão, rachadura							13/04/2026	
3444	megedu	megedːɯ	LEX	murchidão; murchar							13/04/2026	
3445	megedudo	megedːudːʌ	VC	fazer murchar, enfraquecer							13/04/2026	
3446	megedurewu	megeduˈɾew	S	o murcho, o enfraquecido							13/04/2026	
3447	meiao (pl. meiaoe)	meiao	LEX	abelha silvestre							13/04/2026	
3448	meiaoe (ou meiawe)	meiaoe	LEX	variedade de abelhinhas silvestres, cera de abelha							13/04/2026	
3449	meiaoe eweguru	meiaoe eweguɾu	LEX	mel de abelha silvestre							13/04/2026	
3450	meiaoe ewori	meiaoe ewoɾi	LEX	cera de abelha							13/04/2026	
3451	meíbo	meíbo	LEX	preferência, tendência, tortuosidade; preferir, inclinar-se a							13/04/2026	
3452	meibodo	meibodːʌ	VC	fazer preferir							13/04/2026	
3453	meiborewu	meiboˈɾew	S	aquele que prefere							13/04/2026	
3454	meiorewu	meioˈɾew	S	indivíduo aleijado por nascença, coxo; bananas inconha							13/04/2026	
3455	meji	medʒːi	POSP	de lado, ao lado							13/04/2026	
3456	meki (megi)1	meki1	LEX	tortuosidade, pendência, inclinação; estar torto							13/04/2026	
3457	meki (megi)2	meki2	POSP	de lado de, ao lado de							13/04/2026	
3458	mekido	mekidːʌ	VC	entortar, inclinar, pender, dobrar							13/04/2026	
3459	mekidodu	mekiˈdːodːɯ	PPASS	inclinado, torto, penso, dobrado							13/04/2026	
3460	mekigo	meˈkigo	LEX	entortar, inclinar, pender, dobrar							13/04/2026	
3461	mekigodu	mekiˈgodːɯ	S	tortuosidade incipiente, inclinação incipiente							13/04/2026	
3462	mekigodurewu	mekigoduˈɾew	S	o que começa a inclinar-se, a dobrar-se, a ficar torto							13/04/2026	
3463	mekigorewu	mekigoˈɾew	S	o torto, o inclinado							13/04/2026	
3464	mekimekido	mekimekidːʌ	LEX	torcer, entortar							13/04/2026	
3465	mekirewu	mekiˈɾew	LEX	o torto, o inclinado							13/04/2026	
3466	meku	ˈmeku	LEX	gêmeo -- dise de pessoas, animais e também de frutas							13/04/2026	
3467	mekuge	meˈkuge	LEX	zângão							13/04/2026	
3468	mekugo cerewu	mekugo tʃeɾew	S	mamangaba escura							13/04/2026	
3469	mekurewu	mekuˈɾew	LEX	gêmeo							13/04/2026	
3470	meraga	meˈɾaga	LEX	subtileza, fineza, adelgaçamento; recipiente de penas feito de talo de buriti							13/04/2026	
3471	meragado	meɾagadːʌ	LEX	adelgaçar, afinar, estreitar							13/04/2026	
3472	meragadodu	meɾagaˈdːodːɯ	PPASS	adelgaçado, afinado, estreitado							13/04/2026	
3473	meragadodurewu	meɾagaˈdːodːɯˈɾew	S	o que foi adelgaçado, estreitado							13/04/2026	
3474	meragagodu	meɾagaˈgodːɯ	LEX	subtileza incipiente							13/04/2026	
3475	meragarewu	meɾagaˈɾew	LEX	o subtil, o fino, o adelgaçado, o estreitado							13/04/2026	
3476	meraibo	meɾaibo	LEX	sagüi (variedade de pequeno macaco)							13/04/2026	
3477	mereaku	meɾeaku	LEX	tiê fogo, denominado também meri							13/04/2026	
3478	mereke	meɾeke	LEX	raquitismo, raquítico							13/04/2026	
3479	merekerewu	meɾekeˈɾew	LEX	raquítico							13/04/2026	
3480	meri baru oiadoda	meɾi baɾu oiadoda	LEX	meio dia							13/04/2026	
3481	meri bi	meɾi bi	LEX	eclipse solar							13/04/2026	
3482	meri bope	meɾi bope	LEX	expressão usada para insultar alguém, ás vezes jocosamente							13/04/2026	
3483	meri buta	meɾi buta	LEX	poente, oeste							13/04/2026	
3484	meri butu	meɾi butu	LEX	pôr do sol, ocaso, poente, oeste, ocidente	Meri butu moture awu meri rekodu tabo du kodire boe egarere 0 o por do sol está bonito hoje por isso o povo está feliz.						13/04/2026	
3485	meri jogodu	meɾi dʒogodu	LEX	tarde (inclinação do sol)							13/04/2026	
3486	meri rekodu1	meɾi ɾekodu1	LEX	tarde, proximidade do pôr do sol	Meri rekodu tabore boe etore kiorogodure =  Ao atardecer as crianças fazem silêncio				pois os espiriitos podem ouvir os gritos ou choro e não é bom.		13/04/2026	
3487	meri rekodu2	meɾi ɾekodu2	S	tarde, retorno do sol							13/04/2026	
3488	meribo bororo	meɾibo boɾoɾo	LEX	antiga aldeia na foz do Jakorewuge Eiao, rio Garça							13/04/2026	
3489	meribo po	meɾibo po	LEX	r Garça, mais comumente denominada jakorewuge eiao							13/04/2026	
3490	meridabo	meɾidabo	LEX	furão (variedade de pequeno mamífero)							13/04/2026	
3491	merido	meɾidːʌ	LEX	afiar	Awu jepara merido meri bokaremawunure 0 afiar está foice está totalmente cega						13/04/2026	
3492	meridoda	meɾidodːa	LEX	lugar onde se afia algo							13/04/2026	
3493	meriiagodu (merioiagodu)	meɾiiagodu	LEX	grande, muito grande							13/04/2026	
3494	meriji	meɾidʒːi	ADV	dia, de dia							13/04/2026	
3495	merijiboe	meɾidʒiboe	LEX	diurno							13/04/2026	
3496	merijiwu	meɾidʒiwu	LEX	diurno							13/04/2026	
3497	merireboe	meɾiɾeboe	LEX	capinavalha							13/04/2026	
3498	merirewu	meɾiˈɾew	LEX	aquilo que tem gume, o afiado							13/04/2026	
3499	meriri aiwodo	meˈɾiɾi aiwodo	VC	fotografar, filmar	Paobe ere meriri aiwodo tumaragadae ji toro bai toda =  Os parentes fatografaram o trabalho deles naquela casa						13/04/2026	
3500	meriri aiworewu	meˈɾiɾi aiwoɾew	S	máquina fotográfica, filmadora							13/04/2026	
3501	meriri atugo biagarewu	meˈɾiɾi	LEX	notebook, laptop				https://uploadwikimediaorg/wikipedia/commons/thumb/6/68/Laptop_collagejpg/250px-Laptop_collagejpg			13/04/2026	
3502	meriri baiporo epa	meˈɾiɾi baipoɾo epa	LEX	chave							13/04/2026	
3503	meriri batarurewu	meˈɾiɾi bataɾuɾew	S	rádio, gravador, amplificador							13/04/2026	
3504	meriri cira	meˈɾiɾi tʃiɾa	LEX	agulha de metal							13/04/2026	
3505	meriri corewu	meˈɾiɾi tʃoɾew	S	ferro							13/04/2026	
3506	meriri ekurewu	meˈɾiɾi ekuɾew	S	ouro; tipo de colar, tipo de labrete, tipo de brinco, feitos de metal amarelo							13/04/2026	
3507	meriri iku	meˈɾiɾi iku	LEX	fio metálico, arame							13/04/2026	
3508	meriri iku batarurewu	meɾiɾi iku bataɾuɾew	S	telégrafo, telefone fixo (fio metálico que fala)					Veja meiriri makorewu.		13/04/2026	
3509	meriri iku otorewu	meɾiɾi iku otoɾew	S	(fio metálico com pontas): arame farpado							13/04/2026	
3510	meriri iworewu	meɾiɾi iwoɾew	LEX	cano de metal, trombeta							13/04/2026	
3511	meriri kodurewu1	meɾiɾi koduɾew	LEX	avião (metal que voa)							13/04/2026	
3512	meriri kodurewu2	meɾiɾi koduɾew	S	sino (metal que grita)							13/04/2026	
3513	meriri kujagurewu	meɾiɾi kudʒaguɾew	S	cobre							13/04/2026	
3514	meriri kuru	meɾiɾi kuɾu	LEX	vidro, garrafa (metal líquido)							13/04/2026	
3515	meriri mako rakarewu	meɾiɾi mako ɾakaɾew	LEX	altofalante							13/04/2026	
3516	meriri makorewu	meˈɾiɾi makoˈɾew	S	telefone celular		telefone celular	https://de.wikipedia.org/wiki/Mobiltelefon	https://upload.wikimedia.org/wikipedia/commons/thumb/6/62/VoLTE_iPhone.jpg/500px-VoLTE_iPhone.jpg			13/04/2026	
3517	meriri rerewu	meɾiɾi ɾeɾew	S	carro, caminhão (metal que corre)							13/04/2026	
3518	meriri tugu	meɾiɾi tugu	S	injeção (inserção de metal)							13/04/2026	
3519	meriri ururewu	meɾiɾi uɾuɾew	S	metal quente							13/04/2026	
3520	meririku	meɾiɾiku	LEX	arame, fio de metal							13/04/2026	
3521	meru ó	meɾu ó	LEX	ferrão de arraia, usado como arma de briga							13/04/2026	
3522	merudo	meɾudːʌ	VC	fazer caminhar, fazer caçar, fazer viajar							13/04/2026	
3523	merugodu	meɾuˈgodːɯ	LEX	caminho incipiente, preparação para uma viagem, para uma caçada							13/04/2026	
3524	merurewu	meɾuˈɾew	S	viajante, caçador							13/04/2026	
3525	meta	meta	LEX	lugar onde se guarda algo							13/04/2026	
3526	metago (f. de metuia)	metago	S	companheira, amiga, colega							13/04/2026	
3527	meteregedu	meteɾegedːɯ	LEX	irmão menor							13/04/2026	
3528	metoro	metoɾo	LEX	variedade de capim gigante							13/04/2026	
3529	metu tadawu	metu tadawu	LEX	comida preparada com mistura de vários ingrediente							13/04/2026	
3530	metu VT. meter, colocar dentro;	metu VT. meteɾ, tʃolotʃaɾ dentɾo;	LEX	estar, estar dentro de algo							13/04/2026	
3531	metudu1	metudːɯ	LEX	marmelada de cabeceira							13/04/2026	
3532	metudu2	metudːɯ	LEX	tinta preta de jenipapo não maduro; luto							13/04/2026	
3533	metudurewu	metuduˈɾew	S	marmelada de cachorro							13/04/2026	
3534	metudurewu ika	metuduɾew ika	LEX	pé de marmelada de cachorro							13/04/2026	
3535	metugo	metugo	LEX	cansaço, cansar							13/04/2026	
3536	metugodu	metuˈgodːɯ	LEX	cansaço, velhice; estar cansado							13/04/2026	
3537	metugodu	metugodu	LEX	cansar, estar cansado							13/04/2026	
3538	metugodudo	metugodːudːʌ	VC	fazer cansar							13/04/2026	
3539	metugodurewu	metugoduˈɾew	S	o cansado, o velho							13/04/2026	
3540	metugu	metugu	LEX	pomba							13/04/2026	true
3541	metugu gigiri	metugu gigiɾi	LEX	rolinha							13/04/2026	
3542	metugurewu	metuguˈɾew	S	pardal							13/04/2026	
3543	micege	mitʃege	LEX	formiga de fogo	Micegere tubodo iwure tabo ere iwure gurirido 0 as formigas enrolaram com o meu pé deixando levemente dolorida						13/04/2026	
3544	mici	mitʃːi	LEX	variedade de cará comestível							13/04/2026	
3545	micigi	mitʃigi	LEX	ponta, extremidade pontiaguda, lisura, superfície lisa							13/04/2026	
3546	micigira	mitʃigiɾa	LEX	nervura do folíolo de palmeira							13/04/2026	
3547	micigirewu	mitʃigiˈɾew	S	o pontiagudo, o liso							13/04/2026	
3548	micigu	mitʃigu	LEX	pequeno cesto, embornal, pequena bolsa							13/04/2026	true
3549	micira (kimicira)	mitʃiɾa	LEX	peneira							13/04/2026	
3550	midudo (vrt. mitudo)	midɯdːo	LEX	fechar, mandar fechar							13/04/2026	
3551	migimigi	migimigi	LEX	mosquito pernilongo							13/04/2026	
3552	mikodu	mikodːɯ	LEX	união, cópula							13/04/2026	
3553	mitodu	mitodːɯ	LEX	o mesmo, igual, só, somente							13/04/2026	
3554	mitogodu	mitoˈgodːɯ	ADV	uma vez só, apenas, um só							13/04/2026	
3555	mitomito	mitomito	ADV	um por vez							13/04/2026	
3556	mitu	mitu	LEX	fechamento, fechado, entupimento; estar fechado, estar tampado							13/04/2026	
3557	mitudo	mitudːʌ	VC	trancar, entupir							13/04/2026	
3558	mitudodu	mitudːodːɯ	PPASS	fechado, trancado, entupido							13/04/2026	
3559	miturewu	mituˈɾew	S	o fechado, o trancado, o entupido							13/04/2026	
3560	mo (vrt. de mu)	mo	LEX	estadia, repouso, colocação							13/04/2026	
3561	mo1	mːo	LEX	saliência esferoidal							13/04/2026	
3562	mo2	mo	LEX	costa							13/04/2026	
3563	mo3	mɔ	LEX	região peitoral, frente							13/04/2026	
3564	mobiri	mobiɾi	LEX	região peitoral							13/04/2026	
3565	moci	motʃːi	LEX	lepra, grave dermatose							13/04/2026	
3566	mojapo	modʒapo	LEX	região clavicular							13/04/2026	
3567	mokodu	mokodːɯ	LEX	azia							13/04/2026	
3568	mokodudo	mokodːudːʌ	LEX	provocar azia							13/04/2026	
3569	mokodurewu	mokoduˈɾew	S	aquele que sofre de azia							13/04/2026	
3570	mokuiao	mokuiao	LEX	carrapato							13/04/2026	
3571	mokurara	mokuɾaɾa	LEX	tesourinha (ave							13/04/2026	
3572	momo	momːo	LEX	região lombar							13/04/2026	
3573	mono	monːo	LEX	idiotice, tristeza							13/04/2026	
3574	monogeje	monogedʒːe	ADV	pouco longe, pouco afastado							13/04/2026	
3575	monogodu	monoˈgodːɯ	LEX	preguiça, indolência							13/04/2026	
3576	monogodurewu	monogoduˈɾew	LEX	o preguiçoso, o indolente							13/04/2026	
3577	monorewu	monoˈɾew	LEX	idiota, estúpido, bobo, triste							13/04/2026	
3578	mori	moɾi	LEX	vingança, recompensa, retribuição, pagamento, preço; valer, custar							13/04/2026	
3579	mori kugu	moɾi kugu	LEX	mingau de farinha de coroatá							13/04/2026	
3580	moribo	moɾibo	LEX	variedade de cachorro silvestre, cachorra de mato							13/04/2026	
3581	moridodu	moɾiˈdːodːɯ	PPASS	vingado, recompensado, retribuído, pago							13/04/2026	
3582	moridodurewu	moɾiˈdːodːɯˈɾew	LEX	aquilo que foi vingado, recompensado, retribuído, pago							13/04/2026	
3583	moridodurewu	moɾiˈdːodːɯˈɾew	S	aquilo que foi vingado, recompensado, retribuído, pago							13/04/2026	
3584	moridojeba	moɾidodʒeba	LEX	vingador, retribuidor, pagador							13/04/2026	
3585	moto gigorewu	moto gigoɾew	S	designação genérica de qualquer tubérculo comestível							13/04/2026	
3586	moto tadawu	moto tadawu	LEX	designação genérica de tubérculos comestíveis							13/04/2026	
3587	motoia	motoia	LEX	buraco, cova, baixada natural do terreno							13/04/2026	
3588	motoiado1	motoiadːʌ	VC	fazer buraco							13/04/2026	
3589	motoiako	motoiako	LEX	buraco na terra							13/04/2026	
3590	motore	motoɾe	LEX	bocaiúva							13/04/2026	
3591	moto ri1	motoɾi	LEX	adobe, tijolo, parede, muro							13/04/2026	true
3592	motori2	motoɾi	LEX	joão de barro (ave							13/04/2026	true
3593	motu	motu	LEX	beleza, formosura, boniteza; belo, formoso, bonito							13/04/2026	
3594	motudo	motudːʌ	LEX	embelezar, enfeitar, ornar, adornar	ure akawara motudo = ele embelezou o seu caminho						13/04/2026	
3595	motudodu	motudːodːɯ	PPASS	embelezado, enfeitado, adornado, ornado							13/04/2026	
3596	motudodurewu	motudːodːɯˈɾew	S	o enfeitado, o embelezado, o ornado, o adornado							13/04/2026	
3597	motududo	motudːudːʌ	LEX	tornar pesado							13/04/2026	
3598	motudurewu	motuduˈɾew	LEX	o que é pesado							13/04/2026	
3599	motugo	motugo	VC	embelezar							13/04/2026	
3600	motugodu	motuˈgodːɯ	LEX	beleza incipiente, começar a ficar belo							13/04/2026	
3601	motureboe	motuɾeboe	LEX	beleza							13/04/2026	
3602	moturewu	motuˈɾew	LEX	o bonito, o belo, o formoso							13/04/2026	
3603	mudu	mudːɯ	LEX	juruva (ave)							13/04/2026	
3604	muga	muga	LEX	mãe, morada, assento							13/04/2026	
3605	mugado	mugadːʌ	LEX	preparar um lugar para assento, preparar morada							13/04/2026	
3606	mugato	mugato	POSP	em lugar de							13/04/2026	
3607	mugatowu	mugatowu	LEX	a que está no lugar de							13/04/2026	
3608	mugugodudo	mugugodːudːʌ	LEX	diminuir, encurtar							13/04/2026	
3609	mugugodurewu	mugugodːuˈɾew	LEX	o pequeno, o encurtado, o baixo							13/04/2026	
3610	muguio	muguio	LEX	dono, experto					Pertence à linguagem ritual		13/04/2026	
3611	muguio bokodori	muguio bokodoɾi	LEX	lugar dos Enfeites de Unhas de Tatu-Canastra							13/04/2026	
3612	mugurewu	muguˈɾew	S	o que está assentado, o que está na casa							13/04/2026	
3613	muiawo (meiao) (pl. muiawoe ou meiaoe)	muiawo	LEX	abelha							13/04/2026	
3614	muiawo bori (meiao bori)	muiawo boɾi	LEX	cera impura de abelha							13/04/2026	
3615	muiawo borirewu (meiao borirewu)	muiawo boɾiɾew	LEX	enxu, vespa							13/04/2026	
3616	mukuiao	mukuiao	LEX	carrapato							13/04/2026	
3617	na (vrt. no)	na	LEX	ponta							13/04/2026	
3618	na1	nːa	LEX	preenchedor quando se recorda da palavra	makore na... = disse hm...						13/04/2026	
3619	na2	nːa	PRCL	partícula interrogativa							13/04/2026	
3620	nabure	nabuɾe	LEX	ararapiranga ou arara vermelha (Ara macao)	Iorudure ia nabure motu rakagurarewudo ji = vi uma arara muito bonita mesmo	Ara macao	https://pt.wikipedia.org/wiki/Araracanga				13/04/2026	
3621	nara	ˈnaɾa	LEX	pergunta; perguntar							13/04/2026	
3622	narago	naˈɾago	VC	fazer perguntar							13/04/2026	
3623	naragodu	naɾaˈgodːɯ	LEX	pergunta; perguntar							13/04/2026	
3624	naragodurewu	naɾagoduˈɾew	S	o que faz pergunta							13/04/2026	
3625	no1	nːo	ADV	aí							13/04/2026	
3626	no2	nːo	LEX	coco de babaçu							13/04/2026	
3627	no3	nːo	LEX	ponta							13/04/2026	
3628	noge (pl. de nogedu)	noge	LEX	menino							13/04/2026	
3629	nogedu	nogedːɯ	LEX	menino							13/04/2026	
3630	nogedurogu	nogeduˈɾogu	LEX	menininho, criança homem							13/04/2026	
3631	nogware	nogwaɾe	LEX	menina							13/04/2026	
3632	nogwaredurogu	nogwaɾeduˈɾogu	LEX	menininha, criança mulher							13/04/2026	
3633	noido	noidːʌ	LEX	palmeira babaçu							13/04/2026	
3634	noido kuru	noido kuɾu	LEX	vinho de babaçu							13/04/2026	
3635	noidoia	noidoia	LEX	palmito de babaçu	imode noidoia tawuje= eu vou tirar palmito						13/04/2026	
3636	noidoro	noidoɾo	LEX	broto de babaçu	noido oro pemegare boewo to boe akuto = o broto e bom trançar de manhã						13/04/2026	
3637	nono1	nonːo	ADV	aí, lá							13/04/2026	
3638	nono2	nonːo	LEX	cacho de cocos de babaçu							13/04/2026	
3639	nonogo	nonogo	LEX	urucu							13/04/2026	
3640	nonogo ikaguru	nonogo ikaguɾu	LEX	urucuzal							13/04/2026	
3641	nora (nara)	noɾa	LEX	pergunta, perguntar							13/04/2026	
3642	nori1	noɾi	LEX	sonolência, ardência dos olhos causada pelo sono							13/04/2026	
3643	nori2	noɾi	LEX	variedade de peixinho							13/04/2026	
3644	nu	nu	LEX	sono	boe etore enori korire eku ji = as criançs est com sono						13/04/2026	
3645	nududo	nuˈdːudːʌ	VC	fazer dormir							13/04/2026	
3646	nududodu	nududːodːɯ	PPASS	feito dormir							13/04/2026	
3647	nudugo	nuˈdugo	LEX	adormecer, conciliar o sono							13/04/2026	
3648	nudugodu	nuduˈgodːɯ	LEX	estar para dormir, sono incipiente, cochilo, cochilar							13/04/2026	
3649	nudurewu	nuduˈɾew	S	aquele que dorme							13/04/2026	
3650	nugo	nugo	LEX	conciliar o sono							13/04/2026	
3651	nugodu	nuˈgodːɯ	LEX	sono incipiente, estar para dormir							13/04/2026	
3652	nui	nui	LEX	jaó, denominado também kuo		Crypturellus undulatus	https://pt.wikipedia.org/wiki/Jaó				13/04/2026	
3653	nurewu	nuˈɾew	S	aquele que tem sono, aquele que dorme							13/04/2026	
3654	o kodu	o kodu	LEX	pericárpio do coco				https://upload.wikimedia.org/wikipedia/commons/thumb/b/b9/Crackedcoconut_PT.JPG/500px-Crackedcoconut_PT.JPG			13/04/2026	
3655	o pega	o pega	LEX	avô							13/04/2026	
3656	o ra	o ɾa	LEX	região sagrada							13/04/2026	
3657	o1	o1	LEX	ponta, coco, cauda de mamífero							13/04/2026	
3658	obe (wobe)	obe	LEX	parente, membro do mesmo clã; cônjuge							13/04/2026	
3659	obedodu (uwobedodu)	obedodu	PPASS	casado							13/04/2026	
3660	obedodurewu (uwobedodureu)	obedoduɾew	PPASS	o casado							13/04/2026	
3661	obedodurewudo (uwobedodureudo)	obedoduɾewdo	PPASS	a mulher casada							13/04/2026	
3662	obirigi	obiˈɾigi	LEX	arreganho dos dente							13/04/2026	
3663	obirigido	obiɾiˈgidːʌ	LEX	arreganhar os dente							13/04/2026	
3664	obirigirewu	obiɾigiˈɾew	S	aquele que arreganha os dente							13/04/2026	
3665	oburugu	obuɾugu	LEX	pena central do rabo de ave							13/04/2026	
3666	oca	ˈotʃːa	LEX	assobio	ime enoja rakare = os homens tem o ssobio alto						13/04/2026	
3667	ocado	oˈtʃadːʌ	VC	fazer assobiar							13/04/2026	
3668	ocadodu	otʃaˈdːodːɯ	PPASS	feito assobiar							13/04/2026	
3669	ocago	oˈtʃago	VC	fazer assobiar							13/04/2026	
3670	ocagodu	otʃaˈgodːɯ	LEX	assobio; assobiar							13/04/2026	
3671	ocarewu	otʃaˈɾew	S	aquele que assobia							13/04/2026	
3672	ocari	oˈtʃaɾi	LEX	tosse, tossir							13/04/2026	
3673	ocaro	oˈtʃaɾo	LEX	vanglória, soberba, vangloriar-se; gloriar-se, engrandecer-se							13/04/2026	
3674	ocarodo	otʃaˈɾodːʌ	LEX	gloriar, engrandecer, fazer vangloriar, fazer ensoberbecer							13/04/2026	
3675	ocarogodu	otʃaɾoˈgodːɯ	LEX	vanglória incipiente							13/04/2026	
3676	ocarogodudo	otʃaɾogoˈdːudːʌ	VC	fazer começar a ensoberbecer-se							13/04/2026	
3677	ocarogodurewu	otʃaɾogoduˈɾew	S	aquele que começa a ensoberbecer-se							13/04/2026	
3678	ocarorewu	otʃaɾoˈɾew	S	o soberbo, o que se vangloria							13/04/2026	
3679	oce	oˈtʃːe	LEX	variedade de coroatá do cerrado, gravatá							13/04/2026	
3680	oce kugu kugu	otʃe kugu kugu	LEX	mingau de farinha de folhas de coroatá do cerrado							13/04/2026	
3681	odaga	oˈdaga	LEX	pericárpio dos coco							13/04/2026	
3682	odagarewu	odagaˈɾew	LEX	coco em pericárpio							13/04/2026	
3683	odoge	odoge	LEX	variedade de formiga							13/04/2026	
3684	oecerewu	oetʃeˈɾew	S	matrinchão							13/04/2026	
3685	oegodu (toegodu)	oegodu	LEX	mastigação, mordida; mastigar, morder							13/04/2026	
3686	oeku	oˈeku	LEX	piolho, denominado também pipi							13/04/2026	
3687	oeku ba	oeku ba	LEX	ovo de piolho, lêndea							13/04/2026	
3688	ogwa	ˈogwa	LEX	pai	ioga medo pemegreu= o pai é um homem bom						13/04/2026	
3689	ogwa pega	ogwa pega	LEX	avô	ioga  pega merdure kuri boe torei= o vô gosta de crinça.						13/04/2026	
3690	ogwado (okwado bokwado)	ogwado	LEX	perder, esconder, anular							13/04/2026	
3691	oia	oia	LEX	centro							13/04/2026	
3692	oiadada	oiaˈdadːa	POSP	no centro							13/04/2026	
3693	oiado	oiadːʌ	POSP	no meio de, no centro de, pelo meio							13/04/2026	
3694	oiado (toiado)	oiado	LEX	retirar-se							13/04/2026	
3695	oiadoda	oiaˈdodːa	POSP	no centro							13/04/2026	
3696	oiagi	oiagi	POSP	no meio de, pelo meio							13/04/2026	
3697	oiagiwu	oiagiwu	LEX	o do meio							13/04/2026	
3698	oiagodu	oiagodu	LEX	multidão, aglomeração							13/04/2026	
3699	oiagudu	oiagudːɯ	LEX	compaixão, dor, misericórdia							13/04/2026	
3700	oiagudurewu	oiagudːɯˈɾew	LEX	o que tem compaixão, compassivo							13/04/2026	
3701	oiakodu	(oiaˈgodːu)	LEX	multidão, aglomeração							13/04/2026	
3702	oiara	oiaɾa	LEX	miolo, talo do centro da planta de caeté							13/04/2026	
3703	oiarado	oiaɾadːʌ	LEX	riscar, fazer incisões							13/04/2026	
3704	oiararewu	oiaɾaˈɾew	LEX	o riscado, o inciso							13/04/2026	
3705	oiaredo	oiaˈɾedːʌ	LEX	adular							13/04/2026	
3706	oiarodo	oiaˈɾodːʌ	LEX	cortar em fatia							13/04/2026	
3707	oiei	oiei	POSP	de lado de, encostado em							13/04/2026	
3708	oieigo	oieigo	LEX	canto festivo, ritual de cura							13/04/2026	
3709	oika	oika	LEX	ânsia, aflição, desejo vivo, desejar vivamente							13/04/2026	
3710	oikado	oikadːʌ	VC	fazer desejar vivamente, fazer ter ânsia							13/04/2026	
3711	oikarewu	oikaˈɾew	S	aquele que deseja vivamente, aquele que tem ânsia							13/04/2026	
3712	oino	ʌˈinːo	ADV	assim	oinore boere = é assim que bororo vive						13/04/2026	
3713	oinodu	ʌiˈnodːɯ	ADV	assim, muito bem, assim que							13/04/2026	
3714	oinodu koia	oinodu koia	ADV	por isso							13/04/2026	
3715	oinodu rawudu	oinodu ɾawudu	ADV	sempre assim							13/04/2026	
3716	oinono	ʌiˈnonːʌ	ADV	assim mesmo							13/04/2026	
3717	oinowu	oiˈnowu	LEX	companheiro							13/04/2026	
3718	oiogwari	oioˈgwaɾi	LEX	grito, gritaria, algazarra; gritar, fazer gritaria:							13/04/2026	
3719	oiogwarido	oiogwaˈɾidːʌ	VC	fazer gritar							13/04/2026	
3720	oiogwarirewu	oiogwaɾiˈɾew	S	aquele que grita							13/04/2026	
3721	ojakuri	odʒaˈkuɾi	LEX	siri (variedade de crustáceo), caranguejo							13/04/2026	
3722	okae (ogae)	oˈkae	LEX	esmola							13/04/2026	
3723	oke1	ˈoke	LEX	região inguinal							13/04/2026	
3724	oke2	ˈoke	LEX	variedade de araruta da floresta							13/04/2026	
3725	okea bo	oˈkea ˈbo	LEX	plumas peitorais das ave							13/04/2026	
3726	okea1	oˈkea	LEX	desejo, vontade; desejar, ter vontade de							13/04/2026	
3727	okea2	oˈkea	LEX	frente, palma							13/04/2026	
3728	okeabadudo	okeabaˈdːɯdːʌ	VC	fazer virar, virar para cima, virar de barriga para cima, de frente para cima							13/04/2026	
3729	okeadu	okeˈadːɯ	LEX	encontro, achado, encontrar, achar							13/04/2026	
3730	okeadurewu	okeadːɯˈɾew	S	o encontrado, o achado							13/04/2026	
3731	oki	ˈoki	LEX	ódio, raiva, rancor, disputa, admoestação, crítica; criticar, ter raiva, odiar, insultar							13/04/2026	
3732	okido	okidːʌ	VC	fazer odiar, fazer altercar							13/04/2026	
3733	okiegidae	okiegidae	LEX	nome, nomeação, fala, conversa							13/04/2026	
3734	okirewu	okiˈɾew	LEX	aquele que odeia, aquele que alterca							13/04/2026	
3735	okirewu	okiˈɾew	S	aquele que odeia, aquele que alterca							13/04/2026	
3736	okiri	okiɾi	LEX	discussão discutir							13/04/2026	
3737	okiru	okiɾu	LEX	crítica, criticar							13/04/2026	
3738	okirurewu	okiɾuˈɾew	S	aquele que critica							13/04/2026	
3739	okituwa	okituwa	LEX	conselho, aconselhar							13/04/2026	
3740	okituwado	okituwadːʌ	VC	fazer aconselhar							13/04/2026	
3741	okituwadodu	okituwaˈdːodːɯ	PPASS	aconselhado							13/04/2026	
3742	okituwarewu	okituwaˈɾew	S	conselheiro							13/04/2026	
3743	okiwa (vrt. akiwa kiwa)	okiwa	LEX	capivara; variedade de inseto das margens dos rio							13/04/2026	
3744	okiwarewu (kiwaˈɾewu)	okiwaɾew	LEX	rato							13/04/2026	
3745	okiwoe (pl. de okiwa)	okiwoe	LEX	capivara							13/04/2026	
3746	okiwoe etaria	okiwoe etaɾia	LEX	tipo de panela grande de barro							13/04/2026	
3747	oko1	oko	LEX	amora							13/04/2026	
3748	okó1	okó	LEX	arenito, usado para alizar arcos, flechas e outros artefato							13/04/2026	
3749	oko2	oko	LEX	mistura, desordem; estar misturado							13/04/2026	
3750	okó2	okó	LEX	variedade de cará comestível							13/04/2026	
3751	okodo	oˈkodːʌ	LEX	misturar, desordenar							13/04/2026	
3752	okodu	oˈkodːɯ	LEX	mistura							13/04/2026	
3753	okoge (koge)	okoge	LEX	designação genérica do dourado (peixe que se encontra exclusivamente na bacia platina							13/04/2026	
3754	okoge bakororo	okoge bakoɾoɾo	LEX	dourado listrado (peixe							13/04/2026	
3755	okoge joku	okoge dʒoku	LEX	aldebarã, estrela da constelação de Touro							13/04/2026	
3756	okorai (ekorai jokorai)	okoɾai	POSP	frente a							13/04/2026	
3757	okori	oˈkoɾi	LEX	ferida, dor	boe korire ji = ele sente dor.						13/04/2026	
3758	oku (eku joku)	oku	LEX	olho	muga joku mugure to nregedu kelje =  mãe tem olho par a crinça.						13/04/2026	
3759	oku (óku)	oku	LEX	flor							13/04/2026	
3760	okudu1	okudːɯ	ADV	em vão, inutilmente							13/04/2026	
3761	okudu2	okudːɯ	LEX	pranto acompanhado de gritos, pranto ritual; compaixão, dor; ter dor, ter compaixão							13/04/2026	
3762	okududo1	okuˈdːudːʌ	LEX	fazer chorar em grito							13/04/2026	
3763	okududo2	okuˈdːudːʌ	LEX	fazer inutilmente, fazer em vão							13/04/2026	
3764	okudugodu	okuduˈgodːɯ	LEX	ter compaixão, ter dor							13/04/2026	
3765	okudurewu	okuduˈɾew	S	aquele que chora gritando; aquele que tem compaixão							13/04/2026	
3766	okura ra	okuɾa ɾa	LEX	osso maxilar inferior, osso do queixo							13/04/2026	
3767	okura1	oˈkuɾa	LEX	região do rosto correspondente ao maxilar inferior, mento, queixo							13/04/2026	
3768	okura2	oˈkuɾa	LEX	zigoma, pômulo, osso malar, maçã do rosto							13/04/2026	
3769	okureboe	okuˈɾeboe	LEX	flor							13/04/2026	
3770	okurodu (kurodu)	okuɾodu	LEX	madurar							13/04/2026	
3771	okwa bu	okwa bu	LEX	bigode, barba							13/04/2026	
3772	okwa cobojewu	okwa tʃobodʒewu	LEX	lábio superior							13/04/2026	
3773	okwa jakurirewu	okwa dʒakuɾiɾew	S	variedade de abelha							13/04/2026	
3774	okwa pudo	okwa pudo	VC	dobrar							13/04/2026	
3775	okwa ra	okwa ɾa	LEX	maxilar							13/04/2026	
3776	okwa ra (okwa rawuje)	okwa ɾa	LEX	silenciar, calar							13/04/2026	
3777	okwa ra cobojewu	okwa ɾa tʃobodʒewu	LEX	maxilar superior							13/04/2026	
3778	okwabi	okwabi	LEX	beijo, beijar							13/04/2026	true
3779	okwabia	okwabia	LEX	bagaço que se forma ao mastigar certos alimento							13/04/2026	
3780	okwabiado	okwabiadːʌ	LEX	chupar, sugar							13/04/2026	
3781	okwabiarewu	okwabiaˈɾew	S	aquele que chupa algo							13/04/2026	
3782	okwabida	okwaˈbidːa	LEX	lugar de lambida, coisa que se lambe, guardanapo							13/04/2026	
3783	okwabora	okwaˈboɾa	LEX	trançado							13/04/2026	
3784	okwaboro	okwaˈboɾo	LEX	buraco do lábio							13/04/2026	
3785	okwabu	oˈkwabu	LEX	conselho, reunião, ajuntamento							13/04/2026	
3786	okwabudu	okwaˈbudːɯ	LEX	conselho, reunião, ajuntamento							13/04/2026	
3787	okwabudurewu1	okwabuduˈɾew	S	conselheiro, aquilo que se reuniu							13/04/2026	
3788	okwabudurewu2	okwabuˈɾew	LEX	o barbado							13/04/2026	
3789	okwadago	okwadago	VC	fazer repreender							13/04/2026	
3790	okwadagodu	okwadaˈgodːɯ	LEX	repreensão; repreender							13/04/2026	
3791	okwadagodurewu	okwadagoduˈɾew	S	aquele que repreende							13/04/2026	
3792	okwadawu (okwa tadawu)	okwadawu	LEX	labrete							13/04/2026	
3793	okwado	okwadːʌ	LEX	acabar, perder, ocultar, esconder							13/04/2026	
3794	okwadodu	okwaˈdːodːɯ	PPASS	acabado, perdido, oculto, escondido							13/04/2026	
3795	okwadurigi	okwaduɾigi	LEX	bocejo; bocejar							13/04/2026	
3796	okwadurigido	okwaduɾigidːʌ	LEX	bocejar							13/04/2026	
3797	okwadurigigodu	okwaduɾigiˈgodːɯ	LEX	bocejar							13/04/2026	
3798	okwadurigirewu	okwaduɾigiˈɾew	S	aquele que boceja							13/04/2026	
3799	okwage kuri	okwage kuɾi	LEX	comilão, guloso							13/04/2026	
3800	okwageda	okwagedːa	LEX	lugar onde se come, refeitório							13/04/2026	
3801	okwagedo	okwagedːʌ	VC	fazer comer, alimentar							13/04/2026	
3802	okwagerewu	okwageˈɾew	S	aquele que come							13/04/2026	
3803	okwagigi	okwagigi	LEX	sorriso, sorrir							13/04/2026	
3804	okwagigido	okwagigidːʌ	VC	fazer sorrir							13/04/2026	
3805	okwagigirewu	okwagigiˈɾew	S	aquele que sorri							13/04/2026	
3806	okwagiri	okwaˈgiɾi	LEX	amamentação, mamar							13/04/2026	
3807	okwagirido	okwagiɾidːʌ	LEX	amamentar							13/04/2026	
3808	okwagiridodu	okwagiɾiˈdːodːɯ	LEX	amamentado							13/04/2026	
3809	okwagirirewu	okwagiɾiˈɾew	S	aquele que mama							13/04/2026	
3810	okwagodu	okwaˈgodːɯ	LEX	morte iminente; estar para morrer							13/04/2026	
3811	okwaguru	okwaguɾu	LEX	praga, maldição, pedido							13/04/2026	
3812	okwagurudo	okwaguɾudːʌ	LEX	rogar pragas, amaldiçoar, pedir							13/04/2026	
3813	okwagurugodu	okwaguɾuˈgodːɯ	LEX	praga, pedido; rogar praga							13/04/2026	
3814	okwagurugodurewu	okwaguɾugoduˈɾew	S	aquele que roga pragas, aquele que pede							13/04/2026	
3815	okwagururewu	okwaguɾuˈɾew	S	aquele que roga pragas, aquele que pede							13/04/2026	
3816	okwairu	okwaiɾu	LEX	gulodice; informação, relato							13/04/2026	
3817	okwairudo	okwairudːo	LEX	fazer gula; informar, relatar							13/04/2026	
3818	okwairudo	okwaiɾudːʌ	VC	fazer gula; informar, relatar							13/04/2026	
3819	okwairurewu	okwaiɾuˈɾew	S	o guloso, o que informa, o que relata							13/04/2026	
3820	okwajodo	okwadʒodːʌ	LEX	chupada, chupar; tratamento de cura feito pelo bari; ou pelo aroe etawara are;							13/04/2026	
3821	okwakiari	okwakiaɾi	LEX	o que não gosta de falar							13/04/2026	
3822	okwakido	okwakidːʌ	LEX	falador, tagarela; não-indígena							13/04/2026	
3823	okwakidu	okwakidːɯ	LEX	egoísmo, ambição, retraimento, reserva							13/04/2026	
3824	okwakidudoge	okwakidːodːɯge		forma antiga para designar o homem branco							13/04/2026	
3825	okwakidurewu	okwakiduˈɾew	S	o egoísta, o retraído, o reservado							13/04/2026	
3826	okwakori	okwakoɾi	LEX	altercar, discutir, brigar de palavra, murmurar							13/04/2026	
3827	okwakowodu	okwakowodːɯ	LEX	insistência; insistir							13/04/2026	
3828	okwakowodudo	okwakowodːudːʌ	LEX	insistir							13/04/2026	
3829	okwakowodurewu	okwakowoduˈɾew	S	aquele que insiste							13/04/2026	
3830	okwakugu	okwakugu	LEX	comer alguma coisa ensopada em algum líquido							13/04/2026	
3831	okwakuridodu	okwakuɾiˈdːodːɯ	LEX	grito, pedido com grito							13/04/2026	
3832	okwamaguda	okwamagudːa	LEX	pedido, súplica; pedir, suplicar, rezar, orar							13/04/2026	
3833	okwamagudu	okwamagudːɯ	LEX	pedido, súplica							13/04/2026	
3834	okwamagudurewu	okwamagudːɯˈɾew	S	aquele que pede, que suplica							13/04/2026	
3835	okwamie	okwamie	LEX	faixa íntima das mulheres usada durante o puerpério; pequeno tapete preto destinado a receber a criança recém nascida							13/04/2026	
3836	okwamotodoge	okwamotodoge	LEX	abelha (espécie)							13/04/2026	
3837	okwamu	okwamːu	LEX	sopro, soprar							13/04/2026	true
3838	okwamu i	okwamu i	LEX	jequitibá							13/04/2026	
3839	okwamudoge aroe	okwamudoge aɾoe	LEX	uma representação ritual e seus atores							13/04/2026	
3840	okwamudu	okwamudːɯ	LEX	sopro; soprar							13/04/2026	
3841	okwamududo	okwamudːudːʌ	VC	fazer soprar							13/04/2026	
3842	okwamudurewu	okwamuduˈɾew	S	aquele que sopra							13/04/2026	
3843	okwamuwu	okwamuwu	LEX	lábio inferior							13/04/2026	
3844	okwapagado	okwapagadːʌ	VC	experimento, degustação, experiência, prova; provar, degustar							13/04/2026	
3845	okwapagarewu	okwapagaˈɾew	S	o que prova, o que degusta, o que experimenta							13/04/2026	
3846	okwapegado (togwapegado)	okwapegado	LEX	falar mal, maldizer, jogar praga							13/04/2026	
3847	okwareboe	okwaɾeboe	LEX	coisa transitória; acontecimento de breve duração, coisa que logo desaparece, caduco							13/04/2026	
3848	okwarewu	okwaˈɾew	S	o ausente, o finado, o perdido							13/04/2026	
3849	okwari1	okwaɾi	ADV	sempre							13/04/2026	
3850	okwari2	okwaɾi	LEX	riso, pedido, oferta; rir, pedir, ofertar							13/04/2026	
3851	okwarido	okwaɾidːʌ	VC	fazer rir, fazer pedir, oferecer aos espírito							13/04/2026	
3852	okwaridodu	okwaɾiˈdːodːɯ	PPASS	feito rir, feito pedir, feito oferecer							13/04/2026	
3853	okwarigodu	okwaɾiˈgodːɯ	LEX	sorriso; sorrir	akogwarigodu pagakaba = não ria a toa						13/04/2026	
3854	okwarigodurewu	okwaɾigoduˈɾew	S	aquele que sorri; bandido, ladrão							13/04/2026	
3855	okwarigudu	okwaɾigudːɯ	LEX	mentira; mentir							13/04/2026	
3856	okwarigudurewu	okwaɾigudːɯˈɾew	S	o mentiroso, malandro							13/04/2026	
3857	okwarirewu	okwaɾiˈɾew	S	aquele que ri; alimento oferecido aos espíritos pelo bari							13/04/2026	
3858	bokwaro	okwaɾo	LEX	vapor aquoso, neblina, cerração							13/04/2026	true
3859	okwarodae	okwaɾodae	LEX	condimento, mistura (de comida							13/04/2026	
3860	okwaru	okwaɾu	LEX	tatpeba							13/04/2026	
3861	okwatorudo	okwatoɾudːʌ	LEX	engrossar							13/04/2026	
3862	okwatugu	okwaˈtugu	LEX	doação expontânea, doação delicada; doar, oferecer							13/04/2026	
3863	omogo	oˈmogo	LEX	genitais feminino							13/04/2026	
3864	omori	oˈmoɾi	LEX	ponta estragada, ponta gasta							13/04/2026	
3865	omuwu	oˈmuwu	LEX	dente do maxilar inferior							13/04/2026	
3866	ona	onːa	ADV	inutilmente, em vão, à toa, antes, demai							13/04/2026	
3867	ona (vrt. ana)	ona	LEX	lado, desejo, vingança, inimizade; ser inimigo, perseguir							13/04/2026	
3868	ona tu je	ona tu dʒːe	ADV	mesmo inútil, mesmo em vão, mesmo à toa							13/04/2026	
3869	onaboe	onaboe	LEX	coisa inútil							13/04/2026	
3870	onado	onadːʌ	LEX	colocar uma coisa antes de outra; acudir, amparar							13/04/2026	
3871	onagodu	onaˈgodːɯ	LEX	corresponder, pertencer, ter direito a, ser dono de	Inagu arigao onagodu! = Meu cachorro está aprendendo a caçar!						13/04/2026	
3872	onaguru	onaguɾu	LEX	lado brilhante, superfície							13/04/2026	
3873	onaji	onadʒːi	POSP	juntamente, um atrás do outro							13/04/2026	
3874	onaji	onadʒi	POSP	juntamente, um depois do outro							13/04/2026	
3875	onarege (pl. de onaregedu)	onaɾege	LEX	filhoÉ pouco usado: u   LEXse mais ore							13/04/2026	
3876	onaregedu (pl. ore, onarege)	onaɾeˈgedːɯ	LEX	filho, filha, menino, menina, criança, boneca; cacho novo de palmeira							13/04/2026	
3877	onaregedu ba	onaɾeˈgedːɯ ba	LEX	tipo de brinquedo							13/04/2026	
3878	onarewu	onaˈɾew	S	coisa inútil, coisa à toa; contrário							13/04/2026	
3879	onari	onaɾi	LEX	acatamento							13/04/2026	
3880	onarido	onaˈɾidːʌ	LEX	acatar							13/04/2026	
3881	oogo	oˈogo	LEX	aspereza, escabrosidade							13/04/2026	
3882	oogodo	ooˈgodːʌ	VC	fazer áspero, tornar áspero							13/04/2026	
3883	oogodu	ooˈgodːɯ	LEX	aspereza, escabrosidade							13/04/2026	
3884	oogodurewu	oogoduˈɾew	LEX	o áspero, o escabroso							13/04/2026	
3885	oogoga	oogoga	LEX	lugar arenoso onde as aves costumam revirar-se							13/04/2026	
3886	oogoreboe	oogoɾeboe	LEX	lixa							13/04/2026	
3887	oogorewu	oogoˈɾew	LEX	o áspero, o escabroso							13/04/2026	
3888	opo (upo)	opo	LEX	fundo, monte de objetos, feixe, embrulho (ver upo)							13/04/2026	
3889	opo (upo)	opo	LEX	fundo, monte de objetos, feixe							13/04/2026	
3890	opodo (upodo)	opodo	LEX	amontoar, fazer feixe, juntar							13/04/2026	
3891	opudare	opuˈdaɾe	LEX	agonia, agonizante							13/04/2026	
3892	opudaredo	opudaˈɾedːʌ	VC	fazer agonizar, matar							13/04/2026	
3893	opudarerewu	opudaɾeˈɾew	S	o agonizante							13/04/2026	
3894	opudu	oˈpudːɯ	LEX	soluço, soluçar	muga opugudure =  mãe soluçou						13/04/2026	
3895	opududo	opuˈdːudːʌ	VC	fazer soluçar							13/04/2026	
3896	opudurewu	opuduˈɾew	S	aquele que soluça							13/04/2026	
3897	ora paru	oɾa paɾu	LEX	articulação dos maxilar							13/04/2026	
3898	oragudu (aragudu)	oɾagudːɯ	LEX	pranto, choro; chorar							13/04/2026	
3899	oragududo	oɾagudːudːʌ	VC	fazer chorar							13/04/2026	
3900	oragudugodu	oɾagudːɯˈgodːɯ	LEX	choro incipiente; começar a chorar							13/04/2026	
3901	oragudugodurewu	oɾagudːɯgoduˈɾew	S	aquele que começa a chorar							13/04/2026	
3902	oragudurewu	oɾagudːɯˈɾew	S	aquele que chora							13/04/2026	
3903	orare (pl. de orari)	oɾaɾe	LEX	peixes pintado	ioga ure orari bito = meu pai matou pintado						13/04/2026	
3904	orari	oɾaɾi	LEX	peixe pintado; variedade de centopéia							13/04/2026	
3905	orarije	oɾaˈɾidʒːe	LEX	variedade de surubim (peixe)							13/04/2026	
3906	ore1	ˈoɾe	LEX	periquito estrela							13/04/2026	
3907	ore2	oɾe2	LEX	filho							13/04/2026	
3908	orea	oˈɾea	S	axila; enrolamento							13/04/2026	
3909	orea baru	oɾea baɾu	LEX	fundo da axila							13/04/2026	
3910	oreado	oɾeˈadːʌ	VC	enrolar							13/04/2026	
3911	oreadodu	oɾeaˈdːodːɯ	PPASS	enrolado							13/04/2026	
3912	oreadodurewu	oɾeaˈdːodːɯˈɾew	S	o enrolado							13/04/2026	
3913	oreagaga	oɾeagaga	LEX	abertura dos braços em sinal de alegria; abrir os braços em sinal de alegria							13/04/2026	
3914	oreagagado	oɾeagagadːʌ	VC	fazer abrir os braços em sinal de alegria							13/04/2026	
3915	oreagagarewu	oɾeagagaˈɾew	S	aquele que abre os braços em sinal de alegria							13/04/2026	
3916	orearewu	oɾeaˈɾew	S	o enrolado							13/04/2026	
3917	orebaru	oɾebaɾu	LEX	tipo de brinquedo							13/04/2026	
3918	oredu	oɾedːɯ	LEX	esposo, marido							13/04/2026	true
3919	oreduje	oɾedudʒːe	LEX	esposa, mulher							13/04/2026	
3920	ori	oɾi	LEX	anpreto							13/04/2026	
3921	origi	oˈɾigi	LEX	coco seco ainda inteiro							13/04/2026	
3922	oro	ˈoɾo	LEX	filho, filhote, cria; broto de palmeira							13/04/2026	
3923	orodo	oˈɾodːʌ	LEX	mexer-se, deslocar-se, afastar-se							13/04/2026	
3924	orodu	oˈɾodːɯ	LEX	queda expontânea, queda de frutas, corrida de um líquido; consentimento, obediência; cair espontaneamente, correr de um líquido, consentir, obedecer							13/04/2026	
3925	orodudo	oɾoˈdːudːʌ	VC	fazer escorrer; fazer consentir, fazer obedecer							13/04/2026	
3926	orodurewu	oɾoduˈɾew	S	aquilo que cai espontaneamente, que escorre; que consente, que obedece							13/04/2026	
3927	oroe	oɾoe	LEX	enfeites, pertence							13/04/2026	true
3928	orogu	oˈɾogu	LEX	veadcampeiro (tem chifres)							13/04/2026	
3929	orogu biri	oɾogu biɾi	LEX	pele de veado que serve de tapete, para sentar ou dormir							13/04/2026	
3930	oroguge (roguge)	oɾoguge	LEX	formigas içá ou carregadeira: tocanguira							13/04/2026	
3931	orori (rori)	oɾoɾi	LEX	cobertura, cobrir							13/04/2026	
3932	ororido (rorido)	oɾoɾido	LEX	cobrir, estender							13/04/2026	
3933	ororireboe	oɾoɾiɾeboe	LEX	o que serve para cobrir							13/04/2026	
3934	Orowaribo (oraribo)	Oɾowaɾibo	LEX	água, rio; água dos dourados; designação do rio Paraguau, do rio São Lourenço, de qualquer rio ou lagoa, principalmente na linguagem ritual; designação de um certo espírito							13/04/2026	
3935	Orowaribo kurirewu	Oɾowaɾibo kuɾiɾew	S	r Araguaia							13/04/2026	
3936	otai (vrt. tói)	otai	LEX	pipio, angústia							13/04/2026	
3937	otaido	otaidːʌ	VC	fazer pipiar, angustiar							13/04/2026	
3938	otaigodu	otaiˈgodːɯ	LEX	pipio, angústia							13/04/2026	
3939	otaigodudo	otaigodːudːʌ	VC	fazer pipiar, angustiar							13/04/2026	
3940	otaigodurewu	otaigoduˈɾew	S	aquele que pipia, o angustiado							13/04/2026	
3941	otairewu	otaiˈɾew	S	aquele que pipia, o angustiado							13/04/2026	
3942	otaro	otaɾo	LEX	espuma							13/04/2026	
3943	oto	ˈɔtɔ	LEX	bico, ponta, espinho, cume							13/04/2026	
3944	oto kuguri	oto kuguɾi	LEX	variedade de macaíba							13/04/2026	
3945	oto pa	oto pa	LEX	fim, término, final							13/04/2026	
3946	oto tadawu	oto tadawu	LEX	tipo de ponta de flecha							13/04/2026	
3947	otobare	otobaɾe	LEX	ponta grossa							13/04/2026	
3948	otobarewu	otobaˈɾew	LEX	o de ponta grossa							13/04/2026	
3949	otobaro1	otobaɾo	LEX	arapapá		Cochlearius cochlearius	https://pt.wikipedia.org/wiki/Arapapá	https://upload.wikimedia.org/wikipedia/commons/4/46/Cochlearius_cochleariaPCCA20071227-8443B.jpg			13/04/2026	
3950	otobaro2	otobaɾo	LEX	gancho							13/04/2026	
3951	otobarodo	otobaɾodːʌ	VC	fazer um gancho, dobrar em gancho							13/04/2026	
3952	otobarorewu	otobaɾoˈɾew	LEX	o provido de gancho							13/04/2026	
3953	otobiji	otobidʒːi	POSP	depois							13/04/2026	
3954	otobijiwu	otobidʒiwu	LEX	posterior, descendente							13/04/2026	
3955	otobora	otoboɾa	LEX	término, remate, borda, trama, trança							13/04/2026	
3956	otoborado	otoboɾadːʌ	LEX	rematar, terminar, bordar, trançar							13/04/2026	
3957	otoborarewu	otoboɾaˈɾew	LEX	o rematado, o terminado, o bordado							13/04/2026	
3958	otoboro	otoboɾo	LEX	semaberto							13/04/2026	
3959	otodo	otodːʌ	LEX	apontar, aguçar							13/04/2026	
3960	otogajeje	otogadʒedʒːe	POSP	diante, em frente, em presença de, pela frente de							13/04/2026	
3961	otogara	otogaɾa	LEX	antebraço, parte frontal da asa							13/04/2026	
3962	otogara ra	otogaɾa ɾa	LEX	esqueleto do antebraço							13/04/2026	
3963	otogara ra biegarewu	otogaɾa ɾa biegaɾew	S	rádio (osso)			https://pt.wikipedia.org/wiki/Rádio_(osso)	https://upload.wikimedia.org/wikipedia/commons/thumb/3/3f/Illu_upper_extremity.svg/langpt-500px-Illu_upper_extremity.svg.png			13/04/2026	
3964	otogara ra kurirewu	otogaɾa ɾa kuɾiɾew	S	cúbito ou ulna (osso)			https://pt.wikipedia.org/wiki/Ulna	https://upload.wikimedia.org/wikipedia/commons/thumb/3/3f/Illu_upper_extremity.svg/langpt-500px-Illu_upper_extremity.svg.png			13/04/2026	
3965	otogodu	otoˈgodːɯ	VC	manha, capricho; fazer manha, fazer capricho							13/04/2026	
3966	otogodudo	otogodːudːʌ	VC	fazer ser manhoso							13/04/2026	
3967	otogodurewu	otogodːuˈɾew	S	o manhoso, o caprichoso							13/04/2026	
3968	otogudu	otogudːɯ	LEX	bicada, picada, bicar, picar							13/04/2026	
3969	otogududo	otogudːudːʌ	VC	fazer bicar, fazer picar							13/04/2026	
3970	otogudureboe	otogudːɯɾeboe	LEX	nome genérico de insetos que picam, hematófago							13/04/2026	
3971	otoguru (todoguru)	otoguɾu	LEX	saliva, cuspe, escarro, gota de chuva							13/04/2026	
3972	otoi	otoi	POSP	diante, em frente, adiante							13/04/2026	
3973	otoibo	otoibo	LEX	obtusidade							13/04/2026	
3974	otoibodo	otoibodːʌ	VC	fazer obtuso, virar uma ponta							13/04/2026	
3975	otoiborewu	otoiboˈɾew	LEX	o obtuso, o despontado							13/04/2026	
3976	otojeto	otodʒeto	VC	acender	muga pega uke mea otojeto = cender cigarro da vovó.						13/04/2026	
3977	otojetodu	otodʒetodu	PPAS	aceso							13/04/2026	
3978	otojetodurewu	otodʒetoduˈɾew	S	o aceso							13/04/2026	
3979	otokodu	otokodːɯ	S	miolo de certos frutos ou vegetais que têm caroço central; resto de comida que fica na parede da panela							13/04/2026	
3980	otomu (todomu)	otomu	LEX	abraço, abraçar							13/04/2026	
3981	otomudu	otomudːɯ	LEX	abraço, abraçar							13/04/2026	
3982	otomudurewu	otomuduˈɾew	S	aquele que abraça							13/04/2026	
3983	otoraga (otoˈroga)	otoɾaga	LEX	afastamento, retirada, cuidado, atenção; penitência, jejum, sacrifício							13/04/2026	
3984	otoragado	otoɾoˈgado	VC	fazer cuidar, fazer penitência							13/04/2026	
3985	otoragarewu	otoɾagaˈɾew	S	aquele que cuida, que atende							13/04/2026	
3986	otorigi	otoˈɾigi	LEX	o ponto mais alto, aresta							13/04/2026	
3987	otorodu	otoˈɾodːɯ	LEX	montículo							13/04/2026	
3988	otorodudo	otoɾoˈdːudːʌ	LEX	amontoar							13/04/2026	
3989	otorodurewu	otoɾoduˈɾew	S	o amontoado							13/04/2026	
3990	ototori ekurewu	ototoɾi ekuɾew	S	pintassilgo		Spinus magellanicus	https://pt.wikipedia.org/wiki/Pintassilgo	https://upload.wikimedia.org/wikipedia/commons/thumb/9/91/Gold_Finch.jpg/500px-Gold_Finch.jpg			13/04/2026	
3991	otowi	otowi	LEX	lentidão							13/04/2026	
3992	otowido	otowidːʌ	VC	fazer com lentidão							13/04/2026	
3993	otowirewu	otowiˈɾew	S	o lento, o vagaroso							13/04/2026	
3994	otowu	otowu	LEX	designação de vários graus de parentesco; cunhado							13/04/2026	
3995	otowubo	otowubo	VT	levantamento, levantar							13/04/2026	
3996	otowubodu	otowuˈbodːɯ	LEX	levantamento							13/04/2026	
3997	otowubodudo	otowuboˈdudːʌ	VC	fazer levantar							13/04/2026	
3998	otowubodurewu	otowuboduˈɾew	S	o que foi levantado							13/04/2026	
3999	otowuborewu	otowuboˈɾew	S	levantado							13/04/2026	
4000	owearido	oweaˈɾidːʌ	VC	fazer vomitar							13/04/2026	
4001	owó	owó	INTJ	forma forma que indica maravilha, agradecimento							13/04/2026	
4002	pa	pa	VT	perceber, conhecer, entender					Ver pawuje.		13/04/2026	
4003	pa?	pa	ADV	onde está?, cadê?							13/04/2026	
4004	pa=	pa	IP	índice preso de 1PLINCL nós; nos; nosso, nossa, nossos, nossa Inclui o(s) ouvinte(s)							13/04/2026	
4005	pabogo	paˈbogo	LEX	veado mateiro ou veado pardo		Mazama americana	https://pt.wikipedia.org/wiki/Veado-mateiro	https://upload.wikimedia.org/wikipedia/commons/thumb/9/9e/Mazama_americana_258757794.jpg/960px-Mazama_americana_258757794.jpg			13/04/2026	
4006	padado	paˈdadːʌ	LEX	colocar isca numa armadilha							13/04/2026	
4007	padagí (padagu i)	padagi	LEX	pateiro, árvore da floresta		gênero Couepia	https://pt.wikipedia.org/wiki/Couepia	https://upload.wikimedia.org/wikipedia/commons/thumb/a/af/Couepia_grandiflora_1_João_de_Deus_Medeiros.jpg/560px-Couepia_grandiflora_1_João_de_Deus_Medeiros.jpg			13/04/2026	
4008	padagu	paˈdagu	LEX	fruta de pateiro							13/04/2026	
4009	padaro	paˈdaɾo	LEX	espuma dos rio							13/04/2026	
4010	padarogwa	padaˈɾogwa	LEX	beleza, pintura							13/04/2026	
4011	padarogwarewu	padaɾogwaˈɾew	LEX	o belo, o pintado, o bem ornado							13/04/2026	
4012	padodu	paˈdːodːɯ	PPASS	colocado							13/04/2026	
4013	padu	ˈpadːɯ	LEX	estar, ficar, estar deitado							13/04/2026	
4014	padudo (pado)	padːodːɯ	LEX	fazer deitar, colocar deitada alguma coisa							13/04/2026	
4015	padudodu	paduˈdːodːɯ	PPASS	colocado deitado, feito deitar							13/04/2026	
4016	padurewu	paduˈɾew	S	o deitado							13/04/2026	
4017	paga inodu	paga inodːɯ	ADV	sem perceber							13/04/2026	
4018	paga1	ˈpaga	LEX	córrego, riacho	cere pagado pagarogu boe kajeje = fomos atravessando alguns correguinhos.						13/04/2026	
4019	paga₂	ˈpaga	LEX	espera; esperar							13/04/2026	
4020	paga3	ˈpaga	LEX	mentira, engano, inutilidade, a toa	amugu pagakaba! = não fique à toa!						13/04/2026	
4021	pagado1	pagadːʌ	LEX	atravessar um curso d'água, um terreno							13/04/2026	
4022	pagado2	pagadːʌ	LEX	experimentar							13/04/2026	
4023	pagadoda	pagadodːa	LEX	lugar onde se espera; lugar onde se atravessa, vão							13/04/2026	
4024	pagadodu1	pagaˈdːodːɯ	PPASS	feito esperar, experimentado, atravessado							13/04/2026	
4025	pagadodu2	pagaˈgodːɯ	LEX	espera iminente, travessia iminente							13/04/2026	
4026	pagagodurewu	pagagoduˈɾew	S	aquele que espera; aquele que experimenta,							13/04/2026	
4027	pagarewu	pagaˈɾew	S	aquele que espera, o inútil, o postiço; o que atravessa							13/04/2026	
4028	pagodu	paˈgodːɯ	LEX	azedume, azedo							13/04/2026	
4029	pagodudo	pagodːudːʌ	VC	fazer azedar							13/04/2026	
4030	pagodudodu	pagodudːodːɯ	PPASS	azedado							13/04/2026	
4031	pagodugodu	pagoduˈgodːɯ	LEX	azedume incipiente, estar azedando							13/04/2026	
4032	pagodugodurewu	pagodugoduˈɾew	S	aquilo que começa a azedar							13/04/2026	
4033	pagodureboe	pagoduɾeboe	LEX	coisa azeda, coisa fermentada							13/04/2026	
4034	pagodurewu	pagoduˈɾew	S	o azedo	awu  jatugo pagodure = esse cajazinho e azedo.						13/04/2026	
4035	pagudae	pagudae	LEX	aquilo que causa medo							13/04/2026	
4036	pagududo	pagudːudːʌ	LEX	causar medo, amedrontar, aterrorizar							13/04/2026	
4037	pagudugo	pagudːɯgo	LEX	assustar, causar medo, aterrorizar, amedrontar							13/04/2026	
4038	pagudugodu	pagudːɯˈgodːɯ	LEX	começar a ter medo							13/04/2026	
4039	paguduia (bopaguduia, boe paguduia)	bopagudːɯia	LEX	algo que causa medo ou espanto							13/04/2026	
4040	paguduiarewu	pagudːɯiaˈɾew	LEX	o bonito, o agradável, o maravilhoso, o que causa espanto, o que causa medo							13/04/2026	
4041	pagudurewu	pagudːɯˈɾew	S	o medroso, o maravilhado, o espantado							13/04/2026	
4042	pai (pl. pae)	pai	LEX	bugio		Gênero: Alouatta	https://pt.wikipedia.org/wiki/Bugio	https://upload.wikimedia.org/wikipedia/commons/thumb/8/86/Mantled_howler_monkey_and_baby_%2881337%292.jpg/500px-Mantled_howler_monkey_and_baby_%2881337%292.jpg			13/04/2026	
4043	pai kukigadu	pai kukigadu	LEX	bugio barriga-branca							13/04/2026	
4044	x	paiwa	LEX	nosso birote							13/04/2026	
4045	paiwa (vrt. de poiwo)	paiwa	LEX	cânula, birote parecido com cânula							13/04/2026	
4046	paiwe (vart. de paiwoe)	paiwe	LEX	membros do clã dos bugio							13/04/2026	
4047	paiwoe (pl. de paiwoedu, fem. paiwoeredo)	paiwoe	LEX	membros do clã da metade dos tugarege cujo principal símbolo é o bugio (pai)							13/04/2026	
4048	pana	panːa	LEX	instrumento musical de sopro formado de duas ou mais cabacinha emendadas, tocado por Ituubore							13/04/2026	
4049	pao	pao	LEX	nosso Pai (deus)							13/04/2026	
4050	paopao	paopao	LEX	peteca	muga ure papao tawuje		https://pt.wikipedia.org/wiki/Peteca	https://sme.goiania.go.gov.br/conexaoescola/wp-content/uploads/2025/02/peteca-nova.png			13/04/2026	
4051	para	paɾa	LEX	peito							13/04/2026	
4052	parada	paɾadːa	LEX	balanço, oscilação							13/04/2026	
4053	paradu	paɾadːɯ	LEX	balanço, oscilação, agilidade; balançar, oscilar							13/04/2026	
4054	paradudo	paɾadːudːʌ	VC	balançar, fazer oscilar, tornar ágil							13/04/2026	
4055	paradurewu	paɾaduˈɾew	S	aquilo que balança, que oscila, o ágil							13/04/2026	
4056	parapara	paɾapaɾa	LEX	interstícios, falha							13/04/2026	
4057	paraparado	paɾapaɾadːʌ	VC	fazer interstícios, falhar, rarear							13/04/2026	
4058	parapararewu	paɾapaɾaˈɾew	LEX	aquilo que tem interstícios, o falhado, o rareado							13/04/2026	
4059	pararepo	paɾaɾepo	ADV	com moderação, devagar							13/04/2026	
4060	pari (pl. pare)	paɾi	LEX	ema	pari rekodu jare = ema corre longe.	Rhea americana	https://pt.wikipedia.org/wiki/Ema	https://upload.wikimedia.org/wikipedia/commons/thumb/c/cc/Nandu_Rhea_americana_Tierpark_Hellabrunn-1.jpg/960px-Nandu_Rhea_americana_Tierpark_Hellabrunn-1.jpg			13/04/2026	
4061	pari bopona	paɾi bopona	LEX	alfa e Beta Centauri (ver: aiepa)							13/04/2026	
4062	pari burea	paɾi buɾea	LEX	pegada de ema; constelação correspondente ao Cruzeiro do Sul							13/04/2026	
4063	parigogo	paɾigogo	LEX	jacu		Penelope	https://pt.wikipedia.org/wiki/Penelope	https://upload.wikimedia.org/wikipedia/commons/thumb/b/b3/Penelope_purpurascens.jpg/960px-Penelope_purpurascens.jpg			13/04/2026	
4064	parigogo cerewu	paɾigogo tʃeɾew	S	jacutinga							13/04/2026	
4065	parikiboto	paɾikiboto	LEX	leque, abanico							13/04/2026	
4066	parikiogodo	paɾikioˈgodːʌ	LEX	perdiz		Rhynchotus rufescens	https://pt.wikipedia.org/wiki/Rhynchotus_rufescens]	https://upload.wikimedia.org/wikipedia/commons/4/42/Rhynchotus_rufescens2.JPG			13/04/2026	
4067	pariko	paɾiko	LEX	grande diadema dos bororo feita de penas de cauda de arara e outras ave	pariko meture imedu aora tabo tada = o coca esta na cabeça do homem.						13/04/2026	
4068	parira	paɾiɾa	LEX	flautinha de taquara							13/04/2026	
4069	pariwa	paɾiwa	LEX	focinho de queixada							13/04/2026	
4070	paro i	paɾo i	LEX	árvore de sucupira							13/04/2026	
4071	paro meriri	paɾo meɾiɾi	LEX	machado de ferro							13/04/2026	
4072	parori i	paɾoɾi i	LEX	árvore de cumbaru, de baru							13/04/2026	
4073	parori kuru	paɾoɾi kuɾu	LEX	refresco de polpa de fruta de cumbaru							13/04/2026	
4074	parotori	paɾotoɾi	LEX	machado de pedra							13/04/2026	
4075	paru	paɾu	LEX	princípio, foz, base, pé, sopé, início, rumo							13/04/2026	
4076	parudodu	paɾudːodːɯ	PPASS	iniciado, começado, principiado							13/04/2026	
4077	parudodurewu	paɾudːodːɯˈɾew	S	aquilo que foi começado							13/04/2026	
4078	parugajejeje	paɾugadʒedʒedʒːe	LEX	ao redor, por toda parte							13/04/2026	
4079	paruia	paɾuia	LEX	celebração de despedida, canto triste							13/04/2026	
4080	paruiado	paɾuiadːʌ	LEX	entoar canto sobre uma moribundo							13/04/2026	
4081	pawujedu	pawudʒedːɯ	S	adivinhação, descoberta, predição							13/04/2026	
4082	pe	pe	LEX	excremento, resto, polvilho; ventre							13/04/2026	
4083	peˈreto	peɾeto	LEX	barbatana anal dos peixe							13/04/2026	
4084	pea	pea	LEX	cintura; gases							13/04/2026	
4085	peado	peadːʌ	VC	peidar							13/04/2026	
4086	peagajejewu	peagadʒedʒewu	LEX	cinto							13/04/2026	
4087	peagiri	peaˈgiɾi	LEX	destruição; destruir, esmagar							13/04/2026	
4088	peagirido	peagiɾidːʌ	VC	esborrachar, amassar							13/04/2026	
4089	peagiridodu	peagiɾiˈdːodːɯ	PPASS	amassado							13/04/2026	
4090	peagirirewu	peagiɾiˈɾew	S	o amassado							13/04/2026	
4091	peagodurewu	peagoduˈɾew	S	aquele que peida							13/04/2026	
4092	pearege	peaɾege	LEX	peixinhocascudo							13/04/2026	
4093	pearodu	peaɾodːɯ	LEX	sujeira, imundície							13/04/2026	
4094	pearodurewu	peaɾoduˈɾew	LEX	o sujo, o imundo							13/04/2026	
4095	pebaru	pebaɾu	LEX	hipogástrio, abdome							13/04/2026	
4096	pebaru bo	pebaɾu bo	LEX	peninha abdominal das ave							13/04/2026	
4097	pebo	pebo	LEX	cada uma das peninhas do abdome das ave   LEX							13/04/2026	
4098	pecuguia	petʃuguia	LEX	choca (ave), popularmente chamada maripobre							13/04/2026	
4099	peda	pedːa	LEX	lugar de repartição							13/04/2026	
4100	pedago	pedago	S	tuvira ou batuíra		Adontosternarchus balaenops	https://pt.wikipedia.org/wiki/Adontosternarchus_balaenops	https://upload.wikimedia.org/wikipedia/commons/thumb/6/67/Adontosternarchus_balaenops.jpg/960px-Adontosternarchus_balaenops.jpg			13/04/2026	
4101	pedobo (jepedobo)	pedobo	LEX	nó de taquaras, nó de palmeira							13/04/2026	
4102	pedodu	peˈdːodːɯ	PPASS	distribuído, repartido							13/04/2026	
4103	pedodurewu	peˈdːodːɯˈɾew	S	aquilo que foi repartido, compartilhado, distribuído							13/04/2026	
4104	pedu	pedːɯ	LEX	tendão de Aquiles							13/04/2026	
4105	pedu ra	pedu ɾa	LEX	perônio, osso da perna que acompanha a tíbia (ra eta							13/04/2026	
4106	pegadodu	pegadodu	PPASS	estragado, arruinado, prejudicado, envelhecido							13/04/2026	
4107	pegadodurewu	pegaˈdːodːɯˈɾew	S	o que foi estragado							13/04/2026	
4108	pegagodurewu	pegagoduˈɾew	S	o que começa a adoecer, a se estragar, a ficar velho, a se transformar							13/04/2026	
4109	pegagorirewu	pegagoɾiˈɾew	S	excremento duro de minhoca							13/04/2026	
4110	pegaguru	pegaguɾu	LEX	diarréia, disenteria							13/04/2026	
4111	pegagurudo	pegaguˈɾudːʌ	LEX	causar diarréia							13/04/2026	
4112	pegagururewu	pegaguɾuˈɾew	S	aquele que tem diarréia							13/04/2026	
4113	pegarewu	pegaˈɾew	S	o ruim, o mau, o feio, o velho, o doente							13/04/2026	
4114	pegeje	pegedʒːe	ADV	de cócora							13/04/2026	
4115	pegigo	pegigo	LEX	variedade de marimbondo							13/04/2026	
4116	pegodo	peˈgodːʌ	LEX	molhar							13/04/2026	true
4117	pegododu	pegoˈdːodːɯ	PPASS	molhado							13/04/2026	
4118	pegododurewu	pegoˈdːodːɯˈɾew	S	o que foi molhado, batizado							13/04/2026	
4119	pegodudo	pegodːudːʌ	VC	fazer defecar; molhar							13/04/2026	
4120	pegodurewu	pegoduˈɾew	S	o que defeca							13/04/2026	
4121	pegorewu	pegoˈɾew	S	molhado							13/04/2026	
4122	peguga	peguga	LEX	machucada, ferimento							13/04/2026	
4123	pegugado	pegugadːʌ	LEX	machucar, ferir							13/04/2026	
4124	pegugadodu	pegugaˈdːodːɯ	PPASS	machucado, ferido							13/04/2026	
4125	pegugadodurewu	pegugaˈdːodːɯˈɾew	S	o que foi machucado, o que foi ferido							13/04/2026	
4126	pegugarewu	pegugaˈɾew	S	o machucado, o ferido							13/04/2026	
4127	pegurara	peguɾaɾa	LEX	estrangulamento, estreitamento; variedade de formiga que ferroa							13/04/2026	
4128	peguru	peˈguɾu	LEX	intestino		intestino	https://pt.wikipedia.org/wiki/Intestino	https://www.dralexandrecoutinho.com.br/wp-content/uploads/2022/10/Anatomia-do-intestino.png			13/04/2026	true
4129	peguru gigirewu	peguɾu gigiɾew	S	intestino grosso							13/04/2026	
4130	peguru kodoborewu	peguɾu kodoboɾew	S	estômago							13/04/2026	
4131	peja (ou peraporo)	pedʒa	LEX	ânus							13/04/2026	
4132	pekodu	pekodːɯ	LEX	musculatura glútea							13/04/2026	true
4133	pemega	peˈmega	LEX	bondade, saúde, beleza; bem, bom; ser bom, estar bem							13/04/2026	
4134	pemegado	pemeˈgadːʌ	VC	melhorar, curar, embelezar, agradar							13/04/2026	
4135	pemegadoda	pemegaˈdodːa	LEX	lugar onde alguém se arruma, ou prepara para festa							13/04/2026	
4136	pemegadodu	pemegaˈdːodːɯ	PPASS	feito bom, sarado, embelezado, acabado, ordenado, preparado							13/04/2026	
4137	pemegadoduˈrewu	pemegadodːuˈɾew	S	aquele que foi curado, embelezado, ordenado, preparado							13/04/2026	
4138	pemegago	pemeˈgago	VC	começar a melhorar (algo), começar a curar, começar a embelezar							13/04/2026	
4139	pemegagodu	pemegaˈgodːɯ	LEX	bondade incipiente, saúde iminente, beleza incipiente, começar a ser bom, começar a ficar bom							13/04/2026	
4140	pemegagodurewu	pemegagodːuˈɾew	S	aquele que está melhorando, aquele que começa a ficar bonito, ordenado, acabado, preparado							13/04/2026	
4141	pemegarewu	pemegaˈɾew	LEX	aquele que é bom, sadio, belo, acabado, ordenado, preparado							13/04/2026	
4142	penogogo	penogogo	LEX	mamangaba		gênero Bombus	https://pt.wikipedia.org/wiki/Mamangaba				13/04/2026	
4143	pepegeje	pepegedʒːe	LEX	jaçanã		Jacana jacana	https://pt.wikipedia.org/wiki/Jaçanã				13/04/2026	
4144	pera	ˈpeɾa	LEX	região glútea do corpo; parte posterior de qualquer coisa; fundo de um objeto							13/04/2026	
4145	peraˈporo (peja)	ˈpeɾa ˈpoɾo	LEX	ânus							13/04/2026	
4146	perabiji	peɾabidʒi	LEX	para atrás							13/04/2026	
4147	peragadu1	peɾaˈgadːɯ	LEX	abundância, muito, demasiado							13/04/2026	
4148	peragadu2	peɾaˈgadːɯ	LEX	variedade de lobinho							13/04/2026	
4149	peragi	peˈɾagi	POSP	por detràs, atrás de							13/04/2026	
4150	peri	ˈpeɾi	LEX	abundância, arrogância, centelha, faísca, brilho, chispa, fulgor							13/04/2026	
4151	perido	peˈɾidːʌ	LEX	abundar, centelhar, faiscar							13/04/2026	
4152	peridodu	peɾiˈdːodːɯ	LEX	centelha, faísca, abundância							13/04/2026	
4153	perigara	peɾiˈgaɾa	LEX	faca (ver tarigara)							13/04/2026	
4154	perigo	peˈɾigo	LEX	abundar, produzir muito, centelhar, faiscar							13/04/2026	
4155	periperi	peɾiˈpeɾi	LEX	pontinhos, pintinha							13/04/2026	
4156	periperido	peɾipeˈɾidːʌ	LEX	pontilhar, salpicar							13/04/2026	
4157	periperirewu	peɾipeɾiˈɾew	LEX	pontilhado, salpicado							13/04/2026	
4158	perirewu	peɾiˈɾew	S	o abundante, o arrogante, o faiscante, o centelhante, brilhante							13/04/2026	
4159	perodudo	peɾoˈdːudːʌ	LEX	dar pouca importância, menosprezar							13/04/2026	
4160	petori	peˈtoɾi	LEX	encolhimento, encurvamento							13/04/2026	
4161	petorigodu	petoɾiˈgodːɯ	PPASS	encolhido							13/04/2026	
4162	petorirewu	petoɾiˈɾew	LEX	o encolhido							13/04/2026	
4163	pewo (vrt. de pebo)	pewo	LEX	abdômen							13/04/2026	
4164	pewu	pewu	LEX	esforço							13/04/2026	
4165	pewudodu	pewudːodːɯ	PPASS	esforçado							13/04/2026	
4166	pewugo	pewugo	LEX	esforçar							13/04/2026	
4167	pewugodu	pewuˈgodːɯ	LEX	esforço							13/04/2026	
4168	pewugodurewu	pewugoduˈɾew	S	aquele que se esforça							13/04/2026	
4169	pewurewu	pewuˈɾew	S	o esforçado							13/04/2026	
4170	pi1	pi	ADV	logo, imediatamente							13/04/2026	
4171	pi2	pi	LEX	pequenez, miudeza							13/04/2026	
4172	pigi	pigi	LEX	pirilampo		Família: Elateridae, Phengodidae e Lampyridae	https://pt.wikipedia.org/wiki/Vaga-lume	https://upload.wikimedia.org/wikipedia/commons/2/2b/Lampyris_noctiluca.jpg			13/04/2026	
4173	pigigodu	pigiˈgodːɯ	LEX	pequenez, pouquidão, exigüidade							13/04/2026	
4174	pigigodudo	pigigodːudːʌ	VC	fazer pouco, fazer pequeno, diminuir, reduzir							13/04/2026	
4175	pigigodurewu	pigigoduˈɾew	S	o pequeno, o reduzido, o diminuído							13/04/2026	
4176	pigipigi (joku pigipigi)	pigipigi	LEX	pirilampo							13/04/2026	
4177	pijido	pidʒidːʌ	LEX	deixar, abandonar							13/04/2026	
4178	pikiri	pikiɾi	LEX	pequenez, pequeno							13/04/2026	
4179	pinai	pinai	LEX	tesoura							13/04/2026	
4180	pinai atureboe	pinai atuɾeboe	LEX	conchinha usada para aparar os cabelo							13/04/2026	
4181	pinai meriri	pinai meɾiɾi	LEX	tesoura de aço							13/04/2026	
4182	pio1	pio	LEX	cera de abelhas purificada							13/04/2026	
4183	pio2	pio	LEX	cotovelo							13/04/2026	
4184	pio3	pio	LEX	emenda, cotovelo							13/04/2026	
4185	piodudu (pl. piodudue)	piodudu	S	beija-flor		Família: Trochilidae	https://pt.wikipedia.org/wiki/Beija-flor				13/04/2026	
4186	pipi ba	pipi ba	LEX	olho de piolho, lêndea							13/04/2026	
4187	pirire	piɾiɾe	LEX	sagüi							13/04/2026	
4188	pitori	pitoɾi	LEX	pequenez, pequeno							13/04/2026	
4189	pitorido	pitoɾidːʌ	VC	fazer pequeno, diminuir reduzir							13/04/2026	
4190	pitorirewu	pitoɾiˈɾew	LEX	o pequeno							13/04/2026	
4191	po corewu	po tʃoɾew	S	rio Poxoréo que atravessa a cidade homônima, indo se juntar com o Porubi para formar o Pogubo, rio Vermelho							13/04/2026	
4192	po maerewu	po maeɾew	S	grande extensão de água: mar							13/04/2026	
4193	po rurudo	po ɾuɾudo	VC	fazer barulho batendo as água							13/04/2026	
4194	po1	po	LEX	esfericidade, joelho, feixe, aumento, acréscimo							13/04/2026	
4195	po2	po	LEX	água, rio							13/04/2026	
4196	pobe ma jewu metuia bokware	pobe ma dʒewu metuia bokwaɾe	NUM	três							13/04/2026	
4197	pobo	pobo	LEX	água, rio							13/04/2026	
4198	pobo akurewu epa	pobo akuɾew epa	LEX	geladeira, congelador							13/04/2026	
4199	pobo amagadu	pobo amagadu	LEX	onda							13/04/2026	
4200	pobo amagadudo	pobo amagadːodːɯ	VC	produzir onda							13/04/2026	
4201	pobo butugu	pobo butugu	LEX	água parada							13/04/2026	
4202	pobo epa	pobo epa	LEX	mergulhador, pescador							13/04/2026	
4203	pobo gigiri	pobo gigiɾi	LEX	leve ondulação dá água							13/04/2026	
4204	pobo jaredo	pobo dʒaɾedo	LEX	agitar a água							13/04/2026	
4205	pobo jaruru	pobo dʒaɾuɾu	LEX	barulho produzido naturalmente pelas água							13/04/2026	
4206	pobo kana	pobo kana	LEX	afluente							13/04/2026	
4207	pobo pagudu	pobo pagudːɯ	LEX	levíssima ondulação da água							13/04/2026	
4208	pobo pagududo	pobo pagudːodːɯ	VC	ondular levissimamente a água							13/04/2026	
4209	pobo pagudurewu	pobo pagudːɯɾew	S	água levemente ondulada							13/04/2026	
4210	pobo rirewu	pobo ɾiɾew	S	gelo							13/04/2026	
4211	pobo tubegadodu	pobo tubegadodu	LEX	ilha fluvial							13/04/2026	
4212	pobo uru	pobo uɾu	LEX	água quente, nascente de água termal							13/04/2026	
4213	pobodori	pobodoɾi	LEX	batata da capoeira (parecida com cobra)							13/04/2026	
4214	poboguje	pobogudʒːe	LEX	larva							13/04/2026	
4215	pobojare	pobodʒaɾe	LEX	abertura da água, movimento da água quando um peixe aflora ou quando passa uma embarcação							13/04/2026	
4216	pobojari	pobodʒaɾi	LEX	olho d'água							13/04/2026	
4217	poboki	poboki	ADV	rio acima							13/04/2026	
4218	pobore	poboɾe	LEX	correnteza, rápido							13/04/2026	
4219	pobore butu	poboɾe butu	LEX	cascata, cachoeira							13/04/2026	
4220	pobore butu kurirewu	poboɾe butu kuɾiɾew	S	cachoeira de Fumaça no Rio das Morte							13/04/2026	
4221	poborea	poboɾea	LEX	leito secundário ou leito seco de um rio							13/04/2026	
4222	poburewu	pobuˈɾew	S	variedade de urubu							13/04/2026	
4223	poburewu uiorubo	pobuɾew uioɾubo	LEX	arbusto do cerrado usado como remédio mágico preventivo contra qualquer doença							13/04/2026	
4224	pobuto	pobuto	LEX	onda							13/04/2026	
4225	pobutodo	pobutodːʌ	LEX	provocar ondas, encrespar a água							13/04/2026	
4226	pobutorewu	pobutoˈɾew	S	curso d'água encrespada							13/04/2026	
4227	podo (upodo)	podːʌ	LEX	fazer um feixe, fazer um fardo, dobrar, envolver, embrulhar, unir, emendar, abraçar							13/04/2026	
4228	podo1	podːʌ	LEX	colocar água, encher com água							13/04/2026	
4229	podo2	podːʌ	POSP	frente, na frente de							13/04/2026	
4230	pododa	pododːa	LEX	lugar onde se busca água, porto, fim de uma estrada que leva ao rio							13/04/2026	
4231	pododu	poˈdːodːɯ	PPASS	enfeixado, enfardado, dobrado, embrulhado, envolvido, cheio d'água							13/04/2026	
4232	pododurewu	poˈdːodːɯˈɾew	S	aquilo que foi enchido d'água							13/04/2026	
4233	podogeje	podogedʒːe	ADV	em forma de trança							13/04/2026	
4234	podokea	podokea	LEX	dobra da perna							13/04/2026	
4235	podu	podːɯ	LEX	calma, maciez, prudência, cautela, sondagem							13/04/2026	
4236	podudo	podːudːʌ	LEX	acautelar, sondar, acalmar-se, ter prudência							13/04/2026	
4237	podugodu	poduˈgodːɯ	LEX	calma, cautela, prudência, sondagem, perseguição							13/04/2026	
4238	podugodurewu	podugoduˈɾew	S	aquele que age com calma, com prudência, que sonda							13/04/2026	
4239	podurewu	poduˈɾew	LEX	o calmo, o prudente, o cauteloso, o perseguidor							13/04/2026	
4240	poeigaiwu	poeigaiwu	LEX	miúdo							13/04/2026	
4241	poga	poga	LEX	musculatura do vão das perna							13/04/2026	
4242	pogea	pogea	LEX	justaposição							13/04/2026	
4243	pogo	pogo	LEX	anu-branco		Guira guira	https://pt.wikipedia.org/wiki/Anu-branco	https://upload.wikimedia.org/wikipedia/commons/thumb/c/c6/Guirakuckuck_Guira_guira.JPG/960px-Guirakuckuck_Guira_guira.JPG			13/04/2026	
4244	pogodawu	pogodawu	LEX	variedade de inhame comestível							13/04/2026	
4245	pogodori	pogodoɾi	LEX	variedade de tubérculo comestível							13/04/2026	
4246	pogodori uporewu	pogodoɾi upoɾew	S	casa dos &quot;civilizado   LEX&quot;							13/04/2026	
4247	pogoe (pl. de pogo)	pogoe	LEX	anu-branco		Guira guira	https://pt.wikipedia.org/wiki/Anu-branco	https://upload.wikimedia.org/wikipedia/commons/thumb/c/c6/Guirakuckuck_Guira_guira.JPG/960px-Guirakuckuck_Guira_guira.JPG			13/04/2026	
4248	pogoga i	pogoga i	LEX	árvore de cabaça							13/04/2026	
4249	pogora bo	pogoɾa bo	LEX	plumagem das pernas das ave							13/04/2026	
4250	pogorajiwu	pogoɾadʒiwu	LEX	calça	uture toro awu pogorajiwu tabo = foi lá com essa calça (aqui)						13/04/2026	
4251	pogorajiwu torigodu	pogoɾadʒiwu toɾigodu	S	calça, bermuda				https://upload.wikimedia.org/wikipedia/commons/thumb/d/da/Trousers-colourisolated.jpg/500px-Trousers-colourisolated.jpg			13/04/2026	
4252	pogu	pogu	LEX	coisa que dá coceira							13/04/2026	
4253	pogubo	pogubo	LEX	verão							13/04/2026	
4254	pogubo cerewu	pogubo tʃeɾew	S	rio Lourenço							13/04/2026	
4255	poguru	poguɾu	LEX	vergonha, humilhação							13/04/2026	true
4256	pogurudo	poguɾudːʌ	LEX	envergonhar, humilhar, acanhar							13/04/2026	
4257	pogurudodu	poguɾudːodːɯ	PPASS	envergonhado, humilhado, acanhado							13/04/2026	
4258	pogurudodurewu	poguɾudːodːɯˈɾew	S	aquele que foi envergonhado, humilhado; o acanhado							13/04/2026	
4259	pogururewu	poguɾuˈɾew	S	aquele que tem vergonha, o humilhado, o acanhado							13/04/2026	
4260	poido	poidːʌ	LEX	remanso das margens dos rio							13/04/2026	
4261	poiwa	poiwa	LEX	palmito							13/04/2026	
4262	poiwo meriri	poiwo meɾiɾi	LEX	cânula metálica para beber chimarrão							13/04/2026	
4263	pope	pope	LEX	confiança, confiar							13/04/2026	
4264	popeae	popeae	LEX	objeto de confiança, objeto em que se confia							13/04/2026	
4265	pora1	poɾa	LEX	aguapé							13/04/2026	
4266	pora2	poɾa	LEX	região peitoral							13/04/2026	
4267	porai	poɾai	LEX	gorgeira							13/04/2026	
4268	pore	poɾe	LEX	corredeira, correnteza							13/04/2026	
4269	porero	poɾeɾo	LEX	pequeno pote							13/04/2026	
4270	porewu (oporewu uporewu)	poɾew	LEX	feixe							13/04/2026	
4271	pori	poɾi	LEX	pote							13/04/2026	
4272	pori ra	poɾi ɾa	LEX	osso da testa							13/04/2026	
4273	porido	poɾidːʌ	VC	enrolar, arregaçar, encurtar							13/04/2026	
4274	poridodu	poɾiˈdːodːɯ	PPASS	enrolado, arregaçado, encurtado							13/04/2026	
4275	poridodurewu	poɾiˈdːodːɯˈɾew	S	aquilo que foi enrolado, arregaçado, encurtado							13/04/2026	
4276	porigabo	poɾiˈgabo	LEX	pote de médio tamanho							13/04/2026	
4277	porigodu	poɾiˈgodːɯ	VC	encolher (fazer algo diminuir)							13/04/2026	
4278	porigodudo	poɾigoˈdːudːʌ	PPAS	encolhido							13/04/2026	
4279	porigodurewu	poɾigoduˈɾew	LEX	o encolhido							13/04/2026	
4280	porikobo	poɾikobo	LEX	pote de boca larga							13/04/2026	
4281	porira (parira)	poɾiɾa	LEX	flauta de taquarinha							13/04/2026	
4282	porirewu	poɾiˈɾew	S	o enrolado							13/04/2026	
4283	porirogu	poɾiˈɾogu	LEX	pequeno pote							13/04/2026	
4284	poro	poɾo	LEX	buraco, furo, orifício, vão da porta ou da janela							13/04/2026	
4285	porodo	poɾodːʌ	LEX	furar							13/04/2026	
4286	porododa	poɾododːa	LEX	lugar de um buraco, lugar onde algo foi furado							13/04/2026	
4287	porododurewu	poɾoˈdːodːɯˈɾew	S	o furado							13/04/2026	
4288	pororewu	poɾoˈɾew	LEX	o furado							13/04/2026	
4289	poru oto	poɾu oto	LEX	corcunda							13/04/2026	
4290	poru otorewu	poɾu otoɾew	S	o corcunda, o corcovado							13/04/2026	
4291	poruru	poˈɾuɾu	LEX	barulho produzido artificialmente nas águas; água suja							13/04/2026	
4292	porurudodu	poɾuɾuˈdːodːɯ	LEX	barulho produzido batendo a água							13/04/2026	
4293	pu	pu	LEX	esfericidade, arredondado, curva, coxa; reciprocidade, união, reunião							13/04/2026	
4294	pudada	puˈdada	POSP	mistura, misturado							13/04/2026	
4295	pudato	puˈdato	POSP	em seqüência, um após do outro							13/04/2026	
4296	pudo	puˈdːʌ	VC	curvar, dobrar, enrolar Ver mekido							13/04/2026	
4297	pudodu	puˈdːodːɯ	PPASS	curvado, dobrado; o reunido, o ajuntado							13/04/2026	
4298	pudonaji	pudoˈnadʒːi	LEX	um após o outro							13/04/2026	
4299	pudumi	puˈdumi	PRON	forma recíproca: um ao outro							13/04/2026	
4300	pugao	pugao	POSP	entre si	emagor pugao = eles conversam entre si						13/04/2026	
4301	pugo	puˈgodːɯ	LEX	curvar, dobrar, agachar							13/04/2026	
4302	pugodu	pugoduˈɾew	LEX	curva, dobra, agachamento							13/04/2026	
4303	pugodurewu	pugoɾi	S	o que se curva							13/04/2026	
4304	pugori	pugunːo	POSP	além de si, um na frente do outro (ver kori)							13/04/2026	
4305	puguno	puibidʒi	INTJ	indica desprezo; vergonha							13/04/2026	
4306	puibiji	puibidʒi	NUM	quatro							13/04/2026	
4307	pujodo (tubujodo)	pudʒodo	LEX	ajoelhar-se							13/04/2026	
4308	pujoia	pudʒoia	LEX	lugar onde alguém se ajoelha							13/04/2026	
4309	pupu	pupu		assoprar algo (fala com bebê)	pupu akerogu ji = assopra sua comidinha						13/04/2026	
4310	puredu	puɾedːɯ	ADV	perto, proximidade, adjacência, vizinhança; aproximar							13/04/2026	
4311	puredudo	puɾedːudːʌ	LEX	encostar, aproximar, avizinhar							13/04/2026	
4312	puredugodu	puɾeduˈgodːɯ	LEX	proximidade; aproximar-se; estar para terminar							13/04/2026	
4313	puredugodurewu	puɾedugoduˈɾew	S	aquilo que está perto							13/04/2026	
4314	puredurewu	puɾeduˈɾew	S	o próximo, o que está perto, o adjacente							13/04/2026	
4315	rabo	ɾabo	LEX	diminuição, pequenez							13/04/2026	
4316	rabode (vrt. rabodu)	ɾabode	ADV	deveras, em verdade, eis que, talvez							13/04/2026	
4317	rade (vrt. radu)	ɾade	ADV	deveras, em verdade, eis que							13/04/2026	
4318	rado	ɾadːʌ	VC	fazer cantar							13/04/2026	
4319	radodu	ɾaˈdːodːɯ	PPASS	feito cantar							13/04/2026	
4320	radu (vrt. rade)	ɾadu	ADV	deveras, em verdade, eis que							13/04/2026	
4321	raeta ra	ɾaeta ɾa	LEX	tíbia							13/04/2026	
4322	raga (vrt. roga)	ɾaga	ADV	ainda (em orações negativas)							13/04/2026	
4323	ragioro	ɾagioɾo	LEX	abelha mea de vaqueiro							13/04/2026	
4324	rago pega	ɾago pega	LEX	designação de certos graus de parentesco							13/04/2026	
4325	rago1	ɾago	LEX	designação de certos graus de parentesco: nora, sobrinha, prima							13/04/2026	
4326	rago2	ɾago	VC	fazer cantar							13/04/2026	
4327	ragodu	ɾaˈgodːɯ	LEX	cantar	Boe eragodumode apo = os vão cantar com ela						13/04/2026	
4328	ragodudo	ɾagodːudːʌ	VC	fazer cantar							13/04/2026	
4329	ragodurewu	ɾagoduˈɾew	S	cantor							13/04/2026	
4330	ragoja	ɾagodʒːa	LEX	lugar onde se vive, lugar onde algo está em pé							13/04/2026	
4331	ragoje (rakoje)	ɾagodʒːe	LEX	existir, estar em pé, residir, morar, estar vivo							13/04/2026	
4332	rai	ɾai	ADV	comprimento, alto; longe							13/04/2026	
4333	raicigo	ɾaitʃigo	LEX	muito comprido, muito alto	itarire arare = meu cabelo e muito grande						13/04/2026	
4334	raido	ɾaidːʌ	LEX	encompridar, estender, alcançar							13/04/2026	
4335	raidodu	ɾaiˈdːodːɯ	PPASS	encompridado, alongado, estendido							13/04/2026	
4336	raidodurewu	ɾaiˈdːodːɯˈɾew	S	aquilo que foi encompridado, que foi, alongado, que foi estendido							13/04/2026	
4337	raigiri	ɾaiˈgiɾi	ADV	por muito tempo							13/04/2026	
4338	raigodu	ɾaiˈgodːɯ	LEX	comprimento, altura, crescimento							13/04/2026	
4339	raigodurewu	ɾaigoduˈɾew	S	aquilo que foi o encompridado que foi alongado, feito crescer							13/04/2026	
4340	raipo	ɾaipo	LEX	muito alto							13/04/2026	
4341	rairewu	ɾaiˈɾew	LEX	o comprido, o alto, o crescido							13/04/2026	
4342	rakado	ɾakadːʌ	VC	fortalecer, robustecer, aturar, acelerar							13/04/2026	
4343	rakado (rakapo)	ɾakapo	LEX	reforçarm fortalecer							13/04/2026	
4344	rakadodu	ɾakaˈdːodːɯ	PPASS	fortalecido, robustecido, acelerado							13/04/2026	
4345	rakadodurewu	ɾakaˈdːodːɯˈɾew	S	o que foi robustecido, o que foi feito resistente, o que foi acelerado							13/04/2026	
4346	rakagirikarewu	ɾakagiɾikaˈɾew	LEX	fraco							13/04/2026	
4347	rakagodu	ɾakaˈgodːɯ	LEX	força incipiente, firmeza incipiente, resistência incipiente; começar a ficar duro, difícil, firme							13/04/2026	
4348	rakagodudo	ɾakagodːudːʌ	VC	começar a fazer forte, começar a firmar, a ter resistência							13/04/2026	
4349	rakagodurewu	ɾakagoduˈɾew	S	aquilo que começa a ficar forte, resistente, firme							13/04/2026	
4350	rakapodo	ɾakapodːʌ	LEX	fortalecer							13/04/2026	
4351	rakaporewu	ɾakapoˈɾew	S	o mais forte, o mais resistente, o mais firme							13/04/2026	
4352	rakarewu	ɾakaˈɾew	LEX	o (que é) forte, robusto, resistente, firme							13/04/2026	
4353	rakedu	ɾakedːɯ	LEX	magreza; emagrecer							13/04/2026	
4354	rakedudo	ɾakedːudːʌ	VC	fazer emagrecer							13/04/2026	
4355	rakedugo	ɾakedugo	VC	começar a fazer emagrecer							13/04/2026	
4356	rakedugodu	ɾakeduˈgodːɯ	LEX	começar a emagrecer							13/04/2026	
4357	rakedugodurewu	ɾakedugoduˈɾew	S	aquele que começa a emagrecer							13/04/2026	
4358	rakedurewu	ɾakeduˈɾew	S	o (que é) magro							13/04/2026	
4359	raki	ɾaki	LEX	magreza, magro							13/04/2026	
4360	rakicaru	ɾakitʃaɾu	LEX	muito magro, emagrecer muito							13/04/2026	
4361	rakicarugogo	ɾakitʃaɾugogo	LEX	muito magro, muito seco							13/04/2026	
4362	rakicarurewu	ɾakitʃaɾuˈɾew	LEX	o que é muito magro							13/04/2026	
4363	rakigo	ɾakigo	LEX	emagrecer	aredo rakedure= mulher emagreceu						13/04/2026	
4364	rakigodu	ɾakiˈgodːɯ	LEX	começar a emagrecer							13/04/2026	
4365	rakirewu	ɾakiˈɾew	LEX	o magro							13/04/2026	
4366	rakiwore	ɾakiˈwoɾe	LEX	o magro							13/04/2026	
4367	rakoja	ɾaˈkodʒːa	LEX	lugar onde alguém está, morada, lugar de espera							13/04/2026	
4368	rakoje	ɾaˈkodʒːe	LEX	estar em pé, morar, estar vivo							13/04/2026	
4369	rakojedo	ɾakoˈdʒedːʌ	VC	colocar em pé, fazer morar							13/04/2026	
4370	rakojerewu	ɾakodʒeˈɾew	S	aquele que existe, que está em pé, o morador							13/04/2026	
4371	rakudu	ɾaˈkudːɯ	ADV	talvez							13/04/2026	
4372	rarewu	ɾaˈɾew	S	cantor	cabitao uramode awuji = chefe d cultura vai cantar hoje						13/04/2026	
4373	rarudoge	ɾaɾudoge	LEX	folha   LEX							13/04/2026	
4374	rawudu rawudu	ɾawudu ɾawudu	ADV	sempre assim							13/04/2026	
4375	rawuje	ɾawɯdʒːe	VT	descer, retirar, colher, debulhar							13/04/2026	
4376	rawujeda	ɾawɯdʒedːa	LEX	lugar de descida, lugar de colheita							13/04/2026	
4377	rawujedu	ɾawɯdʒedːɯ	PPART	descido, retirado, colhido							13/04/2026	
4378	rawujedurewu	ɾawudʒeduˈɾew	S	o descido, o colhido							13/04/2026	
4379	re	ɾe	LEX	corrida, movimento, trilho, batida, caminho, correnteza; correr							13/04/2026	
4380	reá	ɾeˈa	LEX	tatuetê, tatu-galinha							13/04/2026	
4381	rea (ou reia)	ˈɾea	LEX	movimento, caminho, trilho, batida, pista para corrida							13/04/2026	
4382	reado	ɾeadːʌ	LEX	trilhar, perseguir							13/04/2026	
4383	readodu	ɾeaˈdːodːɯ	LEX	trilho, perseguição, narrar, contar							13/04/2026	
4384	readodudo	ɾeadodːudːʌ	VC	fazer narrar, fazer contar, fazer trilhar, fazer perseguir							13/04/2026	
4385	readodurewu	ɾeaˈdːodːɯˈɾew	S	o que narra, aquele que conta, aquele que rasteja, que persegue,							13/04/2026	
4386	reai	ɾeai	POSP	atrás de							13/04/2026	
4387	rearewu	ɾeaˈɾew	S	fuga							13/04/2026	
4388	rebo	ɾebo	LEX	plumagem feia, plumagem desgrenhada							13/04/2026	
4389	rebogo	ɾebogo	LEX	desgrenhar a plumagem							13/04/2026	
4390	rebogodu	ɾeboˈgodːɯ	LEX	plumagem desgrenhada							13/04/2026	
4391	rebogodudo	ɾebogodːudːʌ	LEX	fazer desgrenhar a plumagem							13/04/2026	
4392	rebogodudo	ɾebogodːudːʌ	VC	fazer desgrenhar a plumagem							13/04/2026	
4393	rebogodurewu	ɾebogoduˈɾew	S	ave que começa a ter plumagem desgrenhada							13/04/2026	
4394	reborewu	ɾeboˈɾew	S	ave com plumagem desgrenhada							13/04/2026	
4395	redo	ɾedːʌ	VC	derramar, fazer correr, fazer rolar, mover, carregar							13/04/2026	
4396	redoda	ɾedodːa	LEX	lugar onde se rola algo, lugar de movimento							13/04/2026	
4397	redodu	ɾeˈdːodːɯ	PPASS	rolado, rodado							13/04/2026	
4398	redodurewu	ɾeˈdːodːɯˈɾew	S	aquilo que foi feito rolar ou rodar, o que foi derramado							13/04/2026	
4399	redu	ɾedːɯ	LEX	movimento, mexida, rotação							13/04/2026	
4400	redudu	ɾedudːɯ	LEX	evaporar							13/04/2026	
4401	redugodu	ɾeduˈgodːɯ	LEX	vergonha, ter vergonha, ficar envergonhado							13/04/2026	
4402	redugodudo	ɾedugodːudːʌ	LEX	envergonhar							13/04/2026	
4403	redugodurewu	ɾedugoduˈɾew	S	o que passa vergonha							13/04/2026	
4404	reia (cf. rea)	ɾeia	LEX	estrada, caminho							13/04/2026	
4405	reko (rekodu)	ɾeko	LEX	correr							13/04/2026	true
4406	reko1	ɾeko	LEX	papagaio verdadeiro. Ver korao.	reko o moture  = traira  e bonito						13/04/2026	
4407	reko2	ɾeko	LEX	traíra (peixe)							13/04/2026	
4408	rekoda	ɾekodːa	LEX	lugar de corrida, lugar de fuga							13/04/2026	
4409	rekodu	ɾekodːɯ	LEX	corrida, fuga; correr, fugir							13/04/2026	
4410	rekodudo	ɾekodːudːʌ	VC	fazer correr, afugentar							13/04/2026	
4411	rekodugodu	ɾekoduˈgodːɯ	LEX	corrida iminente, fuga iminente; estar para correr							13/04/2026	
4412	rekodugodurewu	ɾekodugoduˈɾew	S	aquele que está para correr							13/04/2026	
4413	rekudo (pl. rekudoe)	ɾekodugoduɾew	LEX	surubim chicote		Sorubimichthys planiceps		https://upload.wikimedia.org/wikipedia/commons/thumb/e/e8/Firewood_catfish.jpg/500px-Firewood_catfish.jpg			13/04/2026	
4414	remagudae	ɾemagudae	LEX	medida, conta							13/04/2026	
4415	remagudu	ɾemagudːɯ	LEX	cômputo, conta, medida, peso; medido, contado, pesado							13/04/2026	
4416	remagududo	ɾemagudːudːʌ	VC	fazer contar, fazer medir, fazer pesar							13/04/2026	
4417	remagudurewu	ɾemagudːɯˈɾew	S	aquele que foi contado, medido							13/04/2026	
4418	remawu	ɾemawu	LEX	importante; mesmo, realmente; realidade, certeza;							13/04/2026	
4419	remodugo	ɾemodugo	VC	fazer entrar, fazer penetrar							13/04/2026	
4420	remodugodu	ɾemoduˈgodːɯ	PPASS	feito entrar, feito penetrar							13/04/2026	
4421	remodurewu	ɾemoduˈɾew	S	aquele que foi feito entrar							13/04/2026	
4422	reo	ɾeo	LEX	luta; tureo mugudo (atacar); tareodo pui (lutem entre si							13/04/2026	
4423	reo mugudo	ɾeo mugudo	VC	atacar (dos peixes							13/04/2026	
4424	reo mugudu	ɾeo mugudːɯ	LEX	barulho produzido pelos peixes ao redor de uma isca							13/04/2026	
4425	reodo	ɾeodːʌ	VC	fazer lutar							13/04/2026	
4426	reododu	ɾeoˈdːodːɯ	PPASS	feito lutar							13/04/2026	
4427	reododurewu	ɾeoˈdːodːɯˈɾew	S	aquele que foi feito lutar							13/04/2026	
4428	reodoge	ɾeodoge	LEX	cardume							13/04/2026	
4429	reogodu	ɾeoˈgodːɯ	LEX	luta incipiente,							13/04/2026	
4430	reogodurewu	ɾeogoduˈɾew	S	aquele que começa a lutar							13/04/2026	
4431	reorewu1	ɾeoˈɾew	LEX	o semelhante, o parecido							13/04/2026	
4432	reorewu2	ɾeoˈɾew	S	o lutador							13/04/2026	
4433	rerewu	ɾeˈɾew	S	corredor							13/04/2026	
4434	rerudo	ɾeɾudːʌ	VC	fazer dançar							13/04/2026	
4435	rerudodu	ɾeɾudːodːɯ	PPASS	feito dançar							13/04/2026	
4436	rerugo	ɾeɾugo	VC	fazer dançar							13/04/2026	
4437	rerugodu	ɾeɾuˈgodːɯ	LEX	dança iminente, dança incipiente							13/04/2026	
4438	rerugodurewu	ɾeɾugoduˈɾew	S	aquele que começa a dançar							13/04/2026	
4439	reruia	ɾeɾuia	LEX	lugar de dança, canto de dança							13/04/2026	
4440	reruia epa	ɾeɾuia epa	LEX	indivíduo que prepara o lugar da dança, chefe de dança							13/04/2026	
4441	rerurewu	ɾeɾuˈɾew	S	dançarino							13/04/2026	
4442	retu	ɾetu	LEX	rodeio, rodopio: rodar: reture (rodou							13/04/2026	
4443	retudo	ɾetudːʌ	LEX	fazer rodar, fazer rolar							13/04/2026	
4444	retudodu	ɾetudːodːɯ	PPASS	feito rodar, feito rolar,							13/04/2026	
4445	retugo	ɾetugo	VC	fazer rodar, fazer rolar							13/04/2026	
4446	returewu	ɾetuˈɾew	S	aquele, ou aquilo que rodou, que rolou, que rodopiou							13/04/2026	
4447	returudo	ɾetuɾudːʌ	LEX	mandar convite, convidar							13/04/2026	
4448	ria	ɾia	LEX	ângulo interno, canto, recanto							13/04/2026	
4449	riado	ɾiadːʌ	LEX	fazer ângulo (fechar as paredes da casa							13/04/2026	
4450	riadodu	ɾiaˈdːodːɯ	PPASS	fechado , feitos os ângulos interno							13/04/2026	
4451	riadodurewu	ɾiaˈdːodːɯˈɾew	S	aquilo que foi fechado							13/04/2026	
4452	riagodu	ɾiaˈgodːɯ	LEX	fechamento iminente							13/04/2026	
4453	riagodurewu	ɾiagoduˈɾew	S	aquilo que está para ser fechado							13/04/2026	
4454	riarewu	ɾiaˈɾew	LEX	aquilo que possui ângulos interno							13/04/2026	
4455	riboarewu	ɾiboaˈɾew	S	abóbora							13/04/2026	
4456	rico	ɾitʃːo	LEX	altura, crescimento; crescer; ser alto							13/04/2026	
4457	ricodu	ɾitʃodːɯ	LEX	altura, crescimento; crescer, ficar alto							13/04/2026	
4458	ricodudo	ɾitʃodːudːʌ	LEX	fazer crescer, criar, educar							13/04/2026	
4459	ricodugo	ɾitʃodugo	VC	fazer crescer							13/04/2026	
4460	ricodugodu	ɾitʃoduˈgodːɯ	LEX	estar crescendo							13/04/2026	
4461	ricodurewu	ɾitʃoduˈɾew	S	aquele que cresceu							13/04/2026	
4462	ricorewu	ɾitʃoˈɾew	S	o alto, o crescido							13/04/2026	
4463	ridobo	ɾidobo	LEX	concavidade, convexidade							13/04/2026	
4464	ridobodo	ɾidobodːʌ	VC	fazer concavidade, abaular							13/04/2026	
4465	ridobogo	ɾidobogo	VC	fazer concavidade, abaular							13/04/2026	
4466	ridoborewu	ɾidoboˈɾew	S	o côncavo, o convexo							13/04/2026	
4467	ridurewu	ɾiduˈɾew	S	o enviado, o remetido, o despachado							13/04/2026	
4468	rie	ɾie	LEX	lobo guará	boe pegarewure rie rema =  o lobo guará e perigoso	Chrysocyon brachyurus	https://pt.wikipedia.org/wiki/Lobo-guará	https://upload.wikimedia.org/wikipedia/commons/thumb/a/a3/Lobo_Guará_andando.jpg/960px-Lobo_Guará_andando.jpg			13/04/2026	
4469	rigobo	ɾigobo	LEX	coxo, aleijado, defeituoso físico							13/04/2026	
4470	rigobodo	ɾigobodːʌ	LEX	tornar coxo, aleijar, assentar mal um objeto esferoidal							13/04/2026	
4471	rigoborewu	ɾigoboˈɾew	LEX	o coxo, o aleijado, o defeituoso							13/04/2026	
4472	rikarewu	ɾikaˈɾew	S	aquilo que tem porções endurecidas, brocado (falando de frutas)							13/04/2026	
4473	riki	ɾiki	LEX	verdade, sinceridade							13/04/2026	
4474	rikirewu	ɾikiˈɾew	LEX	o verdadeiro, o sincero, o excelente							13/04/2026	
4475	riri	ɾiɾi	LEX	calor, estar quente: ririre (está quente							13/04/2026	
4476	rirido	ɾiɾidːʌ	LEX	aquecer, esquentar, animar							13/04/2026	
4477	riridodu	ɾiɾiˈdːodːɯ	PPASS	aquecido, esquentado							13/04/2026	
4478	riridodurewu	ɾiɾiˈdːodːɯˈɾew	S	o que foi aquecido, esquentado							13/04/2026	
4479	ririgo	ɾiɾigo	LEX	aquecer, esquentar, animar							13/04/2026	
4480	ririgo	ɾiɾigo	LEX	remexer							13/04/2026	
4481	ririgodu	ɾiɾiˈgodːɯ	LEX	calor incipiente, começar a esquentar							13/04/2026	
4482	ririgodudo	ɾiɾigodːudːʌ	LEX	remexer, revirar							13/04/2026	
4483	ririgodurewu	ɾiɾigoduˈɾew	S	aquele ou aquilo que começa a esquentar; aquilo que foi remexido							13/04/2026	
4484	rirudo	ɾiɾudːʌ	LEX	produzir fogo por atrito							13/04/2026	
4485	rirugodu	ɾiɾuˈgodːɯ	LEX	produção iminente de fogo por atrito							13/04/2026	
4486	rito	ɾito	LEX	tucum do cerrado							13/04/2026	
4487	ritu	ɾitu	LEX	carregamento de coisas alheias, ajuda, auxílio; sair ao encontro para auxiliar							13/04/2026	
4488	ritudo	ɾitudːʌ	VC	fazer auxiliar, fazer ajudar, mandar ao encontro para ajudar							13/04/2026	
4489	riturewu	ɾituˈɾew	S	aquele que ajuda							13/04/2026	
4490	riwodo	ɾiwodːʌ	LEX	inhambxororó (ave							13/04/2026	
4491	riwudu	ɾiwudːɯ	LEX	entrecasca de certas árvores trabalhada e usada para carregar pesos, embira de carregar bakité							13/04/2026	
4492	riwududo	ɾiwudːudːʌ	LEX	preparar uma embira para carregar peso							13/04/2026	
4493	riwudurewu	ɾiwuduˈɾew	S	aquilo que se carrega com embira							13/04/2026	
4494	ro jaku	ɾiwuduɾew	LEX	boas maneiras, boa educação							13/04/2026	
4495	ro1	ɾɔ	LEX	ação, atividade, alacridade, façanha; fazer							13/04/2026	
4496	rodo1	ɾodːʌ	LEX	dar sabor, perfumar							13/04/2026	
4497	rodo2	ɾodːʌ	VC	fazer cheiroso, fazer perfumado, fazer gostoso, dar sabor, dar gosto							13/04/2026	
4498	rodo3	ɾodːʌ	LEX	mandar fazer							13/04/2026	
4499	rodo4	ɾodːʌ	VC	fazer cheiroso, fazer perfumado, fazer gostoso, dar sabor, dar gosto							13/04/2026	
4500	rododu	ɾoˈdːodːɯ	PPASS	feito cheiroso, feito gostoso, feito perfumado, feito agir							13/04/2026	
4501	rododuiwado	ɾododuiwadːʌ	LEX	orientar, dirigir							13/04/2026	
4502	rododurewu	ɾoˈdːodːɯˈɾew	S	aquilo que foi feito cheiroso, gostoso, perfumado							13/04/2026	
4503	roga (vrt. raga)	ɾododuɾew	ADV	ainda (usado em orações negativas)							13/04/2026	
4504	rogodu1	ɾoˈgodːɯ	LEX	ação incipiente							13/04/2026	
4505	rogodu2	ɾoˈgodːɯ	LEX	começar a cheirar							13/04/2026	
4506	rogodurewu	ɾogoduˈɾew	S	aquilo que começa a cheirar							13/04/2026	
4507	rogu	ɾogu	SUF	indicador de diminutivo							13/04/2026	
4508	roguge	ɾoguge	LEX	saúva, tanajura							13/04/2026	
4509	rogurewu	ɾoguˈɾew	LEX	o pequeno, o bonito, o simpático							13/04/2026	
4510	roguro	ɾoguɾo	LEX	água avermelhada							13/04/2026	
4511	roia1	ɾoia	LEX	ação, modo de fazer; tradição, costume							13/04/2026	
4512	roia2	ɾoia	LEX	canto							13/04/2026	
4513	roiao	ɾoiao	LEX	calúnia, intriga							13/04/2026	
4514	roiaodo	ɾoiaodːʌ	VC	caluniar, intrigar							13/04/2026	
4515	roiaododu	ɾoiaoˈdːodːɯ	PPASS	caluniado, intrigado							13/04/2026	
4516	roiaododurewu	ɾoiaoˈdːodːɯˈɾew	S	aquele que foi caluniado, acusado em falso							13/04/2026	
4517	roiaorewu	ɾoiaoˈɾew	S	caluniador							13/04/2026	
4518	roiwa	ɾoiwa	LEX	poder, possibilidade, tolerância							13/04/2026	
4519	roiwado	ɾoiwadːʌ	VC	fazer ter possibilidade, dar jeito, dirigir, orientar							13/04/2026	
4520	roiwarewu	ɾoiwaˈɾew	S	aquele que pode, que sabe, que tem jeito, que tolera							13/04/2026	
4521	rojai	ɾodʒai	LEX	ordem, mandamento, envio; mandar, enviar							13/04/2026	
4522	rojaido	ɾodʒaidːʌ	LEX	ordenar, mandar, comandar							13/04/2026	
4523	rojaidodu	ɾodʒaiˈdːodːɯ	PPASS	mandado, enviado, ordenado, comandado							13/04/2026	
4524	rojaidodurewu	ɾodʒaiˈdːodːɯˈɾew	S	aquele que foi mandado, enviado, ordenado							13/04/2026	
4525	rojowai	ɾodʒowai	LEX	perseverância, constância, paciência; perseverar							13/04/2026	
4526	rojowaido	ɾodʒowaidːʌ	VC	perseverar, fazer com constância							13/04/2026	
4527	rojowaigo	ɾodʒowaigo	VC	perseverar, fazer com constância							13/04/2026	
4528	rojowairewu	ɾodʒowaiˈɾew	S	o perseverante, o constante							13/04/2026	
4529	rokirimi	ɾokiɾimːi	LEX	vingar							13/04/2026	
4530	rokirimida	ɾokiɾimidːa	LEX	lugar de vingança							13/04/2026	
4531	rokirimido	ɾokiɾimidːʌ	VC	fazer vingar							13/04/2026	
4532	rokirimidodu	ɾokiɾimiˈdːodːɯ	PPASS	vingado							13/04/2026	
4533	roko (pl. rokoe)	ɾoko	LEX	mau cheiro, arroto, insistência		"Género:	Prochilodus"	https://pt.wikipedia.org/wiki/Curimbatá	https://upload.wikimedia.org/wikipedia/commons/5/55/Prochilodus_lineatus.jpg			13/04/2026	
4534	rokodo	ɾokodːʌ	LEX	arrotar, insistir							13/04/2026	
4535	rokogo	ɾokogo	LEX	arrotar, insistir							13/04/2026	
4536	rokogodu	ɾokoˈgodːɯ	LEX	arroto iminente, começar a insistir							13/04/2026	
4537	rokogodurewu	ɾokogoduˈɾew	S	aquele que começa a arrotar, a insistir							13/04/2026	
4538	rokorewu	ɾokoˈɾew	S	aquele que arrota, que insiste							13/04/2026	
4539	rokowoda	ɾokowodːa	LEX	lugar onde se brinca; brinquedo							13/04/2026	
4540	rokowodu	ɾokowodːɯ	LEX	brincadeira com movimento; brincar animadamente							13/04/2026	
4541	rokowodudo	ɾokowodːudːʌ	VC	fazer brincar animadamente							13/04/2026	
4542	rokowodugo	ɾokowodugo	VC	fazer brincar animadamente							13/04/2026	
4543	rokowodugodu	ɾokowoduˈgodːɯ	LEX	brinquedo incipiente							13/04/2026	
4544	rokowodurewu	ɾokowoduˈɾew	S	aquele que brinca							13/04/2026	
4545	rokudu	ɾokudːɯ	LEX	esforço, dificuldade							13/04/2026	
4546	roreboe1	ɾoɾeboe	LEX	coragem							13/04/2026	
4547	roreboe2	ɾoɾeboe	LEX	perfume, baunilha, cheiro agradável							13/04/2026	
4548	roredu	ɾoɾedːɯ	LEX	brincar, divertise							13/04/2026	
4549	roredudo	ɾoɾedːudːʌ	VC	fazer brincar, fazer divertir							13/04/2026	
4550	roredugo	ɾoɾedugo	VC	fazer brincar, fazer divertir							13/04/2026	
4551	roredugodu	ɾoɾeduˈgodːɯ	LEX	brincadeira incipiente, começar a brincar, começar a se divertir							13/04/2026	
4552	roredugodurewu	ɾoɾedugoduˈɾew	S	aquele que começa a brincar, a se divertir							13/04/2026	
4553	roredurewu	ɾoɾeduˈɾew	S	aquele que brinca, que se diverte							13/04/2026	
4554	rorewu1	ɾoˈɾew	LEX	o cheiroso, o perfumado, o gostoso							13/04/2026	
4555	rorewu2	ɾoˈɾew	S	caçador, pescador, o ativo, trabalhador							13/04/2026	
4556	rori	ɾoɾi	LEX	cobrir, estar por cima							13/04/2026	
4557	rorido	ɾoɾidːʌ	LEX	colocar por cima, cobrir							13/04/2026	
4558	rorigi	ɾoɾigi	LEX	ornamentação (da cesta funerária)							13/04/2026	
4559	rorigido	ɾoɾigidːʌ	LEX	ornamentar (a cesta funerária)							13/04/2026	
4560	rorigirewu	ɾoɾigiˈɾew	S	tingido de urucu							13/04/2026	
4561	rorogodu	ɾoɾoˈgodːɯ	LEX	sujeira, imundície; estar sujo, ficar sujo							13/04/2026	
4562	rorogodudo	ɾoɾogodːudːʌ	LEX	sujar							13/04/2026	
4563	rorogodugodu	ɾoɾogoduˈgodːɯ	LEX	começar a ficar sujo							13/04/2026	
4564	rorogodurewu	ɾoɾogoduˈɾew	S	o sujo, o imundo							13/04/2026	
4565	roto	ɾoto	LEX	retirada, descobrimento, dispersão, esparrame							13/04/2026	
4566	rotorero	ɾotoɾeɾo	LEX	procura							13/04/2026	
4567	rotorerogo	ɾotoɾeɾogo	LEX	catar, procurar							13/04/2026	
4568	rotorerogodu	ɾotoɾeɾoˈgodːɯ	LEX	procura incipiente							13/04/2026	
4569	rotorerorewu	ɾotoɾeɾoˈɾew	S	o que cata algo							13/04/2026	
4570	rotu	ɾotu	LEX	barro, argila para cerâmica							13/04/2026	
4571	rotu kuru (rotuguru)	ɾotu kuɾu	LEX	lama, lamaçal							13/04/2026	
4572	ru ba	ɾu ba	S	lugar onde se acende fogo							13/04/2026	
4573	ru para kujagu	ɾu paɾa kudʒagu	LEX	variedade de rã, sapo							13/04/2026	
4574	rubaru (urubaru)	ɾubaɾu	LEX	linha do horizonte							13/04/2026	
4575	ruberi (uruberi)	ɾubeɾi	LEX	centelha, faísca							13/04/2026	
4576	ruberirewu (uruberireu)	ɾubeɾiɾew	LEX	faiscante, brilhante							13/04/2026	
4577	ruda (uruda)	ɾuda	LEX	lugar onde se assa algo							13/04/2026	
4578	rudo (urudo)	ɾudo	LEX	aquecer, esquentar							13/04/2026	
4579	rudoda (urudoda)	ɾudoda	LEX	lugar onde se esquenta, onde se aquece							13/04/2026	
4580	rudodu	ɾudːodːɯ	PPASS	aquecido, esquentado							13/04/2026	
4581	rugadu	ɾugadːɯ	ADV	somente, mesmo, está certo, assim mesmo, suficiente							13/04/2026	
4582	rugo	ɾugo	VC	altercar, fazer brigar							13/04/2026	
4583	rugo	ɾugo	LEX	mau cheiro							13/04/2026	
4584	rugodudo	ɾugodːudːʌ	VC	fazer brigar							13/04/2026	
4585	rugodurewu	ɾugoduˈɾew	S	aquilo que está para acender-se, aquele que briga							13/04/2026	
4586	rugu (urugu)	ɾugu	LEX	resplendor, beleza, brilho, luz, glória							13/04/2026	
4587	rugudo (urugudo)	ɾugudo	LEX	acender a luz, avivar o fogo, iluminar							13/04/2026	
4588	rugudodu	ɾugudːodːɯ	PPASS	iluminado, fogo avivado, luz acesa							13/04/2026	
4589	rugudodurewu	ɾugudːodːɯˈɾew	S	aquilo que foi iluminado, fogo que foi avivado							13/04/2026	
4590	rugurewu	ɾuguˈɾew	LEX	o iluminado, o aceso, o vermelho, resplandecente, que alumia							13/04/2026	
4591	ruguri	ɾuˈguɾi	LEX	faixa íntima da mulher, calcinha							13/04/2026	
4592	ruke bakuri	ɾuke bakuɾi	LEX	mosca varejeira							13/04/2026	
4593	ruko	ɾuko	LEX	mau cheiro, catinga							13/04/2026	
4594	rukodo	ɾuˈkodːʌ	VC	fazer cheirar mal							13/04/2026	
4595	rukododu	ɾukoˈdːodːɯ	PPASS	feito cheirar mal							13/04/2026	
4596	rukogo	ɾukogo	VC	fazer cheirar mal							13/04/2026	
4597	rukogodu	ɾukoˈgodːɯ	LEX	começar a cheirar mal							13/04/2026	
4598	rukoiarewu	ɾukoiaˈɾew	S	forma usada para insultar: fedorento							13/04/2026	
4599	rumaga	ɾumaga	LEX	jatoba de cerrado							13/04/2026	
4600	rumaga i	ɾumaga i	LEX	jatobá do cerrado							13/04/2026	
4601	rurae	ɾuɾae	LEX	trabalhos manuai							13/04/2026	
4602	ruraedo	ɾuɾaedːʌ	VC	fazer trabalho manual							13/04/2026	
4603	ruraerewu	ɾuɾaeˈɾew	LEX	hábil, trabalhador							13/04/2026	
4604	rurewu	ɾuˈɾew	S	variedade de peixe de tamanho médio: peixpalmito							13/04/2026	
4605	rurewu (urureu)	ɾuɾew	LEX	o quente, o assado							13/04/2026	
4606	rurugo	ɾuɾugo	LEX	mexer, explorar							13/04/2026	
4607	rururewu	ɾuɾuˈɾew	LEX	mexido, sujo							13/04/2026	
4608	ta	ta	VT	arrancar, extrair, sair Ver tawuje;							13/04/2026	
4609	ta kudu	ta kudu	LEX	sal							13/04/2026	
4610	ta=	ta	IP	2a pessao do plural: vós, vos, vosso(a/s), vocês, de vocês							13/04/2026	
4611	tabae	tabae	LEX	indivíduo de raça negra (obsoleto)							13/04/2026	
4612	tabo	tabo	POSP	com (instrumental)							13/04/2026	
4613	taboguru	taboguɾu	LEX	buritizal							13/04/2026	
4614	taci	tatʃːi	ADV	indica rapidez							13/04/2026	
4615	tada	tadːa	POSP	dentro de	toro boe tada = lá no mato						13/04/2026	true
4616	tada	tadːa	POSP	em, dentro de							13/04/2026	true
4617	tadari kugu	tadaɾi kugu	LEX	mingau de batata da terra							13/04/2026	
4618	tadari toro	tadaɾi toɾo	LEX	bolo de batata da terra							13/04/2026	
4619	tadari umana	tadaɾi umana	LEX	tipo de batata da terra maior do que tadari							13/04/2026	
4620	Tadarimana	Tadaɾimanːa	LEX	tipo de batata grande; rio Tadarimana: afluente esquerdo do Pogubo, rio Vermelho; Reserva Bororo na margem esquerda do rio Tadarimana; Aldeia Bororo na margem esquerda do rio Tadarimana							13/04/2026	
4621	tadawu	tadawu	LEX	o que está dentro							13/04/2026	
4622	tado	tadːʌ	LEX	ver, procurar, observar							13/04/2026	
4623	tagara	tagaɾa	LEX	antebraço							13/04/2026	
4624	tago	tago	LEX	reunise							13/04/2026	
4625	tagokagado	tagokagadːʌ	LEX	ensaiar, experimentar							13/04/2026	
4626	tai	tai	LEX	jacarandá							13/04/2026	
4627	taiado	taiadːʌ	LEX	cercar, rodear, girar ao redor							13/04/2026	
4628	takorewu	takoˈɾew	S	cana de açúcar							13/04/2026	
4629	takorewu kuru	takoɾew kuɾu	LEX	melado, garapa de cana							13/04/2026	
4630	tamo (pl. tamoe)	tamo	LEX	variedade de arraia grande							13/04/2026	
4631	tano (pl. tane)	tano	LEX	quero-quero		Vanellus chilensis	https://pt.wikipedia.org/wiki/Quero-quero	https://upload.wikimedia.org/wikipedia/commons/thumb/4/42/Southern_Lapwing_-_Indaiatuba%2C_SP%2C_BR.jpg/500px-Southern_Lapwing_-_Indaiatuba%2C_SP%2C_BR.jpg			13/04/2026	
4632	taora tugu	taoɾa tugu	LEX	mergulhar							13/04/2026	
4633	tapira	tapiɾa	S	vaca							13/04/2026	
4634	tapira aredu	tapiɾa aɾedu	LEX	vaca							13/04/2026	
4635	tapira epa	tapiɾa epa	LEX	vaqueiro							13/04/2026	
4636	tapira imedu	tapiɾa imedu	LEX	boi							13/04/2026	true
4637	tapira mokuro kuru	tapiɾa mokuɾo kuɾu	LEX	leite de vaca							13/04/2026	
4638	tara	taɾa	LEX	fruta de angelim							13/04/2026	
4639	taraiga	taɾaiga	LEX	remo; lasca de angelim							13/04/2026	
4640	tarigarogu	taɾigaˈɾogu	LEX	faquinha, punhal							13/04/2026	
4641	taru	taɾu	LEX	fruta de veado							13/04/2026	
4642	taru	taɾu	LEX	salto, pulo, saída, afastamento, fuga, libertação, adiantamento; saltar, pular, sair, afastar-se, adiantar-se							13/04/2026	
4643	tarudu	taɾudːɯ	LEX	fuga, saída, afastamento, libertação adiamento							13/04/2026	
4644	tawie	tawie	LEX	gaivota; variedade de gaviãozinho							13/04/2026	
4645	tawujeda	tawudʒedːa	LEX	lugar de extração, de saída, de representação, de cultivo							13/04/2026	
4646	tawujedu	tawudʒedːɯ	LEX	representação							13/04/2026	
4647	tawujedurewu	tawudʒeduˈɾew	S	aquilo que foi extraído, que foi representado, que foi feito sair, que foi apartado, que foi arrancado							13/04/2026	
4648	to	to	LEX	fazer, fabricar, criar	ure nowu kobo boe to = ele fez as coisas restantes						13/04/2026	
4649	to	tɔ	POSP	em, dentro, para dentro de							13/04/2026	
4650	to	tɔ	LEX	bater	ure jerigi to moto to boe co ji = à noite ele bateu a lenha no chão						13/04/2026	
4651	to jodo	to dʒodo	V	roer							13/04/2026	
4652	togi	togi	POSP	ao encontro, diante, em frente							13/04/2026	
4653	togiwu	togiwu	LEX	aquele que vem ao encontro, o anterior							13/04/2026	
4654	togogo	togogo	LEX	girino							13/04/2026	
4655	togwagigido	togwagigidːʌ	LEX	rir, sorrir							13/04/2026	
4656	togware	togwaɾe	LEX	mutuca							13/04/2026	
4657	toi (vrt. otai)	toi	LEX	pipio, angústia							13/04/2026	
4658	toido (vrt. de otaido)	toido	LEX	fazer pipiar							13/04/2026	
4659	toinowu	toinowu	LEX	companheiro, amigo							13/04/2026	
4660	toirewu	toiˈɾew	S	aquele que pipia							13/04/2026	
4661	tomeado	tomeadːʌ	LEX	gratificar							13/04/2026	
4662	tomugu	tomugu	LEX	borrachudo							13/04/2026	
4663	tonado	tonadːʌ	LEX	afastar, arredar							13/04/2026	
4664	toreado	toɾeadːʌ	LEX	envolver-se							13/04/2026	
4665	torekari	toɾekaɾi	LEX	montanha							13/04/2026	
4666	tori gigudu	toɾi gigudːɯ	LEX	pedra miúda, pó de pedra							13/04/2026	
4667	tori ikuieje	toɾi ikuiedʒːe	LEX	diamante (pedra estrela)							13/04/2026	
4668	tori kuieje	toɾi kuiedʒːe	LEX	diamante, esmeralda							13/04/2026	
4669	tori ra	toɾi ɾa	LEX	tíbia							13/04/2026	
4670	toridobo	toɾidobo	LEX	panelões de rocha							13/04/2026	
4671	toriga aroro	toɾiga aɾoɾo	LEX	pedra canga							13/04/2026	
4672	toriga ja	toɾiga dʒa	LEX	bainha							13/04/2026	
4673	torigodu	toɾiˈgodːɯ	LEX	qualidade do que é baixo e							13/04/2026	
4674	torigodurewu	toɾigoduˈɾew	S	o baixo e grosso, o pesado							13/04/2026	
4675	toriguru	toɾiguɾu	LEX	pedregulho roliço, cascalho							13/04/2026	
4676	torikodu	toɾikodːɯ	LEX	região posterior da perna							13/04/2026	true
4677	torikudu	toɾikudːɯ	LEX	espigõo							13/04/2026	
4678	torimeri	toɾimeɾi	LEX	pedra de afiar							13/04/2026	
4679	toriwudu	toɾiwudːɯ	LEX	rim; pedra de quebrar coco							13/04/2026	true
4680	toro	toɾo	ADV	lá, para lá							13/04/2026	
4681	toro	toɾo	LEX	tanga de broto de babaçu							13/04/2026	
4682	tororewu	toɾoˈɾew	S	aquele que cinge uma tanga de broto de babaçu; o que é branco, o que é alvo							13/04/2026	
4683	toru	toɾu	LEX	bolo assado embaixo da cinza							13/04/2026	
4684	toru	toɾu	LEX	grandeza, firmeza, morro; ser fechado							13/04/2026	
4685	torudo	toɾudːʌ	LEX	assar na cinza; engrossar, condensar							13/04/2026	
4686	torugiri	toɾuˈgiɾi	LEX	grandeza pronunciada							13/04/2026	
4687	torugirido	toɾugiɾidːʌ	VC	fazer muito grande							13/04/2026	
4688	torupo	toɾupo	LEX	fazer grande							13/04/2026	
4689	torupodo	toɾupodːʌ	LEX	engrandecer							13/04/2026	
4690	torupogodu	tɔɾupɔgɔdu	PPASS	crescido, aumentado							13/04/2026	
4691	torureboe	toɾuɾeboe	LEX	bolo de farinha; mata fechada, mata virgem							13/04/2026	
4692	towarudo	towaɾudːʌ	LEX	esquentar-se							13/04/2026	
4693	towujedu	towudʒedːɯ	LEX	fabricação, criação							13/04/2026	
4694	towujedurewu	towudʒeduˈɾew	PPASS	o fabricado, o criado							13/04/2026	
4695	tu je	tudʒːe	ADV	somente							13/04/2026	
4696	tubegago	tubegago	LEX	caçula							13/04/2026	
4697	tubewudo	tubewudːʌ	LEX	esforçar-se							13/04/2026	
4698	tubore	tuboɾe	LEX	lambari		Gênero Astyanax	https://pt.wikipedia.org/wiki/Lambari	https://upload.wikimedia.org/wikipedia/commons/thumb/4/4c/Astyanax_mexicanus.JPG/960px-Astyanax_mexicanus.JPG			13/04/2026	
4699	tubore tubore	tuboɾe tuboɾe	LEX	nome de uma brincadeira infantil, similar ao jogo de esconde-esconde							13/04/2026	
4700	tubowuje	tubowudʒːe	LEX	rachar-se, estourar							13/04/2026	
4701	tudoda	tudoda	POSP	dentro de si (cf toda    POSP							13/04/2026	
4702	tudu	tudːɯ	LEX	enganchar, atolar; trocar: tudure (ele atolou							13/04/2026	
4703	tudu	tudːɯ	LEX	fruta, novidade, qualidade do que é novo							13/04/2026	
4704	tudu (pl. tudue ou tudoe)	tɯˈdːɯdːɯ	LEX	variedade de coruja: caburé							13/04/2026	
4705	tududo	tudːɯdːʌ	VC	fazer enganchar, fazer atolar, trocar, renovar							13/04/2026	
4706	tududodurewu	tududːodːɯˈɾew	PPASS	aquilo que foi feito enganchar, que foi feito atolar, que foi trocado							13/04/2026	
4707	tudugu	tudugu	LEX	meter-se, colocar-se (cf tugu VT							13/04/2026	
4708	tudureboe	tuduɾeboe	S	fruta, coisa nova							13/04/2026	
4709	tudurewu	tuduˈɾew	S	aquilo que enganchou, que atolou, que trocou							13/04/2026	
4710	tugado	tugadːʌ	V	quebrar-se, estourar							13/04/2026	
4711	Tugarege (pl. de tugaregedu)	Tugaɾege	LEX	ver tugaregedu							13/04/2026	
4712	Tugaregedu	Tugaɾegedːɯ	LEX	homem da metade exogâmica do lado sul da aldeia bororo							13/04/2026	
4713	tugera redo	tugeɾa ɾedo	VC	fazer depressa							13/04/2026	
4714	tugerado	tugeɾadːʌ	VC	fazer sinal com a mão							13/04/2026	
4715	tugeragu	tugeɾagu	LEX	3a pessoa de eragu	emode tugeragu = eles vão te pegar						13/04/2026	
4716	tugeragu cai je	tugeɾagu tʃai dʒːe	LEX	(pegar logo) charada							13/04/2026	
4717	tugerapagado	tugeɾapagadːʌ	VC	tocar, apalpar							13/04/2026	
4718	tugerurewu i	tugeɾuɾew i	LEX	mandioqueira							13/04/2026	
4719	tugiga kiwu	tugiga kiwu	LEX	ceti (estrela da constelação Cetus)			https://pt.wikipedia.org/wiki/Cetus	https://upload.wikimedia.org/wikipedia/commons/thumb/0/04/Cetus_constellation_map.svg/500px-Cetus_constellation_map.svg.png			13/04/2026	
4720	tugo boeigare (tugobaigare pl. tugobaigarege)	tugo boeigaɾe	LEX	guerreiro, valente							13/04/2026	
4721	tugo uporu	tugo upoɾu	LEX	parte convexa das pontas das flechas de tipo butuie							13/04/2026	
4722	tugobo	tugobo	LEX	cesta para guardar pena							13/04/2026	
4723	tugodaga	tugodaga	LEX	asas da uma flecha							13/04/2026	
4724	tugodu	tuˈgodːɯ	LEX	estar por ir							13/04/2026	
4725	tugogo	tugógó	LEX	buritirana		Mauritiella aculeata	https://de.wikipedia.org/wiki/Mauritiella_aculeata	https://upload.wikimedia.org/wikipedia/commons/thumb/1/17/Mauritiella_aculeata%2C_Fata_Morgana_Greenhouse.jpg/960px-Mauritiella_aculeata%2C_Fata_Morgana_Greenhouse.jpg			13/04/2026	
4726	tugorewu	tugoˈɾew	LEX	sapé (planta gramínea). Também tugu epa							13/04/2026	
4727	tugu	tugu	LEX	nuvem, sombra, suspeita, julgamento; julgar, pensar, suspeitar							13/04/2026	true
4728	tugu epa	tugu epa	S	sapé (planta gramínea). Também tugorewu							13/04/2026	
4729	tugudo	tugudːʌ	VC	fazer sombra, sombrear, fazer suspeitar, fazer desconfiar							13/04/2026	
4730	tugudu	tugudːɯ	PPASS	colocado, introduzido, plantado, cozinhado, enterrado							13/04/2026	
4731	tugudureboe	tugudːɯɾeboe	LEX	alimentos fervidos na água							13/04/2026	
4732	tugudurewu	tugudːɯˈɾew	PPASS	que foi colocado, que foi plantado, que foi cozinhado, que foi enterrado							13/04/2026	
4733	tugugo	tugugo	VC	fazer sombra, fazer desconfiar, fazer suspeitar							13/04/2026	
4734	tugugodurewu	tugugoduˈɾew	S	aquele que começa a suspeitar, a julgar, a desconfiar							13/04/2026	
4735	tugugu	tugugu	LEX	estar pronto							13/04/2026	
4736	tugugudo	tugugudːʌ	VC	fazer aprontar, aprontar-se							13/04/2026	
4737	tuguje	tugudʒːe	LEX	cansanção, urtiga							13/04/2026	
4738	tugujiado	tugudʒiˈadːʌ	LEX	agachar-se, esconder-se atrás de algo							13/04/2026	
4739	tuguwo	tuˈguwo	LEX	aparecer, manifestar-se							13/04/2026	
4740	tuiaedo	tuiaˈedːʌ	LEX	afastar-se							13/04/2026	
4741	tuiakí	tuiaˈki	ADV	por brincadeira por engano Ver: iakí	ure tuiakí tuiogi 0 ele se faz fingido ele faz de conta.						13/04/2026	
4742	tuie	tuie	LEX	designação de parentesco: irmã mais velha, tia (paterna ou materna)							13/04/2026	
4743	tuie pega	tuie pega	LEX	designação de parentesco; tratamento de respeito dado às anciãs							13/04/2026	
4744	tuie ta	tuie ta	LEX	ficar alegre							13/04/2026	
4745	tuiebirigido	tuiebiɾiˈgidːʌ	LEX	piscar o olho							13/04/2026	
4746	tuiedu tugudo	tuiedu tugudo	LEX	ficar calmo							13/04/2026	
4747	tuiekurido	tuiekuɾidːʌ	LEX	gostar, ficar contente, ficar alegre, ficar satisfeito, achar bom							13/04/2026	
4748	tuiemaedo	tuiemaedːʌ	LEX	alargar a vista, estender a vista							13/04/2026	
4749	tuierogu	tuieˈɾogu	LEX	designação de vários graus de parentesco; nome de respeito e carinho dado a senhoras muito anciãs							13/04/2026	
4750	tuiodo	tuiodːʌ	LEX	encostar, apoiar, apoiar-ser							13/04/2026	
4751	tumearudu awadudo	tumeaɾudu awadːodːɯ	V	ficar esperto, ficar atento							13/04/2026	
4752	tupegago	tupegago	LEX	caçula, último irmão							13/04/2026	
4753	turu	tuɾu	LEX	carranca							13/04/2026	
4754	turupodu	tuɾupodːɯ	PPASS	engrandecido							13/04/2026	
4755	tururu	tuɾuɾu	LEX	curianga de campo							13/04/2026	
4756	tuwia puredudo	tuwia puɾedːodːɯ	LEX	dar ouvido, escutar							13/04/2026	
4757	tuwuredo	tuwuɾedːʌ	LEX	parar							13/04/2026	
4758	uce	tʃe	LEX	mãe							13/04/2026	
4759	uiagudurewu	uiagudːɯˈɾew	S	o bondoso, o misericordioso							13/04/2026	
4760	uiairurewu	uiaiɾuˈɾew	S	guloso							13/04/2026	
4761	uiarewu	uiaˈɾew	LEX	curvo							13/04/2026	
4762	uiaro	uiaɾo	LEX	súdito							13/04/2026	
4763	uiaru	uiaɾu	LEX	ariticum rasteiro							13/04/2026	
4764	uina	uinːa	S	japu macho, ou xexéu				https://upload.wikimedia.org/wikipedia/commons/thumb/3/3d/Yellow-rumped_Cacique_-_Pantanal_-_Brazil_H8O2199_%2823593614830%29.jpg/500px-Yellow-rumped_Cacique_-_Pantanal_-_Brazil_H8O2199_%2823593614830%29.jpg			13/04/2026	
4765	unori	unoɾi	LEX	variedade de peixe							13/04/2026	
4766	unui	unui	LEX	jaó		Crypturellus undulatus	https://pt.wikipedia.org/wiki/Jaó	https://upload.wikimedia.org/wikipedia/commons/c/cf/Crypturellus_undulatus.JPG	Ver: kuo.		13/04/2026	
4767	upe	upe	LEX	tartaruga aquática; nome de uma constelação (algumas das suas estrelas pertencem à constelação de Escorpião); a que forma o pé direito da tartaruga é Antares							13/04/2026	
4768	uperigodu	upeɾiˈgodːɯ	LEX	soltar raízes							13/04/2026	
4769	upo	upo	LEX	popa, fundo, feixe, união, emenda, embrulho Vrt opo							13/04/2026	
4770	upo tori	upo toɾi	LEX	cauda da galinha, algo parecido com espanador							13/04/2026	
4771	upodo	upodːʌ	LEX	emendar							13/04/2026	
4772	ureurewu	uɾeuˈɾew	S	semelhante							13/04/2026	
4773	uro	uɾo	LEX	piçarra vermelha							13/04/2026	
4774	uru ba	uɾu ba	LEX	lugar onde se faz fogo							13/04/2026	
4775	urubaru	uɾuˈbaɾu	S	linha do horizonte, beirada, margem Cedaregodure ebo urubaruto 'chegamos com eles à beira do rio'							13/04/2026	
4776	uruberi	uɾuˈbeɾi	LEX	centelha, faísca							13/04/2026	
4777	uruberirewu	uɾubeɾiˈɾew	S	faiscante, valente							13/04/2026	
4778	uruda	uˈɾudːa	LEX	lugar de assar algo							13/04/2026	
4779	urudo	uˈɾudːʌ	LEX	aquecer, esquentar							13/04/2026	
4780	urudoda	uɾuˈdodːa	LEX	lugar de esquentar algo							13/04/2026	
4781	urudodu	uɾuˈdːodːɯ	PPASS	aquecido, esquentado							13/04/2026	
4782	urugadu	uɾuˈgadːɯ	INTJ	basta! chega!							13/04/2026	
4783	urugu	uˈɾugu	LEX	luz, beleza, brilho							13/04/2026	
4784	urugudo	uɾuˈgudːʌ	LEX	iluminar, avivar o fogo							13/04/2026	
4785	urugudodurewu	uɾugudːodːɯˈɾew	PPASS	aquilo que foi iluminado							13/04/2026	
4786	urugureboe	uɾuguˈɾeboe	LEX	esplendor							13/04/2026	
4787	urugurewu	uɾuguˈɾew	S	iluminado, aceso, vermelho, resplandecente							13/04/2026	
4788	ururewu	uɾuˈɾew	S	quente, o assado							13/04/2026	
4789	uta	ˈutːa	LEX	cabeceira de um córrego							13/04/2026	
4790	utabora	utaˈboɾa	LEX	cadeiras, bacia ilíaca Ver bora;							13/04/2026	
4791	utori	uˈtoɾi	LEX	perna, barriga da perna							13/04/2026	
4792	utugodurewu	utugodːuˈɾew	S	o que está por ir embora							13/04/2026	
4793	uturewu	utuˈɾew	S	o que foi embora, o que partiu							13/04/2026	
4794	uu	uː	PRCL	sim							13/04/2026	
4795	uwadodurewu	uwaˈdːodːɯˈɾew	S	o que proclama, o que faz discurso							13/04/2026	
4796	uwaigodurewu	uwaigoduˈɾew	S	o que cava, o que faz buraco							13/04/2026	
4797	uwaragararewu	uwaɾagaɾaˈɾew	S	cobra cipó		Chironius	https://pt.wikipedia.org/wiki/Chironius	https://upload.wikimedia.org/wikipedia/commons/thumb/5/51/Chironius_scurrulus_%28Yasuni%29.jpg/960px-Chironius_scurrulus_%28Yasuni%29.jpg			13/04/2026	
4798	uwarinogo	uwaɾiˈnogo	LEX	gavião tesoura							13/04/2026	
4799	uwarudurewu	uwaɾuduˈɾew	S	o que foi embora, o que mudou							13/04/2026	
4800	wadodu	waˈdːodːɯ	LEX	discurso, proclamação, anúncio; proclamar, fazer discurso, anunciar							13/04/2026	
4801	wageru aia poro	wageɾu aia poɾo	LEX	abertura do canal da uretra							13/04/2026	
4802	wageru aia poro gajejewu	wageɾu aia poɾo gadʒedʒewu	LEX	prepúcio							13/04/2026	
4803	wajiku	wadʒiku	LEX	coronária							13/04/2026	
4804	ware (vrt. de are iare wore)	ˈwaɾe	LEX	possuidor							13/04/2026	
4805	wigiwigi	wigiˈwigi	S	ruído do vôo das aves							13/04/2026	
4806	wiredo	wiˈɾedːʌ	VC	casar, tomar esposa							13/04/2026	
4807	wobe	ˈwobe	LEX	parentela, família, povo							13/04/2026	
4808	woe	ˈwoe	ADV	aqui							13/04/2026	
4809	wogu	ˈwogu	LEX	pescar, pesca							13/04/2026	
4810	woje	wodʒːe	ADV	para lá	iture woje bakowu boe to = fui lá para o outro lado						13/04/2026	
4811	wore (vrt. de are iare ware)	ˈwoɾe	LEX	possuidor							13/04/2026	
4812	woredu	woɾedːɯ	LEX	paz, tranquilidade					Vocabulário ritual		13/04/2026	
4813	woredugodu	woɾedugodu	LEX	pacifica					Vocabulário ritual		13/04/2026	
4814	woredugodurewu	woɾedugoduɾew	LEX	o pacificador, aquele que pacifíca					Vocabulário ritual. Diz-se da paz ao finado.		13/04/2026	
4815	wororo	woˈɾoɾo	LEX	pátio, aldeia  Ver: bororo					Essa forma pertence à linguagem ritual.		13/04/2026	
4816	wuri	ˈwuɾi	LEX	irmão ou parente materno mais velho							13/04/2026	
4817	wuria	wuˈɾia	LEX	embira							13/04/2026	
4818	amo			coelho								true
4819	aria											true
4820	aru			suba, va subir								true
4821	aturigigodure			esta bem raso								true
4822	bai oiadadawu			o que fica no centro de casa								true
4823	barae eno moto	baɾae eno mɔtːɔ	S	terra do não índio, país, mundo do não indío								true
4824	bataradu			mentiroso								true
4825	boe etugu			sombra de pessoas, gente								true
4826	boe kimo			coisas imprevistos								true
4827	bokware			morreu, faleceu								true
4828	boware			tamanho largo								true
4829	dobagodu			um pouco azedo								true
4830	eimejera kurirewu			chefe maior deles								true
4831	gorido			fritar,								true
4832	iemaruwo			eu vou á procura								true
4833	ikera bararedo			eu ajudar em algo								true
4834	iniaore			eu sonhei								true
4835	itao kororogo			alisar meus cabelos							13/04/2026	true
4836	ikidoru			meu pescoço								true
4837	ito ra			lasca de um tronco, madeira, árvore								true
4838	ja adurigire			está bocejando								true
4839	jawo rekoda ji			ante ontem								true
4840	jokuru			lágrimas							13/04/2026	true
4841	joru cere			pegou fogo								true
4842	jorure			tem fogo								true
4843	jurewu	dʒuɾew	S	mandioca (forma usada pelos Bororo de Perigara)								
4844	kamaura											true
4845	kana koboreu jaogwai	kana koboreu jaogwai		lado de braço esquerdo								true
4846	keboeiri			estou com fome								true
4847	ke	ke		morcego								true
4848	kirabodu	kiɾabodːu	INTJ	que surpresa!								
4849	kore											true
4850	kujiji		S	quati/coati (forma usata pelos falantes de Perigara)								
4851	kujedo											true
4852	kuredegedo											true
4853	ma											true
4854	meaogoru											true
4855	meri boka										13/04/2026	true
4856	meri joku mugure betaiadada											true
4857	meri kodu tabo											true
4858	ocarore											true
4859	okware											true
4860	pejo		S	feijão								
4861	pobaia			remanso								true
4862	pogurudo		VC	fazer sentir vergoha, causar vergonha								
4863	buporira			chuva de pedra								true
4864	raragodure											true
4865	ruke											true
4866	tamudo											true
4867	tariga kurirewu										13/04/2026	true
4868	togo										13/04/2026	true
4869	torito ji										13/04/2026	true
4870	tuku tae	tuku tae	EXP	expressão de agradecimento	tuku tae! = obrigado!				A expressão origina-se de uma forma onomatopeia.			
4871	udo										13/04/2026	true
